<?xml version="1.0" encoding="UTF-8"?><kml xmlns="http://earth.google.com/kml/2.0">
<Document>
  <name>Track</name>
  <Style id="balloon0">
    <IconStyle>
      <scale>2</scale>
      <Icon>
      <href>http://tracker.habhub.org/img/markers/balloon-red.png</href>
      </Icon>
     <hotSpot x="0.5"  y="0" xunits="fraction" yunits="fraction"/>
     </IconStyle>
  </Style>
  <Style id="balloon1">
    <IconStyle>
      <scale>2</scale>
      <Icon>
      <href>http://tracker.habhub.org/img/markers/balloon-blue.png</href>
      </Icon>
     <hotSpot x="0.5"  y="0" xunits="fraction" yunits="fraction"/>
     </IconStyle>
  </Style>
  <Style id="balloon2">
    <IconStyle>
      <scale>2</scale>
      <Icon>
      <href>http://tracker.habhub.org/img/markers/balloon-green.png</href>
      </Icon>
     <hotSpot x="0.5"  y="0" xunits="fraction" yunits="fraction"/>
     </IconStyle>
  </Style>
  <Style id="balloon3">
    <IconStyle>
      <scale>2</scale>
      <Icon>
      <href>http://tracker.habhub.org/img/markers/balloon-yellow.png</href>
      </Icon>
     <hotSpot x="0.5"  y="0" xunits="fraction" yunits="fraction"/>
     </IconStyle>
  </Style>
  <Style id="balloon4">
    <IconStyle>
      <scale>2</scale>
      <Icon>
      <href>http://tracker.habhub.org/img/markers/balloon-purple.png</href>
      </Icon>
     <hotSpot x="0.5"  y="0" xunits="fraction" yunits="fraction"/>
     </IconStyle>
  </Style>
  <Style id="balloon5">
    <IconStyle>
      <scale>2</scale>
      <Icon>
      <href>http://tracker.habhub.org/img/markers/balloon-orange.png</href>
      </Icon>
     <hotSpot x="0.5"  y="0" xunits="fraction" yunits="fraction"/>
     </IconStyle>
  </Style>
  <Style id="balloon6">
    <IconStyle>
      <scale>2</scale>
      <Icon>
      <href>http://tracker.habhub.org/img/markers/balloon-cyan.png</href>
      </Icon>
     <hotSpot x="0.5"  y="0" xunits="fraction" yunits="fraction"/>
     </IconStyle>
  </Style>
  <Style id="car0">
    <IconStyle>
      <scale>1</scale>
      <Icon>
      <href>http://tracker.habhub.org/img/markers/car-blue.png</href>
      </Icon>
     <hotSpot x="0.5"  y="0" xunits="fraction" yunits="fraction"/>
     </IconStyle>
  </Style>
  <Style id="car1">
    <IconStyle>
      <scale>1</scale>
      <Icon>
      <href>http://tracker.habhub.org/img/markers/car-red.png</href>
      </Icon>
     <hotSpot x="0.5"  y="0" xunits="fraction" yunits="fraction"/>
     </IconStyle>
  </Style>
  <Style id="car2">
    <IconStyle>
      <scale>1</scale>
      <Icon>
      <href>http://tracker.habhub.org/img/markers/car-green.png</href>
      </Icon>
     <hotSpot x="0.5"  y="0" xunits="fraction" yunits="fraction"/>
     </IconStyle>
  </Style>
  <Style id="car3">
    <IconStyle>
      <scale>1</scale>
      <Icon>
      <href>http://tracker.habhub.org/img/markers/car-yellow.png</href>
      </Icon>
     <hotSpot x="0.5"  y="0" xunits="fraction" yunits="fraction"/>
     </IconStyle>
  </Style>
      <Folder>
        <name>4FSKTEST</name>

            <Placemark>
        <description><![CDATA[<b>Vehicle:</b> 4FSKTEST<br /><b>Time:</b> 2022-02-27 18:56:02<br /><b>Position:</b> 49.88566,8.07374<br /><b>Altitude:</b> 251 m<br /></br><b>Data</b></br><hr/><b>battery: </b>3.06<br/><b>satellites: </b>9<br/><b>temperature_internal: </b>23<br/>]]></description>
         <name>4FSKTEST</name>
        <LookAt>
          <longitude>8.07374</longitude>
          <latitude>49.88566</latitude>
          <altitude>251</altitude>
          <altitudeMode>absolute</altitudeMode>
          <range>20000</range>
          <tilt>25</tilt>
          <heading>0</heading>
        </LookAt>
        <visibility>1</visibility>
        <styleUrl>#balloon0</styleUrl>
        <Point>
          <extrude>0</extrude>
          <altitudeMode>absolute</altitudeMode>
          <coordinates>8.07374,49.88566,251</coordinates>
        </Point>
        </Placemark>
            <Placemark>
          <name>Track Segment #1</name>
          <visibility>1</visibility>
          <Style>
            <LineStyle>
              <color>ff0000ff</color>
              <width>4</width>
            </LineStyle>
            <PolyStyle>
              <color>7fffffff</color>
            </PolyStyle>
          </Style>
          <LineString>
           <extrude>1</extrude>
            <tessellate>1</tessellate>
            <altitudeMode>absolute</altitudeMode>
            <coordinates>
20.52284,54.80015,26
20.52285,54.80015,27
20.52285,54.80015,27
20.52283,54.80013,28
20.5228,54.80013,23
20.52281,54.80013,20
20.52283,54.80013,20
20.52282,54.80013,19
20.52282,54.80013,18
20.52284,54.80017,13
20.52287,54.8002,9
20.5227,54.80012,20
20.52271,54.80009,24
20.52272,54.80008,26
20.52273,54.80007,27
20.52277,54.80004,29
20.52289,54.80001,27
20.52289,54.80002,27
20.52301,54.80001,25
20.52314,54.79997,23
20.52334,54.79993,20
20.52351,54.7999,20
20.52361,54.79995,24
20.52374,54.80001,23
20.5238,54.80006,21
20.52387,54.80016,22
20.52391,54.8002,22
20.52391,54.80021,22
20.52391,54.80022,22
20.52395,54.80029,23
20.52399,54.80037,20
20.52406,54.80048,17
20.52409,54.80054,17
20.52415,54.80068,20
20.52441,54.80113,14
20.52473,54.80113,17
20.52499,54.80106,15
20.5257,54.80094,16
20.52627,54.80084,19
20.52716,54.80072,21
20.52775,54.80067,22
20.52856,54.80058,23
20.52893,54.80056,27
20.52922,54.80053,23
20.52933,54.80053,23
20.52981,54.80049,23
20.53024,54.80045,23
20.53089,54.8004,24
20.5313,54.80029,23
20.5318,54.79997,22
20.53211,54.79974,20
20.53269,54.79932,19
20.53317,54.79904,19
20.53383,54.79866,21
20.53421,54.79845,21
20.5346,54.79822,21
20.53458,54.79803,22
20.53444,54.79775,23
20.53429,54.7972,24
20.53428,54.79677,24
20.53429,54.79612,25
20.53429,54.7957,25
20.53425,54.7953,24
20.53353,54.79528,25
20.5333,54.79529,24
20.5331,54.79528,25
20.53284,54.79528,25
20.53234,54.79527,25
20.532,54.79527,26
20.53168,54.79527,26
20.53155,54.79526,26
20.53134,54.79528,26
20.53131,54.79538,25
20.53131,54.79556,22
20.53126,54.79565,22
20.53108,54.79571,27
20.53092,54.79571,28
20.53074,54.79571,28
20.53066,54.79572,29
20.53055,54.79571,30
20.53047,54.79572,29
20.53031,54.79567,31
20.53023,54.79564,31
20.53009,54.79565,33
20.53,54.79565,33
20.52978,54.79565,35
20.52964,54.79559,32
20.52945,54.79552,29
20.52928,54.79551,29
20.52914,54.79551,27
20.52899,54.79551,26
20.52881,54.79552,25
20.52869,54.79553,25
20.52854,54.79555,24
20.52845,54.79555,24
20.52834,54.79551,25
20.52834,54.79549,26
20.52834,54.79548,26
20.52834,54.79549,26
20.52833,54.79549,27
20.52833,54.79549,27
20.52833,54.79549,27
20.52834,54.79549,27
20.52834,54.79549,28
20.52835,54.79549,28
20.52834,54.79548,29
20.52834,54.79548,29
20.52834,54.79548,28
20.52834,54.79548,27
20.52835,54.79548,27
20.52835,54.79548,27
20.52836,54.79548,28
20.52836,54.79548,28
20.52835,54.79547,28
20.52835,54.79547,28
20.52835,54.79547,27
20.52835,54.79547,27
20.52836,54.79548,26
20.52835,54.79548,25
20.52835,54.79548,25
20.52834,54.79548,25
20.52834,54.79548,24
20.52834,54.79548,25
20.52834,54.79548,25
20.52833,54.79548,27
20.52833,54.79548,27
20.52833,54.79548,28
20.52833,54.79548,29
20.52833,54.79548,29
20.52833,54.79548,30
20.52833,54.79548,30
20.52833,54.79547,30
20.52834,54.79547,30
20.52834,54.79546,30
20.52835,54.79546,30
20.52835,54.79547,31
20.52835,54.79547,30
20.52835,54.79548,30
20.52835,54.79548,29
20.52835,54.79548,28
20.52835,54.79549,28
20.52835,54.79549,29
20.52834,54.79549,29
20.52834,54.79549,29
20.52834,54.79549,29
20.52834,54.79549,29
20.52834,54.79549,30
20.52834,54.79549,30
20.52834,54.79549,30
20.52834,54.79549,30
20.52834,54.79549,30
20.52833,54.79548,30
20.52833,54.79548,30
20.52833,54.79548,30
20.52833,54.79548,30
20.52834,54.79548,30
20.52834,54.79548,30
20.52834,54.79548,30
20.52833,54.79548,30
20.52832,54.79548,30
20.52832,54.79547,30
20.52831,54.79547,30
20.52831,54.79547,30
20.52831,54.79547,29
20.52831,54.79547,29
20.52832,54.79547,29
20.52832,54.79547,29
20.52832,54.79547,28
20.52833,54.79548,28
20.52833,54.79548,28
20.52834,54.79547,29
20.52835,54.79547,29
20.52835,54.79546,30
20.52835,54.79546,30
20.52835,54.79546,30
20.52835,54.79546,30
20.52834,54.79547,30
20.52834,54.79548,30
20.52834,54.79548,30
20.52834,54.79549,31
20.52833,54.7955,32
20.52833,54.79551,32
20.52833,54.79551,32
20.52833,54.79551,32
20.52833,54.79551,32
20.52834,54.79551,31
20.52834,54.79551,31
20.52835,54.7955,31
20.52835,54.79549,31
20.52836,54.79549,30
20.52836,54.79549,30
20.52836,54.7955,28
20.52836,54.79549,27
20.52836,54.79549,26
20.52836,54.79549,26
20.52836,54.79548,27
20.52836,54.79548,27
20.52836,54.79548,27
20.52837,54.79549,23
20.52835,54.79552,25
20.5283,54.79555,29
20.52835,54.79558,30
20.52832,54.79554,27
20.52831,54.79553,25
20.52832,54.79553,24
20.52832,54.79553,23
20.52832,54.79553,24
20.52832,54.79554,24
20.52832,54.79554,24
20.52832,54.79553,23
20.52832,54.79553,22
20.52832,54.79553,22
20.52832,54.79554,21
20.52832,54.79554,21
20.52832,54.79554,20
20.52832,54.79554,21
20.52831,54.79555,19
20.52827,54.79553,26
20.5282,54.79551,40
20.52818,54.79551,49
20.52819,54.79551,69
20.5282,54.79552,82
20.52822,54.79552,101
20.52824,54.79552,112
20.52827,54.79552,131
20.52828,54.79551,142
20.52829,54.79551,159
20.5283,54.79551,171
20.52831,54.79551,187
20.52832,54.79551,198
20.52833,54.79551,215
20.52833,54.79551,227
20.52833,54.7955,243
20.52834,54.7955,254
20.52834,54.7955,271
20.52834,54.7955,282
20.52834,54.7955,299
20.52835,54.7955,310
20.52835,54.79549,326
20.52835,54.79549,337
20.52835,54.79549,351
20.52836,54.79549,367
20.52836,54.79549,378
20.52836,54.79549,394
20.52836,54.79549,405
20.52836,54.79549,422
20.52836,54.79549,433
20.52836,54.79549,450
20.52836,54.79549,461
20.52826,54.79567,475
20.52825,54.79567,474
20.52825,54.79567,457
20.52825,54.79567,446
20.52825,54.79567,430
20.52825,54.79566,419
20.52825,54.79566,403
20.52825,54.79566,392
20.52825,54.79566,375
20.52825,54.79566,365
20.52825,54.79566,348
20.52825,54.79566,334
20.52825,54.79566,323
20.52825,54.79566,306
20.52825,54.79566,295
20.52825,54.79565,279
20.52825,54.79565,268
20.52824,54.79565,251
20.52824,54.79565,240
20.52824,54.79565,223
20.52824,54.79565,213
20.52824,54.79565,196
20.52824,54.79565,185
20.52824,54.79565,168
20.52824,54.79565,166
20.52823,54.79565,166
20.52823,54.79565,166
20.52823,54.79565,166
20.52823,54.79565,166
20.52822,54.79565,166
20.52822,54.79565,166
20.52822,54.79565,166
20.52822,54.79565,166
20.52822,54.79565,166
20.52821,54.79565,166
20.5282,54.79564,167
20.52846,54.79568,165
20.52929,54.79577,166
20.52988,54.79573,166
20.53078,54.79558,166
20.53137,54.79546,166
20.53226,54.79529,166
20.53284,54.79518,166
20.53374,54.79501,166
20.53432,54.7949,166
20.53521,54.79473,166
20.5358,54.79461,166
20.53659,54.79434,166
20.53702,54.79409,166
20.53756,54.79364,166
20.53787,54.79333,166
20.53834,54.79286,167
20.53863,54.79255,167
20.53888,54.79222,168
20.53872,54.79168,168
20.53826,54.79154,168
20.53756,54.79157,167
20.53701,54.79173,167
20.53658,54.7919,167
20.53592,54.79218,167
20.5355,54.79235,168
20.53541,54.7924,168
20.53524,54.79247,169
20.5345,54.79274,166
20.53389,54.79298,161
20.53299,54.79339,158
20.53253,54.7937,147
20.53168,54.7942,134
20.53102,54.79447,121
20.53011,54.79481,107
20.53003,54.79484,96
20.52988,54.79489,80
20.52948,54.79504,76
20.52889,54.79528,74
20.52842,54.79548,72
20.52841,54.79547,63
20.52837,54.79552,44
20.52833,54.79551,37
20.52832,54.79551,30
20.52831,54.79549,26
20.5283,54.79549,26
20.52828,54.79551,25
20.5283,54.79551,25
20.52834,54.79549,25
20.52834,54.79549,25
20.52832,54.79551,24
20.52835,54.79551,23
20.52833,54.79549,24
20.52922,54.79552,24
20.52945,54.79555,21
20.5296,54.79558,22
20.52979,54.79564,21
20.52999,54.79564,21
20.53019,54.79566,21
20.53032,54.79568,24
20.53051,54.7957,25
20.53066,54.7957,26
20.5309,54.79571,27
20.53108,54.79572,28
20.53126,54.79567,27
20.53126,54.79548,27
20.53143,54.79525,25
20.53168,54.79525,24
20.53225,54.79526,23
20.53286,54.79527,24
20.5333,54.79527,24
20.53371,54.79527,25
20.53424,54.79524,24
20.53427,54.79499,24
20.53428,54.79427,23
20.53428,54.79364,22
20.53433,54.79264,22
20.53469,54.79197,22
20.53537,54.79129,23
20.53574,54.791,24
20.53656,54.79029,25
20.53722,54.78972,26
20.53796,54.78871,27
20.53823,54.78788,28
20.53862,54.78654,27
20.53889,54.78563,28
20.53934,54.78425,29
20.53983,54.78337,29
20.54062,54.78204,30
20.54115,54.78116,31
20.5419,54.77989,32
20.54234,54.77912,33
20.54281,54.77802,34
20.54281,54.77731,34
20.5428,54.77615,34
20.54289,54.77526,33
20.54319,54.77383,33
20.54338,54.77282,34
20.54362,54.77131,36
20.5438,54.77037,36
20.54417,54.76889,36
20.54442,54.76787,36
20.54441,54.76639,38
20.544,54.76544,40
20.54296,54.76411,44
20.54198,54.76216,45
20.54218,54.76145,44
20.54411,54.75878,36
20.54409,54.75862,27
20.54067,54.75079,33
20.53996,54.75031,31
20.53527,54.74694,25
20.53528,54.74693,24
20.53528,54.74693,23
20.53527,54.74693,22
8.07388,49.88552,239
8.07373,49.88559,242
8.07365,49.88561,239
8.0737,49.88566,250
8.07378,49.88569,261
8.07381,49.88568,261
8.07379,49.8857,260
8.07374,49.88576,262
8.0737,49.88577,261
8.07369,49.88572,251
8.07368,49.88569,244
8.0737,49.88563,236
8.07372,49.8857,244
8.07372,49.8859,275
8.07377,49.88594,278
8.07383,49.88591,260
8.07386,49.88588,250
8.07387,49.88597,250
8.07387,49.8859,285
8.07382,49.88577,296
8.07376,49.88582,277
8.07374,49.88569,263
8.07374,49.88566,260
8.07374,49.88563,259
8.07372,49.88568,260
8.07367,49.88562,250
8.07365,49.88565,251
8.07371,49.88564,252
8.07373,49.88568,256
8.07374,49.88567,253
8.07374,49.88566,251
            </coordinates>
          </LineString>
        </Placemark>
          </Folder>
          <Folder>
        <name>BSS42</name>

            <Placemark>
        <description><![CDATA[<b>Vehicle:</b> BSS42<br /><b>Time:</b> 2022-02-27 16:44:00<br /><b>Position:</b> 44.6875,9.70833<br /><b>Altitude:</b> 12680 m<br /><b>Speed:</b> 12 km/h<br /></br><b>Data</b></br><hr/><b>battery: </b>4.56<br/><b>satellites: </b>1<br/><b>gps_lock: </b>1<br/><b>temperature: </b>-20.56<br/>]]></description>
         <name>BSS42</name>
        <LookAt>
          <longitude>9.70833</longitude>
          <latitude>44.6875</latitude>
          <altitude>12680</altitude>
          <altitudeMode>absolute</altitudeMode>
          <range>20000</range>
          <tilt>25</tilt>
          <heading>0</heading>
        </LookAt>
        <visibility>1</visibility>
        <styleUrl>#balloon1</styleUrl>
        <Point>
          <extrude>0</extrude>
          <altitudeMode>absolute</altitudeMode>
          <coordinates>9.70833,44.6875,12680</coordinates>
        </Point>
        </Placemark>
            <Placemark>
          <name>Track Segment #1</name>
          <visibility>1</visibility>
          <Style>
            <LineStyle>
              <color>ffff0000</color>
              <width>4</width>
            </LineStyle>
            <PolyStyle>
              <color>7fffffff</color>
            </PolyStyle>
          </Style>
          <LineString>
           <extrude>1</extrude>
            <tessellate>1</tessellate>
            <altitudeMode>absolute</altitudeMode>
            <coordinates>
13.54167,56.22917,12540
13.54167,56.22917,12540
13.70833,56.14583,12720
13.79167,56.0625,12760
13.79167,55.9375,12780
13.875,55.85417,12800
13.875,55.72917,12800
13.95833,55.52083,12780
13.95833,55.52083,12780
13.95833,55.4375,12760
13.95833,55.27083,12740
13.95833,54.97917,12760
13.875,54.64583,12800
13.70833,54.22917,12800
13.70833,54.22917,12800
13.54167,54.10417,12840
13.20833,53.72917,12840
9.79167,48.47917,12840
9.70833,48.35417,12820
9.70833,48.3125,12820
9.70833,48.10417,12840
9.875,47.8125,12700
9.875,47.8125,12700
9.95833,47.6875,12820
10.04167,47.64583,12800
10.125,47.52083,12760
10.20833,47.4375,12780
10.20833,47.39583,12840
10.20833,47.35417,12820
10.20833,47.3125,12820
10.29167,47.27083,12780
10.29167,47.27083,12780
10.29167,47.1875,12780
10.29167,47.1875,12780
10.29167,47.10417,12780
10.29167,47.0625,12800
10.29167,47.02083,12780
10.29167,47.02083,12780
10.375,46.9375,12760
10.375,46.89583,12760
10.375,46.8125,12760
10.375,46.77083,12760
10.375,46.72917,12780
10.375,46.6875,12780
10.375,46.60417,12760
10.375,46.60417,12760
10.375,46.52083,12820
10.375,46.52083,12820
10.375,46.4375,12760
10.375,46.4375,12760
10.375,46.35417,12700
10.375,46.35417,12700
10.375,46.22917,12740
10.375,46.22917,12740
10.29167,46.10417,12620
10.29167,46.0625,12680
10.29167,45.97917,12680
10.20833,45.85417,12680
10.20833,45.8125,12680
10.125,45.6875,12700
10.125,45.6875,12700
10.125,45.6875,12700
10.04167,45.60417,12700
10.04167,45.60417,12700
10.04167,45.52083,12740
9.95833,45.39583,12760
9.95833,45.35417,12660
9.875,45.27083,12700
8.04167,45.02083,8540
9.79167,45.14583,12680
9.79167,45.14583,12680
9.79167,45.10417,12660
9.70833,44.97917,12660
9.70833,44.97917,12660
9.70833,44.89583,12660
9.70833,44.85417,12660
9.70833,44.85417,12660
9.70833,44.85417,12660
9.70833,44.77083,12680
9.70833,44.77083,12680
9.70833,44.77083,12680
9.70833,44.72917,12680
9.70833,44.72917,12680
9.70833,44.6875,12680
            </coordinates>
          </LineString>
        </Placemark>
          </Folder>
          <Folder>
        <name>DC2EH-6</name>

            <Placemark>
        <description><![CDATA[<b>Vehicle:</b> DC2EH-6<br /><b>Time:</b> 2022-02-26 16:48:57<br /><b>Position:</b> 52.323,7.70583333333<br /><b>Altitude:</b> 209.7024 m<br /><b>Speed:</b> 5.556 km/h<br />]]></description>
         <name>DC2EH-6</name>
        <LookAt>
          <longitude>7.70583333333</longitude>
          <latitude>52.323</latitude>
          <altitude>209.7024</altitude>
          <altitudeMode>absolute</altitudeMode>
          <range>20000</range>
          <tilt>25</tilt>
          <heading>239</heading>
        </LookAt>
        <visibility>1</visibility>
        <styleUrl>#balloon2</styleUrl>
        <Point>
          <extrude>0</extrude>
          <altitudeMode>absolute</altitudeMode>
          <coordinates>7.70583333333,52.323,209.7024</coordinates>
        </Point>
        </Placemark>
            <Placemark>
          <name>Track Segment #1</name>
          <visibility>1</visibility>
          <Style>
            <LineStyle>
              <color>ff00ff00</color>
              <width>4</width>
            </LineStyle>
            <PolyStyle>
              <color>7fffffff</color>
            </PolyStyle>
          </Style>
          <LineString>
           <extrude>1</extrude>
            <tessellate>1</tessellate>
            <altitudeMode>absolute</altitudeMode>
            <coordinates>
7.79733333333,52.3158333333,2033.6256
7.7835,52.311,1829.7144
7.77,52.312,1134.7704
7.76583333333,52.3111666667,559.9176
7.76316666667,52.3115,408.7368
7.76066666667,52.3106666667,109.728
7.75916666667,52.309,109.728
7.755,52.3116666667,243.84
7.752,52.3121666667,217.932
7.74366666667,52.3095,-35.9664
7.744,52.3135,315.7728
7.74033333333,52.3145,363.9312
7.73683333333,52.3153333333,558.6984
7.73133333333,52.3175,455.676
7.72716666667,52.3196666667,498.9576
7.72266666667,52.3208333333,255.7272
7.71916666667,52.3215,129.8448
7.714,52.3225,522.732
7.70883333333,52.3236666667,347.7768
7.70583333333,52.323,209.7024
            </coordinates>
          </LineString>
        </Placemark>
          </Folder>
          <Folder>
        <name>DG4NOB-13</name>

            <Placemark>
        <description><![CDATA[<b>Vehicle:</b> DG4NOB-13<br /><b>Time:</b> 2022-02-26 23:14:55<br /><b>Position:</b> 36.5245,-95.4046666667<br /><b>Altitude:</b> 11383.9752 m<br /><b>Speed:</b> 279.652 km/h<br /></br><b>Data</b></br><hr/><b>comment: </b>0.00 4.39 -29 0 12 2 2<br/>]]></description>
         <name>DG4NOB-13</name>
        <LookAt>
          <longitude>-95.4046666667</longitude>
          <latitude>36.5245</latitude>
          <altitude>11383.9752</altitude>
          <altitudeMode>absolute</altitudeMode>
          <range>20000</range>
          <tilt>25</tilt>
          <heading>68</heading>
        </LookAt>
        <visibility>1</visibility>
        <styleUrl>#balloon3</styleUrl>
        <Point>
          <extrude>0</extrude>
          <altitudeMode>absolute</altitudeMode>
          <coordinates>-95.4046666667,36.5245,11383.9752</coordinates>
        </Point>
        </Placemark>
            <Placemark>
          <name>Track Segment #1</name>
          <visibility>1</visibility>
          <Style>
            <LineStyle>
              <color>ff00ffff</color>
              <width>4</width>
            </LineStyle>
            <PolyStyle>
              <color>7fffffff</color>
            </PolyStyle>
          </Style>
          <LineString>
           <extrude>1</extrude>
            <tessellate>1</tessellate>
            <altitudeMode>absolute</altitudeMode>
            <coordinates>
-108.119666667,30.9451666667,11485.7784
-108.0815,30.9616666667,11454.9936
-108.0625,30.9698333333,11441.8872
-108.023666667,30.9866666667,11420.856
-107.966333333,31.0116666667,11421.7704
-107.9285,31.0285,11447.9832
-107.909166667,31.0371666667,11464.7472
-107.834166667,31.0708333333,11468.7096
-107.815166667,31.0793333333,11456.8224
-107.776833333,31.0966666667,11431.8288
-107.720333333,31.1215,11393.7288
-107.6825,31.138,11390.9856
-107.644166667,31.1548333333,11400.7392
-107.606666667,31.1713333333,11413.8456
-107.587833333,31.1796666667,11420.856
-107.532,31.2041666667,11448.8976
-107.457333333,31.2371666667,11493.7032
-107.402,31.2616666667,11508.9432
-107.364333333,31.2785,11472.9768
-107.327333333,31.2951666667,11436.7056
-107.252666667,31.3283333333,11433.9624
-107.2155,31.3446666667,11478.768
-107.178333333,31.361,11510.772
-107.141166667,31.3773333333,11495.8368
-107.1035,31.3941666667,11468.7096
-107.066166667,31.4105,11457.7368
-107.0475,31.4186666667,11457.7368
-107.028833333,31.427,11456.8224
-106.991333333,31.4433333333,11463.8328
-106.953166667,31.4598333333,11471.7576
-106.915666667,31.4761666667,11492.7888
-106.878333333,31.4925,11507.724
-106.840333333,31.5093333333,11510.772
-106.821833333,31.5175,11505.8952
-106.784666667,31.5341666667,11496.7512
-106.7475,31.5508333333,11498.8848
-106.729,31.5591666667,11495.8368
-106.709833333,31.5676666667,11493.7032
-106.672833333,31.5841666667,11506.8096
-106.579833333,31.626,11530.8888
-106.542833333,31.6428333333,11529.9744
-106.5245,31.6513333333,11526.9264
-106.487666667,31.6683333333,11526.9264
-106.413333333,31.7025,11554.968
-106.394666667,31.7108333333,11553.7488
-106.357333333,31.728,11526.9264
-106.32,31.7455,11487.912
-106.300666667,31.7545,11476.9392
-106.282166667,31.7633333333,11475.72
-106.226666667,31.7893333333,11505.8952
-106.208,31.798,11521.7448
-106.171,31.8153333333,11545.824
-106.133333333,31.833,11545.824
-106.077333333,31.8595,11527.8408
-106.0395,31.8771666667,11515.9536
-106.020166667,31.8863333333,11516.868
-106.001333333,31.8951666667,11516.868
-105.982666667,31.9041666667,11513.82
-105.945333333,31.9218333333,11529.9744
-105.907833333,31.9396666667,11551.92
-105.889166667,31.9483333333,11559.8448
-105.8505,31.9663333333,11554.968
-105.792333333,31.9928333333,11517.7824
-105.713666667,32.0283333333,11480.9016
-105.655333333,32.055,11511.9912
-105.636,32.0638333333,11532.7176
-105.616666667,32.0728333333,11553.7488
-105.577666667,32.0911666667,11579.9616
-105.442166667,32.1546666667,11547.9576
-105.422833333,32.1636666667,11555.8824
-105.4035,32.1726666667,11559.8448
-105.364833333,32.1906666667,11549.7864
-105.345166667,32.1996666667,11551.92
-105.325333333,32.2085,11551.92
-105.304833333,32.2176666667,11547.9576
-105.185,32.2708333333,11477.8536
-105.1655,32.2796666667,11476.9392
-105.146,32.2885,11482.7304
-105.1265,32.2971666667,11494.9224
-105.087833333,32.3146666667,11518.6968
-105.048333333,32.3325,11531.8032
-104.99,32.359,11539.728
-104.970666667,32.3678333333,11546.7384
-104.9515,32.3766666667,11555.8824
-104.932166667,32.3856666667,11566.8552
-104.912333333,32.3948333333,11575.9992
-104.893,32.4038333333,11577.828
-104.873833333,32.4128333333,11575.9992
-104.8355,32.431,11556.7968
-104.816166667,32.4401666667,11548.872
-104.797,32.4491666667,11548.872
-104.777166667,32.4585,11557.7112
-104.758166667,32.4676666667,11573.8656
-104.739,32.4766666667,11585.7528
-104.719833333,32.4855,11593.9824
-104.700666667,32.4945,11593.9824
-104.681333333,32.5035,11586.972
-104.661333333,32.513,11576.9136
-104.641833333,32.5221666667,11565.9408
-104.622333333,32.5315,11555.8824
-104.602666667,32.5408333333,11549.7864
-104.583166667,32.5503333333,11550.7008
-104.544,32.5691666667,11560.7592
-104.523833333,32.5788333333,11562.8928
-104.504333333,32.5883333333,11564.7216
-104.484666667,32.5976666667,11564.7216
-104.465166667,32.6071666667,11562.8928
-104.425833333,32.626,11548.872
-104.406166667,32.6355,11545.824
-104.385666667,32.6453333333,11550.7008
-104.365833333,32.6548333333,11565.9408
-104.346,32.6645,11581.7904
-104.326166667,32.674,11590.9344
-104.306166667,32.6835,11593.9824
-104.286333333,32.693,11589.7152
-104.266333333,32.7025,11579.9616
-104.2455,32.7121666667,11560.7592
-104.225333333,32.7216666667,11544.9096
-104.205,32.7311666667,11536.9848
-104.184666667,32.7406666667,11535.7656
-104.1645,32.7501666667,11538.8136
-104.144166667,32.7598333333,11548.872
-104.123833333,32.7693333333,11569.9032
-104.102833333,32.7793333333,11594.8968
-104.082666667,32.789,11606.784
-104.062333333,32.7985,11606.784
-104.041833333,32.8081666667,11600.9928
-104.021333333,32.818,11589.7152
-104.000833333,32.8276666667,11575.9992
-103.980166667,32.8373333333,11564.7216
-103.958666667,32.8473333333,11558.9304
-103.937833333,32.857,11554.968
-103.917,32.8666666667,11552.8344
-103.896166667,32.8763333333,11547.9576
-103.875333333,32.886,11539.728
-103.8545,32.8956666667,11530.8888
-103.833833333,32.9055,11522.964
-103.8125,32.9155,11522.964
-103.791833333,32.9253333333,11531.8032
-103.771166667,32.9351666667,11543.9952
-103.7505,32.9448333333,11558.9304
-103.73,32.9546666667,11571.732
-103.709333333,32.9643333333,11575.9992
-103.688666667,32.974,11570.8176
-103.667333333,32.9841666667,11562.8928
-103.6465,32.994,11556.7968
-103.625833333,33.0038333333,11555.8824
-103.605166667,33.0136666667,11553.7488
-103.584333333,33.0235,11557.7112
-103.5635,33.0333333333,11566.8552
-103.542833333,33.0433333333,11571.732
-103.521166667,33.0535,11572.9512
-103.500333333,33.0633333333,11570.8176
-103.4795,33.0731666667,11565.9408
-103.4585,33.083,11558.9304
-103.4375,33.0928333333,11552.8344
-103.4165,33.1028333333,11551.92
-103.3955,33.1126666667,11558.9304
-103.373833333,33.123,11567.7696
-103.352833333,33.1328333333,11577.828
-103.332,33.1428333333,11582.7048
-103.311,33.1528333333,11575.9992
-103.289833333,33.1626666667,11560.7592
-103.268833333,33.1726666667,11546.7384
-103.247666667,33.1826666667,11539.728
-103.226,33.193,11540.9472
-103.205,33.203,11543.9952
-103.184,33.213,11545.824
-103.163,33.2231666667,11552.8344
-103.142,33.2331666667,11559.8448
-103.121,33.2431666667,11563.8072
-103.100166667,33.2533333333,11561.9784
-103.0785,33.2636666667,11550.7008
-103.0575,33.2738333333,11541.8616
-103.036666667,33.284,11531.8032
-103.015666667,33.294,11519.916
-102.994666667,33.3041666667,11516.868
-102.973666667,33.3143333333,11514.7344
-102.952833333,33.3243333333,11518.6968
-102.9315,33.3346666667,11529.9744
-102.910666667,33.3446666667,11538.8136
-102.89,33.3546666667,11544.9096
-102.869333333,33.3646666667,11544.9096
-102.848666667,33.3745,11536.9848
-102.828,33.3845,11528.7552
-102.807333333,33.3943333333,11517.7824
-102.786,33.4045,11508.9432
-102.7655,33.4145,11497.9704
-102.745166667,33.4246666667,11493.7032
-102.724833333,33.4346666667,11491.8744
-102.704666667,33.4445,11491.8744
-102.6845,33.4543333333,11487.912
-102.664166667,33.4641666667,11474.8056
-102.643333333,33.4741666667,11463.8328
-102.623333333,33.484,11456.8224
-102.603166667,33.4936666667,11451.9456
-102.583166667,33.5035,11453.7744
-102.563333333,33.5131666667,11458.956
-102.543333333,33.523,11466.8808
-102.523333333,33.5328333333,11471.7576
-102.503333333,33.5426666667,11483.9496
-102.4825,33.5528333333,11503.7616
-102.462333333,33.5626666667,11519.916
-101.1495,34.1691666667,11380.9272
-101.1285,34.1788333333,11381.8416
-101.1075,34.1883333333,11378.7936
-101.043833333,34.2175,11366.9064
-101.022833333,34.2271666667,11362.944
-101.001666667,34.2368333333,11357.7624
-100.9805,34.2465,11351.9712
-100.959333333,34.2561666667,11349.8376
-100.9375,34.266,11343.7416
-100.916333333,34.2756666667,11335.8168
-100.895166667,34.2853333333,11335.8168
-100.874166667,34.295,11343.7416
-100.853,34.3045,11348.9232
-100.831833333,34.3141666667,11350.752
-100.810666667,34.3238333333,11349.8376
-100.788833333,34.334,11350.752
-100.767833333,34.3438333333,11357.7624
-100.746833333,34.3536666667,11362.944
-100.704833333,34.3735,11372.6976
-100.662666667,34.3931666667,11367.8208
-100.640666667,34.4035,11370.8688
-100.6195,34.4133333333,11372.6976
-100.598333333,34.4233333333,11368.7352
-100.577166667,34.4333333333,11369.9544
-100.556,34.4433333333,11360.8104
-100.513833333,34.4631666667,11356.848
-100.492166667,34.4735,11359.896
-100.471,34.4835,11364.7728
-100.449833333,34.4935,11367.8208
-100.428833333,34.5035,11363.8584
-100.407666667,34.5135,11355.9336
-100.386666667,34.5235,11343.7416
-100.365666667,34.5336666667,11334.9024
-100.343833333,34.5441666667,11323.9296
-100.322666667,34.5543333333,11324.844
-100.3015,34.5645,11336.7312
-100.280333333,34.5746666667,11349.8376
-100.259333333,34.5848333333,11362.944
-100.238166667,34.595,11372.6976
-100.217,34.6053333333,11373.9168
-100.195333333,34.6158333333,11363.8584
-100.174166667,34.6261666667,11345.8752
-100.153166667,34.6365,11327.892
-100.132166667,34.6468333333,11308.9944
-100.111166667,34.657,11297.7168
-100.09,34.6671666667,11293.7544
-100.068333333,34.6776666667,11300.7648
-100.047333333,34.6878333333,11310.8232
-100.026166667,34.698,11322.7104
-100.005,34.7081666667,11332.7688
-99.9836666667,34.7183333333,11334.9024
-99.9623333333,34.7283333333,11336.7312
-99.9403333333,34.7388333333,11340.9984
-99.9188333333,34.7488333333,11342.8272
-99.8973333333,34.7588333333,11347.704
-99.8758333333,34.7688333333,11353.8
-99.8541666667,34.7788333333,11355.9336
-99.8326666667,34.7888333333,11347.704
-99.8111666667,34.7988333333,11348.9232
-99.7888333333,34.809,11351.9712
-99.7671666667,34.819,11352.8856
-99.7455,34.8288333333,11351.9712
-99.7238333333,34.8388333333,11348.9232
-99.7021666667,34.8488333333,11347.704
-99.6805,34.8588333333,11344.9608
-99.6588333333,34.8688333333,11345.8752
-99.6365,34.8791666667,11348.9232
-99.6148333333,34.8891666667,11351.9712
-99.5931666667,34.8991666667,11348.9232
-99.5713333333,34.9091666667,11343.7416
-99.5496666667,34.9191666667,11337.9504
-99.528,34.9291666667,11330.94
-99.5055,34.9395,11324.844
-99.4836666667,34.9493333333,11318.748
-99.4618333333,34.9593333333,11317.8336
-99.44,34.9693333333,11316.9192
-99.4181666667,34.9791666667,11321.796
-99.3961666667,34.989,11326.9776
-99.3743333333,34.9988333333,11330.94
-99.3516666667,35.009,11335.8168
-99.3296666667,35.0188333333,11340.9984
-99.3076666667,35.0286666667,11338.8648
-99.2856666667,35.0385,11331.8544
-99.2636666667,35.0483333333,11323.9296
-99.2416666667,35.0581666667,11317.8336
-99.219,35.0681666667,11311.7376
-99.1968333333,35.0776666667,11306.8608
-99.1748333333,35.0873333333,11301.984
-99.1526666667,35.0968333333,11302.8984
-99.1306666667,35.1063333333,11303.8128
-99.0856666667,35.1255,11315.7
-99.0635,35.135,11316.9192
-99.0415,35.1443333333,11317.8336
-99.0193333333,35.1538333333,11316.9192
-98.9971666667,35.1631666667,11319.9672
-98.975,35.1725,11319.9672
-98.9521666667,35.182,11323.9296
-98.93,35.1913333333,11333.988
-98.9078333333,35.2005,11343.7416
-98.8856666667,35.2098333333,11352.8856
-98.8635,35.219,11359.896
-98.8413333333,35.2283333333,11361.7248
-98.819,35.2375,11361.7248
-98.796,35.2471666667,11364.7728
-98.7736666667,35.2566666667,11368.7352
-98.7513333333,35.266,11368.7352
-98.729,35.2755,11363.8584
-98.7066666667,35.2851666667,11356.848
-98.6843333333,35.2946666667,11347.704
-98.6611666667,35.3046666667,11339.7792
-98.6388333333,35.3143333333,11335.8168
-98.6163333333,35.3238333333,11331.8544
-98.594,35.3335,11328.8064
-98.5715,35.343,11331.8544
-98.549,35.3523333333,11337.9504
-98.5256666667,35.362,11343.7416
-98.503,35.3713333333,11350.752
-98.4803333333,35.3806666667,11355.9336
-98.4576666667,35.39,11360.8104
-98.435,35.3993333333,11359.896
-98.4123333333,35.4085,11357.7624
-98.389,35.4181666667,11356.848
-98.3663333333,35.4275,11353.8
-98.3436666667,35.437,11353.8
-98.321,35.4463333333,11354.7144
-98.2983333333,35.4556666667,11354.7144
-98.2756666667,35.4651666667,11353.8
-98.2528333333,35.4746666667,11352.8856
-98.2293333333,35.4845,11349.8376
-98.2065,35.4938333333,11345.8752
-98.1836666667,35.5033333333,11340.9984
-98.1608333333,35.5128333333,11337.9504
-98.138,35.5223333333,11339.7792
-98.115,35.5316666667,11339.7792
-98.0921666667,35.5411666667,11343.7416
-98.0686666667,35.5508333333,11347.704
-98.0458333333,35.5601666667,11353.8
-98.0231666667,35.5695,11357.7624
-98.0003333333,35.5786666667,11358.9816
-97.9773333333,35.588,11360.8104
-97.9543333333,35.5973333333,11357.7624
-97.9313333333,35.6065,11355.9336
-97.9075,35.6161666667,11356.848
-97.8843333333,35.6255,11356.848
-97.861,35.6346666667,11355.9336
-97.8378333333,35.6438333333,11353.8
-97.8146666667,35.653,11352.8856
-97.7915,35.662,11355.9336
-97.7683333333,35.671,11357.7624
-97.7445,35.6803333333,11360.8104
-97.7211666667,35.6893333333,11361.7248
-97.698,35.6981666667,11360.8104
-97.6748333333,35.707,11356.848
-97.6515,35.7158333333,11353.8
-97.6281666667,35.7248333333,11354.7144
-97.6048333333,35.7335,11359.896
-97.5806666667,35.7425,11358.9816
-97.5571666667,35.7511666667,11355.9336
-97.5336666667,35.7598333333,11354.7144
-97.51,35.7685,11356.848
-97.4865,35.7771666667,11360.8104
-97.463,35.786,11360.8104
-95.5963333333,36.4618333333,11332.7688
-95.5923333333,36.4631666667,11328.8064
-95.5173333333,36.488,11342.8272
-95.4916666667,36.4966666667,11356.848
-95.4748333333,36.502,11368.7352
-95.4046666667,36.5245,11383.9752
-95.4046666667,36.5245,11383.9752
            </coordinates>
          </LineString>
        </Placemark>
          </Folder>
          <Folder>
        <name>DH3SUP-4FSK</name>

            <Placemark>
        <description><![CDATA[<b>Vehicle:</b> DH3SUP-4FSK<br /><b>Time:</b> 2022-02-27 16:24:38<br /><b>Position:</b> 45.33005,0.28942<br /><b>Altitude:</b> 1230 m<br /></br><b>Data</b></br><hr/><b>batterie: </b>2.96<br/><b>geschwindigkeit: </b>19<br/><b>satelliten: </b>208<br/><b>sender_temperatur: </b>29<br/>]]></description>
         <name>DH3SUP-4FSK</name>
        <LookAt>
          <longitude>0.28942</longitude>
          <latitude>45.33005</latitude>
          <altitude>1230</altitude>
          <altitudeMode>absolute</altitudeMode>
          <range>20000</range>
          <tilt>25</tilt>
          <heading>0</heading>
        </LookAt>
        <visibility>1</visibility>
        <styleUrl>#balloon4</styleUrl>
        <Point>
          <extrude>0</extrude>
          <altitudeMode>absolute</altitudeMode>
          <coordinates>0.28942,45.33005,1230</coordinates>
        </Point>
        </Placemark>
            <Placemark>
          <name>Track Segment #1</name>
          <visibility>1</visibility>
          <Style>
            <LineStyle>
              <color>ffe600c7</color>
              <width>4</width>
            </LineStyle>
            <PolyStyle>
              <color>7fffffff</color>
            </PolyStyle>
          </Style>
          <LineString>
           <extrude>1</extrude>
            <tessellate>1</tessellate>
            <altitudeMode>absolute</altitudeMode>
            <coordinates>
11.76333,53.53614,58
11.76326,53.5361,46
11.76333,53.53605,38
11.76337,53.53598,53
11.76331,53.53598,49
11.7633,53.53605,51
11.76333,53.53623,68
11.76357,53.53613,52
11.75995,53.53759,54
11.75774,53.54083,48
11.75688,53.54222,50
11.75695,53.54221,58
11.75634,53.54015,109
11.75484,53.53794,154
11.75299,53.53596,183
11.74819,53.53148,266
11.74556,53.52908,284
11.74288,53.52681,320
11.73997,53.52461,326
11.73702,53.52251,333
11.7343,53.52059,339
11.73129,53.51866,355
11.72836,53.51667,354
11.72548,53.5148,378
11.72247,53.51269,430
11.71954,53.51055,488
11.7169,53.50857,546
11.71453,53.50694,604
11.71189,53.50529,643
11.70904,53.50378,692
11.70606,53.50216,765
11.69914,53.49842,905
11.69548,53.49628,938
11.69171,53.49386,969
11.68816,53.49152,1009
11.68528,53.4889,1065
11.68242,53.48635,1128
11.67966,53.48344,1194
11.67699,53.4805,1238
11.67188,53.47437,1292
11.66976,53.47117,1319
11.66798,53.46588,1371
11.66756,53.46358,1397
11.66941,53.45799,1543
11.67068,53.45655,1612
11.67113,53.45282,1734
11.67066,53.45058,1782
11.67036,53.44751,1815
11.66999,53.44427,1847
11.66944,53.441,1887
11.66864,53.43766,1937
11.66739,53.43373,1997
11.66557,53.42935,2074
11.66276,53.4252,2144
11.65986,53.42088,2206
11.65627,53.41594,2266
11.65258,53.41133,2310
11.64839,53.40685,2365
11.64485,53.4024,2426
11.6427,53.3981,2490
11.6357,53.38942,2599
11.6313,53.38495,2642
11.62702,53.37986,2693
11.62238,53.37426,2761
11.61761,53.36924,2832
11.61272,53.36459,2906
11.60701,53.3601,2975
11.60029,53.35522,3023
11.59399,53.35079,3069
11.58745,53.34696,3095
11.5801,53.34217,3128
11.5721,53.33652,3171
11.56272,53.33075,3228
11.55438,53.32435,3310
11.54685,53.31781,3379
11.53915,53.31115,3448
11.53268,53.30428,3493
11.52673,53.29722,3546
11.52129,53.29017,3592
11.51615,53.28349,3651
11.51092,53.27689,3704
11.50527,53.27019,3773
11.49906,53.26328,3852
11.4924,53.25668,3923
11.48538,53.2499,3987
11.47758,53.24268,4040
11.46974,53.23534,4083
11.46258,53.22758,4129
11.45598,53.21958,4166
11.44854,53.21162,4208
11.4407,53.20335,4255
11.43235,53.1945,4319
11.42447,53.18584,4387
11.41537,53.17739,4463
11.40566,53.16941,4526
11.39498,53.16156,4585
11.3842,53.15385,4640
11.3728,53.14577,4688
11.36187,53.13743,4718
11.35089,53.12886,4750
11.33988,53.11984,4790
11.32896,53.1104,4838
11.31875,53.10093,4892
11.30849,53.09112,4948
11.29848,53.0814,5018
11.28839,53.072,5079
11.27899,53.06247,5147
11.26947,53.05252,5202
11.25963,53.04271,5255
11.24939,53.03289,5304
11.23843,53.02297,5347
11.22697,53.01371,5386
11.21417,53.00497,5431
11.19942,52.99649,5482
11.18519,52.98853,5530
11.17193,52.98047,5592
11.15961,52.97181,5664
11.148,52.96283,5745
11.13667,52.95314,5815
11.12653,52.94351,5885
11.10795,52.92411,5971
11.09883,52.91415,6008
11.08121,52.89382,6078
11.07277,52.8836,6116
11.0645,52.87325,6155
11.05632,52.86317,6203
11.04837,52.85326,6257
11.04027,52.84307,6325
11.03158,52.83295,6384
11.02268,52.82298,6438
11.01323,52.81282,6476
11.00398,52.80308,6510
10.99469,52.79366,6548
10.98534,52.78417,6591
10.97605,52.77467,6632
10.96675,52.76522,6684
10.9571,52.75567,6741
10.94729,52.74636,6805
10.93752,52.73709,6880
10.92752,52.72769,6942
10.91759,52.71852,6996
10.9073,52.70955,7042
10.89681,52.70048,7076
10.87591,52.68196,7129
10.86631,52.67286,7162
10.85737,52.66379,7198
10.84865,52.65422,7247
10.84008,52.64419,7289
10.83152,52.63378,7338
10.82317,52.62325,7384
10.8153,52.61274,7421
10.80766,52.60233,7455
10.79997,52.59167,7490
10.79225,52.58094,7522
10.78432,52.57024,7551
10.77598,52.55913,7585
10.76772,52.54844,7618
10.7592,52.53754,7649
10.75066,52.52659,7676
10.74206,52.51542,7695
10.7338,52.50424,7714
10.72536,52.49287,7717
10.71697,52.48167,7718
10.70864,52.47062,7727
10.69142,52.44776,7755
10.68319,52.43608,7775
10.6753,52.42403,7803
10.66765,52.41228,7835
10.65982,52.40034,7858
10.65211,52.38829,7882
10.64452,52.37619,7901
10.63684,52.36386,7914
10.62912,52.3515,7927
10.6216,52.33964,7926
10.61395,52.32755,7938
10.60615,52.31526,7949
10.59855,52.30339,7954
10.59085,52.29131,7965
10.58311,52.27924,7974
10.57519,52.267,7978
10.56747,52.25499,7989
10.55959,52.24302,7990
10.54336,52.21896,7994
10.53496,52.20702,7997
10.51751,52.1829,7997
10.50869,52.17093,8001
10.49048,52.14681,8028
10.48106,52.13468,8043
10.4714,52.12228,8072
10.46177,52.11012,8085
10.45224,52.09808,8096
10.44248,52.08568,8104
10.43318,52.0736,8104
10.4238,52.06133,8112
10.4144,52.04911,8119
10.40467,52.03638,8117
10.39551,52.02427,8114
10.38628,52.01196,8118
10.37703,51.99969,8123
10.3678,51.98745,8130
10.35835,51.97499,8146
10.33943,51.95023,8182
10.33004,51.93799,8194
10.31117,51.91357,8210
10.30183,51.90151,8215
10.29209,51.88887,8215
10.28276,51.87686,8209
10.27324,51.86474,8194
10.2638,51.85272,8183
10.25422,51.84063,8157
10.24477,51.82882,8133
10.23526,51.81711,8114
10.2257,51.80556,8104
10.21592,51.79389,8102
10.20618,51.78243,8108
10.19645,51.77095,8117
10.18663,51.7594,8134
10.17675,51.7478,8155
10.16673,51.73595,8174
10.15684,51.72429,8199
10.14685,51.71255,8209
10.12675,51.68916,8228
10.11647,51.67735,8235
10.09532,51.65343,8222
10.08467,51.64164,8226
10.07407,51.62978,8219
10.06336,51.61775,8228
10.05281,51.60585,8239
10.0423,51.59393,8249
10.03192,51.58197,8250
10.0217,51.57003,8259
10.01154,51.55806,8252
10.0014,51.54614,8246
9.99147,51.53427,8232
9.98158,51.52242,8218
9.97138,51.51023,8204
9.96152,51.4984,8200
9.95162,51.48648,8201
9.94159,51.47456,8216
9.93162,51.46278,8223
9.92141,51.45078,8234
9.9109,51.43855,8240
9.90048,51.4265,8235
9.88984,51.41429,8228
9.86906,51.39056,8220
9.85856,51.37861,8214
9.84785,51.36652,8214
9.83709,51.35444,8218
9.82666,51.34275,8228
9.81582,51.33065,8235
9.80517,51.3188,8245
9.79465,51.30712,8250
9.78362,51.29503,8253
9.77275,51.2831,8249
9.76188,51.27124,8246
9.75101,51.25937,8237
9.73999,51.2474,8238
9.72917,51.23562,8235
9.71835,51.22379,8234
9.70743,51.21191,8239
9.69651,51.19998,8259
9.68545,51.18771,8256
9.66372,51.16352,8243
9.65312,51.15161,8229
9.63176,51.12736,8203
9.62116,51.11517,8201
9.61098,51.10336,8211
9.6006,51.0914,8220
9.5902,51.07942,8239
9.57938,51.06706,8245
9.56891,51.05502,8262
9.55836,51.04302,8274
9.5477,51.031,8291
9.53687,51.01905,8304
9.52619,51.00726,8308
9.51526,50.99538,8319
9.50419,50.98335,8317
9.49322,50.97132,8316
9.48244,50.95956,8321
9.47171,50.94775,8320
9.46115,50.93607,8315
9.4505,50.92421,8309
9.42896,50.90041,8289
9.41875,50.88864,8275
9.39889,50.8654,8251
9.38907,50.8537,8242
9.37911,50.84181,8235
9.36939,50.83005,8228
9.3595,50.81831,8231
9.34925,50.80626,8224
9.33918,50.79461,8230
9.32866,50.78257,8230
9.31821,50.77072,8233
9.30756,50.75883,8242
9.28572,50.73506,8249
9.27447,50.723,8248
9.26341,50.71107,8247
9.25227,50.69911,8246
9.22987,50.67501,8241
9.2187,50.66297,8228
9.19599,50.63866,8213
9.18448,50.62652,8208
9.09187,50.53025,8276
9.08017,50.51817,8283
9.06861,50.50633,8292
9.05706,50.49444,8306
9.04571,50.48277,8309
9.03411,50.47066,8305
9.02276,50.45878,8299
9.01138,50.44695,8297
8.9999,50.43513,8304
8.98824,50.4231,8299
8.97682,50.41156,8318
8.96507,50.39981,8317
8.94104,50.37595,8326
8.90589,50.34082,8340
8.89434,50.32905,8332
8.88251,50.31701,8332
8.8713,50.30534,8328
8.86017,50.29364,8317
8.84921,50.28205,8306
8.83811,50.27022,8299
8.82731,50.25848,8294
8.81637,50.24683,8300
8.80519,50.2349,8284
8.7944,50.22311,8287
8.78314,50.21091,8299
8.77222,50.19905,8290
8.76116,50.18721,8271
8.75011,50.17539,8253
8.72799,50.15205,8238
8.71707,50.14048,8236
8.69512,50.11718,8241
8.68426,50.10558,8245
8.66225,50.08216,8253
8.65126,50.0705,8250
8.64021,50.05883,8249
8.6293,50.04736,8233
8.61804,50.03553,8216
8.60697,50.02388,8217
8.56276,49.97724,8234
7.76507,49.13404,8405
7.72412,49.09006,8428
7.71417,49.07933,8441
7.69384,49.05756,8442
7.68376,49.04663,8429
7.67383,49.0355,8408
7.66431,49.02448,8376
7.65504,49.01343,8357
7.64568,49.00237,8338
7.63649,48.99131,8336
7.62723,48.98023,8329
7.61768,48.96891,8329
7.60854,48.95803,8340
7.59886,48.94696,8365
7.58887,48.93588,8381
7.57876,48.92482,8400
7.56853,48.91374,8411
7.55824,48.90274,8413
7.53798,48.8807,8395
7.50891,48.84762,8393
7.49926,48.83677,8404
7.48951,48.82601,8413
7.46974,48.80466,8431
7.45984,48.79415,8421
7.44995,48.78358,8396
7.44038,48.77291,8380
7.43075,48.76216,8381
7.42126,48.75134,8390
7.41196,48.74041,8396
7.40303,48.72987,8412
7.39389,48.71909,8439
7.38479,48.70854,8448
7.37579,48.69786,8452
7.34918,48.666,8475
7.33074,48.6444,8461
7.32131,48.63358,8452
7.30296,48.61222,8438
7.29436,48.60166,8472
7.28522,48.59046,8501
7.2659,48.56855,8513
7.25597,48.55761,8478
7.24604,48.54686,8443
7.23584,48.53605,8446
7.22584,48.52509,8447
7.21621,48.51445,8465
7.2063,48.5037,8458
7.19623,48.49267,8458
7.18665,48.48193,8417
7.17705,48.4716,8394
7.16767,48.46132,8405
7.15804,48.4508,8420
7.149,48.44039,8413
7.12964,48.41972,8366
7.12019,48.40922,8340
7.11094,48.3988,8352
7.10144,48.38852,8381
7.09178,48.37824,8386
7.08196,48.36759,8395
7.07202,48.35641,8389
7.06285,48.34553,8403
7.05417,48.33482,8446
7.02866,48.30363,8340
6.92638,48.17953,8418
6.91748,48.16913,8417
6.8917,48.13648,8419
6.88249,48.1257,8387
6.87349,48.11495,8393
6.86384,48.10389,8366
6.85459,48.09235,8357
6.84499,48.08146,8320
6.83564,48.07026,8293
6.82621,48.05923,8290
6.8167,48.04833,8311
6.80735,48.03735,8328
6.79778,48.0262,8333
6.7581,47.98297,8424
6.73785,47.96075,8410
6.718,47.93911,8416
6.70811,47.928,8445
6.69803,47.91696,8484
6.68789,47.90592,8499
6.67811,47.89502,8503
6.668,47.88384,8486
6.64036,47.85284,8447
6.62228,47.83279,8432
6.60445,47.81195,8427
6.59555,47.80174,8437
6.57689,47.78122,8416
6.5678,47.7714,8412
6.54983,47.75086,8453
6.51246,47.70956,8424
6.49349,47.68869,8440
6.48443,47.67849,8445
6.46635,47.65908,8503
6.45705,47.64886,8516
6.43283,47.61758,8573
6.42451,47.6067,8639
6.40515,47.58496,8630
6.39558,47.57479,8629
6.37689,47.55377,8609
6.35701,47.53348,8563
6.34711,47.52394,8520
6.33746,47.51445,8471
6.31232,47.48598,8366
6.29625,47.46688,8370
6.28859,47.45686,8403
6.24098,47.39957,8522
6.22363,47.38017,8474
6.17962,47.33354,8159
6.15643,47.30449,7926
6.15107,47.29492,7904
6.14351,47.28498,7939
6.13665,47.27555,7970
6.11689,47.24837,8036
6.10968,47.24024,8024
6.10267,47.23153,8145
6.09573,47.2219,8226
6.08793,47.21173,8238
6.08014,47.2015,8223
6.07268,47.19154,8213
6.02775,47.1331,8190
6.02016,47.12329,8153
6.01252,47.11338,8158
6.00495,47.10371,8154
5.99746,47.09414,8180
5.98194,47.07464,8247
5.97384,47.06527,8315
5.96515,47.05584,8366
5.95675,47.04604,8404
5.94095,47.02596,8446
5.92553,47.00696,8417
5.91783,46.99739,8417
5.91066,46.98801,8414
5.90342,46.97849,8430
5.88938,46.96023,8524
5.88248,46.95173,8547
5.87541,46.94338,8552
5.85336,46.91792,8476
5.84535,46.90918,8486
5.83711,46.90042,8493
5.82125,46.88248,8453
5.78889,46.84637,8507
5.77247,46.82829,8508
5.76442,46.81911,8491
5.75624,46.80982,8480
5.74043,46.79167,8456
5.73255,46.78268,8461
5.72461,46.77364,8475
5.71708,46.76469,8507
5.71035,46.75591,8530
5.69604,46.73761,8517
5.6814,46.71969,8535
5.66632,46.70161,8567
5.65877,46.6926,8602
5.65102,46.68304,8631
5.64365,46.67336,8684
5.63617,46.66325,8725
5.6209,46.64364,8811
5.6128,46.6337,8819
5.60461,46.62366,8843
5.59616,46.61397,8835
5.58723,46.60455,8808
5.57875,46.59546,8793
5.5616,46.5779,8742
5.55289,46.56891,8745
5.5441,46.55977,8756
5.5355,46.55085,8766
5.52672,46.54209,8784
5.50937,46.52498,8834
5.50041,46.51628,8815
5.4911,46.50731,8795
5.48263,46.49854,8756
5.47435,46.48962,8721
5.46568,46.48048,8708
5.45741,46.47149,8700
5.44917,46.46267,8697
5.18219,46.19211,8685
5.17417,46.18377,8676
5.15788,46.16687,8664
5.13395,46.14212,8644
5.12613,46.13386,8624
5.11817,46.1255,8606
5.08812,46.09295,8580
5.06583,46.06889,8598
5.05844,46.06101,8611
5.0439,46.04527,8608
5.03679,46.03756,8626
4.95588,45.94479,8413
4.93715,45.92123,8372
4.74746,45.69651,8543
4.73469,45.68235,8578
2.30106,44.72006,9026
2.29408,44.72177,9008
2.28699,44.72348,9008
2.27995,44.72515,9005
2.27293,44.72692,9013
2.26601,44.72864,9021
11.76334,53.5359,63
2.25918,44.73046,9036
11.76326,53.53602,55
2.25239,44.73234,9035
11.76322,53.53609,40
2.24542,44.73433,9025
11.76325,53.53603,51
2.23822,44.73637,9016
11.76337,53.53606,50
2.2311,44.73835,9008
11.76311,53.53621,31
2.22391,44.74035,8998
11.7632,53.53613,39
2.21668,44.74238,8996
11.76336,53.53608,49
2.20935,44.7444,8995
11.76333,53.53615,45
2.20204,44.7464,8984
11.76333,53.53615,54
2.19458,44.74835,8976
11.76256,53.53597,105
2.18733,44.75026,8967
11.76012,53.53624,271
2.1798,44.75229,8955
11.75775,53.53909,368
2.1724,44.75434,8945
11.75686,53.54308,499
2.16502,44.75643,8941
11.75587,53.54699,631
2.15769,44.75853,8943
11.75545,53.55054,785
11.7568,53.55404,912
2.14305,44.76284,8928
11.75804,53.55781,1048
2.13597,44.76501,8920
11.75892,53.56199,1175
2.12875,44.76726,8921
11.76012,53.56612,1301
2.12155,44.76947,8918
11.75937,53.56951,1431
2.11414,44.77184,8913
11.75663,53.5728,1572
2.10698,44.77417,8905
11.75213,53.57666,1702
2.09984,44.77652,8912
11.74698,53.58043,1850
2.09278,44.77877,8918
11.74126,53.5838,1972
2.08557,44.78111,8916
11.73462,53.58698,2100
2.0783,44.78345,8920
11.72691,53.59006,2252
2.071,44.7858,8930
11.72005,53.59164,2392
2.06346,44.7883,8946
11.71409,53.59406,2525
2.05611,44.79077,8968
11.70624,53.59646,2656
2.04875,44.79329,8988
11.69671,53.59843,2787
2.04124,44.79574,9010
11.68669,53.60049,2923
2.03357,44.79815,9018
11.67722,53.603,3065
2.02585,44.80052,8998
11.66782,53.60539,3217
2.01809,44.80289,8950
11.65823,53.60672,3351
2.01146,44.80558,8912
11.64925,53.60686,3480
2.00518,44.80852,8882
11.64094,53.60721,3617
1.99888,44.81137,8854
11.63342,53.60713,3763
1.99273,44.81395,8830
11.62651,53.60635,3906
1.9866,44.81661,8797
11.61987,53.60575,4036
1.98049,44.81937,8764
11.61415,53.60476,4168
1.97467,44.82212,8749
11.61018,53.60343,4304
1.96906,44.82474,8753
11.60623,53.60155,4431
1.96345,44.82766,8725
11.6013,53.59935,4560
1.95745,44.83068,8675
11.59559,53.59734,4701
1.95092,44.83371,8642
11.58976,53.59579,4848
1.94429,44.83669,8629
11.58465,53.59452,5019
1.93766,44.83993,8611
11.58013,53.59277,5163
1.93116,44.8433,8564
11.57702,53.59035,5325
1.92469,44.84539,8520
11.57428,53.58695,5468
1.91664,44.84766,8514
11.57017,53.58283,5614
1.90913,44.85043,8472
11.56539,53.57893,5752
1.90231,44.85318,8459
11.55957,53.57518,5886
1.89503,44.85546,8420
11.55237,53.57205,6035
1.8877,44.8575,8418
11.54548,53.56883,6171
1.88044,44.85976,8429
11.5394,53.56519,6325
1.87291,44.86209,8435
11.53333,53.56151,6485
1.86573,44.86457,8482
11.52742,53.55816,6634
1.85928,44.86721,8518
11.52141,53.55421,6779
1.85254,44.87007,8493
11.51577,53.54972,6931
1.84553,44.8727,8470
11.51026,53.54532,7080
1.8382,44.87524,8460
11.50404,53.54148,7222
1.83045,44.87773,8452
11.49684,53.53788,7369
1.82228,44.88014,8465
11.48808,53.53429,7511
1.81468,44.88227,8504
11.47888,53.5309,7644
1.80753,44.88463,8530
11.46865,53.52758,7797
1.80035,44.88757,8564
11.45817,53.52454,7931
1.79275,44.89029,8592
11.44736,53.52076,8068
1.78533,44.89244,8606
11.43711,53.51662,8220
1.77755,44.89477,8606
11.42594,53.51209,8376
1.76994,44.8969,8590
11.41441,53.50779,8531
1.76205,44.89893,8562
11.40238,53.50309,8685
1.75414,44.90103,8511
11.39004,53.4991,8846
1.74598,44.90322,8450
11.37849,53.49585,9003
1.73767,44.90531,8411
11.36709,53.49228,9158
1.72924,44.9076,8396
11.35592,53.48849,9304
1.72099,44.90987,8401
11.34484,53.48444,9454
1.71258,44.91204,8419
11.33363,53.48075,9618
1.70398,44.91414,8453
11.32184,53.47753,9758
1.69557,44.91622,8503
11.30966,53.47486,9900
1.68723,44.91835,8529
11.29678,53.47299,10046
1.67847,44.92062,8543
11.28425,53.47147,10175
1.67007,44.92279,8539
11.27209,53.47042,10315
1.66122,44.9249,8522
11.25969,53.46943,10456
1.65241,44.92691,8496
11.24671,53.46881,10601
1.64339,44.92897,8456
11.2339,53.46791,10739
1.63481,44.93098,8416
11.22155,53.46706,10873
1.62629,44.93311,8390
11.20877,53.46645,11023
1.61781,44.93524,8368
11.19703,53.46692,11166
1.60928,44.93742,8355
11.1866,53.46714,11317
1.60062,44.93957,8344
11.17846,53.46601,11474
1.59187,44.94183,8341
11.17221,53.46375,11596
1.58308,44.94405,8335
11.16586,53.461,11588
1.57448,44.94617,8334
11.15988,53.45817,11609
1.56591,44.94822,8338
11.15409,53.45509,11649
1.55737,44.95026,8327
11.14839,53.45146,11682
11.14258,53.44756,11718
11.13689,53.44349,11755
11.13169,53.43897,11786
11.12666,53.43396,11821
11.12114,53.42869,11863
11.11514,53.42329,11889
11.10799,53.41759,11915
11.09981,53.41146,11954
11.09082,53.40552,11987
11.08085,53.39946,12008
11.07003,53.39302,12027
11.05757,53.3864,12065
11.04458,53.3801,12098
11.02987,53.37355,12116
11.01472,53.36777,12142
10.98864,53.35783,12189
10.97858,53.35383,12209
10.96905,53.34967,12241
10.95949,53.34513,12256
10.94958,53.33984,12284
1.25012,45.06817,7861
1.24361,45.07174,7806
1.23752,45.07545,7795
1.23129,45.07909,7789
1.22512,45.08257,7784
1.21836,45.08607,7768
1.21138,45.08951,7761
1.20441,45.09281,7744
1.19027,45.0993,7722
1.17589,45.10596,7706
1.16845,45.10939,7679
1.16122,45.11272,7673
1.1538,45.11592,7662
1.1463,45.119,7650
1.13831,45.1221,7631
1.13035,45.12507,7609
1.12235,45.12808,7586
1.11458,45.13104,7563
1.10692,45.13392,7553
1.09896,45.13681,7540
1.09126,45.13972,7520
1.08368,45.14268,7509
1.07609,45.14579,7491
1.06852,45.14891,7472
1.06085,45.15198,7451
1.05313,45.15502,7427
1.04539,45.158,7400
1.03722,45.16103,7374
1.02875,45.16403,7343
1.01968,45.16707,7322
1.01073,45.17006,7303
1.00177,45.17298,7283
0.9925,45.17592,7271
0.98319,45.17892,7255
0.97374,45.18198,7236
0.96427,45.18494,7219
0.95474,45.18795,7196
0.94523,45.19097,7173
0.93558,45.19407,7155
0.92634,45.19709,7132
0.91697,45.20028,7109
0.90788,45.20344,7095
0.8989,45.20668,7071
0.89001,45.21001,7051
0.88092,45.21342,7031
0.87191,45.21686,7007
0.86301,45.22039,6979
0.85416,45.22391,6956
0.84548,45.22748,6928
0.83687,45.23111,6891
0.82837,45.23475,6854
0.82013,45.2384,6810
0.81216,45.24208,6775
0.80449,45.24583,6735
0.79706,45.24958,6694
0.78982,45.25327,6655
0.78238,45.25687,6624
0.77493,45.26037,6595
0.76725,45.26382,6564
0.75944,45.26708,6542
0.75143,45.27036,6516
0.7434,45.27362,6496
0.73555,45.27667,6476
0.72778,45.27964,6450
0.71969,45.28257,6425
0.71139,45.28557,6395
0.70332,45.28849,6363
0.69515,45.29139,6330
0.68688,45.29428,6294
0.67902,45.297,6267
0.67115,45.29977,6230
0.66379,45.30241,6197
0.65672,45.30509,6166
0.64981,45.30781,6148
0.63757,45.31268,6105
0.63161,45.31504,6081
0.62578,45.31753,6058
0.62004,45.31999,6027
0.61395,45.32264,5982
0.60801,45.32496,5950
0.60181,45.32728,5913
0.58933,45.33171,5822
0.57026,45.33764,5702
0.56353,45.33948,5659
0.54878,45.34276,5571
0.54131,45.34426,5531
0.53333,45.34587,5482
0.52559,45.34737,5444
0.51838,45.34877,5415
0.51125,45.35007,5376
0.50415,45.35144,5340
0.49741,45.3528,5307
0.49083,45.35413,5282
0.48409,45.35553,5246
0.47185,45.35824,5159
0.46615,45.35971,5108
0.46075,45.36122,5054
0.45081,45.36446,4960
0.44005,45.36757,4873
0.43431,45.36913,4827
0.42864,45.37086,4792
0.42263,45.37268,4754
0.41619,45.37447,4716
0.40945,45.37627,4681
0.40287,45.37814,4643
0.39663,45.38012,4589
0.3904,45.38198,4534
0.37761,45.38565,4423
0.37131,45.38752,4378
0.36505,45.38943,4338
0.35906,45.39113,4299
0.35246,45.39277,4259
0.34562,45.39433,4212
0.3386,45.39591,4168
0.33083,45.39782,4114
0.32356,45.39976,4054
0.31656,45.40185,4007
0.30519,45.40532,3918
0.2998,45.40675,3883
0.28453,45.4093,3778
0.27986,45.40987,3735
0.27045,45.41108,3647
0.26555,45.41218,3606
0.25467,45.41455,3497
0.24967,45.41583,3455
0.23857,45.42018,3337
0.23591,45.42163,3298
0.23224,45.42391,3214
0.23143,45.42516,3126
0.23149,45.42567,3081
0.23138,45.42603,3028
0.23139,45.42633,2979
0.23176,45.42641,2916
0.23244,45.4264,2860
0.23321,45.42639,2810
0.23375,45.42616,2767
0.23416,45.42563,2659
0.23441,45.42508,2613
0.2353,45.42279,2524
0.23373,45.41771,2459
0.23322,45.41421,2417
0.2333,45.41088,2357
0.23561,45.40351,2230
0.24107,45.39637,2117
0.246,45.39008,2025
0.25053,45.38378,1950
0.25502,45.37769,1856
0.26296,45.36749,1713
0.26564,45.36357,1669
0.28067,45.34419,1417
0.28942,45.33005,1230
            </coordinates>
          </LineString>
        </Placemark>
          </Folder>
          <Folder>
        <name>DL7AD-11</name>

            <Placemark>
        <description><![CDATA[<b>Vehicle:</b> DL7AD-11<br /><b>Time:</b> 2022-02-26 11:40:11<br /><b>Position:</b> 52.5743333333,13.905<br /><b>Altitude:</b> 112 m<br /><b>Speed:</b> 140.752 km/h<br /></br><b>Data</b></br><hr/><b>comment: </b>> Sven D20=<br/>]]></description>
         <name>DL7AD-11</name>
        <LookAt>
          <longitude>13.905</longitude>
          <latitude>52.5743333333</latitude>
          <altitude>112</altitude>
          <altitudeMode>absolute</altitudeMode>
          <range>20000</range>
          <tilt>25</tilt>
          <heading>49</heading>
        </LookAt>
        <visibility>1</visibility>
        <styleUrl>#balloon5</styleUrl>
        <Point>
          <extrude>0</extrude>
          <altitudeMode>absolute</altitudeMode>
          <coordinates>13.905,52.5743333333,112</coordinates>
        </Point>
        </Placemark>
            <Placemark>
          <name>Track Segment #1</name>
          <visibility>1</visibility>
          <Style>
            <LineStyle>
              <color>ff0f8aff</color>
              <width>4</width>
            </LineStyle>
            <PolyStyle>
              <color>7fffffff</color>
            </PolyStyle>
          </Style>
          <LineString>
           <extrude>1</extrude>
            <tessellate>1</tessellate>
            <altitudeMode>absolute</altitudeMode>
            <coordinates>
13.9101666667,52.5566666667,322
13.9646666667,52.5945,438
13.9185,52.637,474
13.9121666667,52.649,468
13.9065,52.6613333333,490
13.8995,52.6735,512
13.8893333333,52.6991666667,494
13.8851666667,52.712,495
13.8813333333,52.7246666667,492
13.8761666667,52.7366666667,481
13.8693333333,52.7515,487
13.8476666667,52.8143333333,481
13.8135,52.9495,499
13.8275,53.0138333333,434
13.8413333333,53.0661666667,435
13.8358333333,53.0795,435
13.8268333333,53.0918333333,425
13.8185,53.1041666667,443
13.8106666667,53.1163333333,446
13.7973333333,53.1443333333,440
13.7811666667,53.1681666667,433
13.7745,53.1796666667,435
13.7661666667,53.1925,423
13.756,53.2181666667,424
13.7286666667,53.2818333333,398
13.7241666667,53.2953333333,404
13.7198333333,53.3083333333,402
13.7171666667,53.3225,416
13.6498333333,53.536,399
13.6338333333,53.574,375
13.6016666667,53.8336666667,1222
13.6071666667,53.8441666667,1312
13.6133333333,53.8571666667,1321
13.6206666667,53.8701666667,1327
13.6258333333,53.8795,1317
13.634,53.8938333333,1320
13.64,53.9045,1315
13.6456666667,53.9156666667,1320
13.6521666667,53.9286666667,1322
13.6583333333,53.9408333333,1315
13.6648333333,53.9536666667,1318
13.6716666667,53.9668333333,1317
13.6771666667,53.9778333333,1319
13.684,53.991,1319
13.6905,54.0033333333,1323
13.6973333333,54.0161666667,1323
13.7038333333,54.0285,1320
13.7111666667,54.0421666667,1320
13.718,54.0546666667,1325
13.7245,54.0665,1321
13.7316666667,54.08,1317
13.7385,54.0923333333,1322
13.746,54.1058333333,1321
13.7528333333,54.1181666667,1320
13.7598333333,54.1308333333,1320
13.7661666667,54.1423333333,1324
13.7723333333,54.1546666667,1320
13.7671666667,54.1675,1321
13.7588333333,54.1838333333,1315
13.752,54.197,1318
13.7463333333,54.2081666667,1316
13.7395,54.2215,1321
13.7325,54.2355,1328
13.726,54.2486666667,1321
13.7125,54.275,1332
13.7056666667,54.2881666667,1317
13.6991666667,54.3006666667,1317
13.6918333333,54.315,1317
13.685,54.329,1323
13.6785,54.3428333333,1319
13.672,54.3563333333,1321
13.666,54.3708333333,1326
13.6621666667,54.3848333333,1319
13.6583333333,54.3986666667,1324
13.6546666667,54.413,1324
13.6508333333,54.4273333333,1322
13.647,54.4406666667,1325
13.6425,54.4546666667,1325
13.6383333333,54.4685,1325
13.6341666667,54.4823333333,1322
13.6253333333,54.511,1329
13.6211666667,54.596,1320
13.7036666667,54.5776666667,1326
13.7136666667,54.5621666667,1328
13.7143333333,54.5423333333,1313
13.7065,54.5256666667,1314
13.6723333333,54.4916666667,1327
13.6571666667,54.476,1338
13.6468333333,54.458,1332
13.6516666667,54.4403333333,1330
13.6633333333,54.4236666667,1343
13.6746666667,54.4075,1332
13.686,54.3898333333,1327
13.6923333333,54.3726666667,1327
13.7045,54.3346666667,1322
13.71,54.3175,1329
13.7158333333,54.2986666667,1324
13.7218333333,54.2801666667,1321
13.7348333333,54.2401666667,1328
13.74,54.2251666667,1329
13.7465,54.1145,1305
13.7411666667,54.0946666667,1310
13.7296666667,54.0578333333,1306
13.7188333333,54.0423333333,1307
13.706,54.0245,1310
13.6933333333,54.0071666667,1310
13.6533333333,53.8568333333,1313
13.6128333333,53.782,1157
13.5931666667,53.7498333333,988
13.5741666667,53.716,665
13.5895,53.668,548
13.5986666667,53.6353333333,510
13.6388333333,53.5165,567
13.6451666667,53.4998333333,576
13.6518333333,53.4818333333,533
13.6571666667,53.4656666667,559
13.7203333333,53.4223333333,515
13.8065,53.1393333333,559
13.8355,53.1098333333,535
13.8488333333,53.0951666667,519
13.8505,53.077,520
13.8426666667,53.0403333333,541
13.8226666667,52.973,517
13.4976666667,52.5091666667,0
13.8221666667,52.889,525
13.826,52.8693333333,534
13.8311666667,52.8501666667,532
13.8353333333,52.8301666667,529
13.8378333333,52.8205,522
13.8421666667,52.8035,534
13.8486666667,52.7845,513
13.8526666667,52.7695,504
13.8593333333,52.7526666667,524
13.865,52.7238333333,545
13.8666666667,52.715,549
13.8648333333,52.7028333333,549
13.858,52.6845,572
13.8516666667,52.6705,576
13.8468333333,52.6538333333,573
13.8436666667,52.6371666667,573
13.842,52.6185,569
13.8413333333,52.6033333333,572
13.8415,52.579,588
13.8491666667,52.5628333333,600
13.8618333333,52.5538333333,592
13.8805,52.5475,567
13.9045,52.544,565
13.9308333333,52.5435,498
13.9486666667,52.547,460
13.953,52.5596666667,392
13.9335,52.5613333333,334
13.9151666667,52.5545,261
13.9023333333,52.564,192
13.905,52.5743333333,112
            </coordinates>
          </LineString>
        </Placemark>
          </Folder>
          <Folder>
        <name>DO4AS-13</name>

            <Placemark>
        <description><![CDATA[<b>Vehicle:</b> DO4AS-13<br /><b>Time:</b> 2022-02-27 15:27:51<br /><b>Position:</b> 51.9586666667,7.252<br /><b>Altitude:</b> 10662.8184 m<br /></br><b>Data</b></br><hr/><b>comment: </b>F14N4T1023E248Y98V39C276S23 RHG<br/>]]></description>
         <name>DO4AS-13</name>
        <LookAt>
          <longitude>7.252</longitude>
          <latitude>51.9586666667</latitude>
          <altitude>10662.8184</altitude>
          <altitudeMode>absolute</altitudeMode>
          <range>20000</range>
          <tilt>25</tilt>
          <heading>0</heading>
        </LookAt>
        <visibility>1</visibility>
        <styleUrl>#balloon6</styleUrl>
        <Point>
          <extrude>0</extrude>
          <altitudeMode>absolute</altitudeMode>
          <coordinates>7.252,51.9586666667,10662.8184</coordinates>
        </Point>
        </Placemark>
            <Placemark>
          <name>Track Segment #1</name>
          <visibility>1</visibility>
          <Style>
            <LineStyle>
              <color>ffcaff0f</color>
              <width>4</width>
            </LineStyle>
            <PolyStyle>
              <color>7fffffff</color>
            </PolyStyle>
          </Style>
          <LineString>
           <extrude>1</extrude>
            <tessellate>1</tessellate>
            <altitudeMode>absolute</altitudeMode>
            <coordinates>
13.3346666667,52.6378333333,2006.8032
13.3305,52.6385,2040.9408
13.3265,52.6391666667,2068.9824
13.3221666667,52.6398333333,2101.9008
13.318,52.6406666667,2132.9904
13.3133333333,52.641,2158.8984
13.3085,52.6413333333,2190.9024
13.3038333333,52.6413333333,2228.6976
13.2993333333,52.6411666667,2258.8728
13.295,52.6413333333,2291.7912
13.2908333333,52.6415,2318.9184
13.2863333333,52.6418333333,2346.96
13.2818333333,52.6423333333,2376.8304
13.2771666667,52.6431666667,2397.8616
12.5318333333,52.4308333333,6323.9904
12.5258333333,52.4278333333,6341.9736
12.5196666667,52.4246666667,6356.9088
12.5136666667,52.4218333333,6373.9776
12.5075,52.4188333333,6390.7416
12.501,52.4158333333,6410.8584
12.4946666667,52.4131666667,6427.9272
12.488,52.41,6447.7392
12.4811666667,52.4071666667,6477
12.4745,52.404,6495.8976
12.4745,52.404,6495.8976
12.468,52.401,6511.7472
12.4615,52.3978333333,6527.9016
12.455,52.3948333333,6533.9976
12.4483333333,52.3916666667,6556.8576
12.4418333333,52.3886666667,6587.9472
12.4355,52.3858333333,6612.9408
12.4291666667,52.383,6634.8864
12.4228333333,52.38,6656.832
12.4165,52.3771666667,6682.74
12.4101666667,52.374,6704.9904
12.4038333333,52.371,6723.888
12.3973333333,52.3678333333,6744.9192
12.391,52.3646666667,6758.94
12.3843333333,52.3613333333,6777.8376
12.3778333333,52.3581666667,6798.8688
12.3713333333,52.355,6811.9752
12.3645,52.3518333333,6828.7392
12.3578333333,52.3485,6845.808
12.351,52.3453333333,6862.8768
12.3441666667,52.3421666667,6862.8768
12.3373333333,52.3388333333,6873.8496
12.3303333333,52.3353333333,6881.7744
12.3233333333,52.332,6904.9392
12.3163333333,52.3286666667,6925.9704
12.3093333333,52.3253333333,6937.8576
12.3023333333,52.3218333333,6955.8408
12.2955,52.3181666667,6972.9096
12.2886666667,52.3146666667,6988.7592
12.2818333333,52.311,7004.9136
12.275,52.3073333333,7026.8592
12.2678333333,52.3036666667,7050.9384
12.261,52.3,7071.9696
12.254,52.2965,7090.8672
12.247,52.2928333333,7112.8128
12.24,52.2893333333,7133.844
12.233,52.2858333333,7152.7416
12.2258333333,52.2823333333,7171.944
12.2186666667,52.2788333333,7192.9752
12.2113333333,52.2753333333,7213.7016
12.204,52.2716666667,7239
12.1965,52.268,7257.8976
12.1891666667,52.2643333333,7275.8808
12.1818333333,52.2606666667,7296.912
12.1743333333,52.2568333333,7324.9536
12.167,52.2531666667,7346.8992
12.1595,52.2493333333,7367.9304
12.152,52.2455,7393.8384
12.1445,52.2416666667,7420.9656
12.137,52.238,7441.9968
12.1293333333,52.2341666667,7467.9048
12.121,52.2303333333,7495.9464
12.113,52.2266666667,7523.988
12.1048333333,52.2231666667,7555.992
12.0966666667,52.2198333333,7581.9
12.0885,52.2163333333,7612.9896
12.08,52.213,7641.9456
12.0711666667,52.2098333333,7667.8536
12.0621666667,52.2065,7690.7136
12.0531666667,52.2033333333,7716.9264
12.0436666667,52.2,7738.872
12.0345,52.1968333333,7764.78
12.0253333333,52.1935,7790.9928
12.0161666667,52.1903333333,7816.9008
12.0068333333,52.1871666667,7836.7128
12.0068333333,52.1871666667,7836.7128
11.9976666667,52.1838333333,7859.8776
11.9885,52.1805,7882.7376
11.9791666667,52.1771666667,7910.7792
11.97,52.1738333333,7940.9544
11.9606666667,52.1703333333,7969.9104
11.9515,52.167,7998.8664
11.9423333333,52.1635,8026.908
11.9423333333,52.1635,8026.908
11.9331666667,52.1601666667,8055.864
11.9238333333,52.1566666667,8083.9056
11.9148333333,52.1531666667,8117.7384
11.9055,52.1496666667,8144.8656
11.8961666667,52.1461666667,8166.8112
11.8865,52.1426666667,8192.7192
11.8771666667,52.1393333333,8214.9696
11.8676666667,52.136,8240.8776
11.8581666667,52.1326666667,8262.8232
11.8488333333,52.1293333333,8302.752
11.8395,52.126,8312.8104
11.8301666667,52.1225,8332.9272
11.8208333333,52.119,8352.7392
11.8113333333,52.1156666667,8373.7704
11.8015,52.112,8396.9352
11.7921666667,52.1083333333,8419.7952
11.7825,52.1046666667,8449.9704
11.7825,52.1046666667,8449.9704
11.7725,52.101,8474.964
11.7625,52.0971666667,8506.968
11.7523333333,52.0933333333,8529.828
11.7523333333,52.0933333333,8529.828
11.7421666667,52.0895,8555.736
11.7321666667,52.0858333333,8580.7296
11.7221666667,52.0821666667,8604.8088
11.7118333333,52.0785,8628.888
11.7118333333,52.0785,8628.888
11.702,52.0751666667,8653.8816
11.6921666667,52.0716666667,8677.9608
11.6823333333,52.0683333333,8702.9544
11.6726666667,52.0648333333,8730.996
11.6631666667,52.0613333333,8757.8184
11.6538333333,52.0578333333,8786.7744
11.6446666667,52.0543333333,8809.9392
11.6351666667,52.0506666667,8834.9328
11.6258333333,52.0471666667,8860.8408
11.6165,52.0438333333,8890.7112
11.6073333333,52.0403333333,8917.8384
11.5978333333,52.037,8945.88
11.5881666667,52.0335,8975.7504
11.5786666667,52.0303333333,9006.84
11.5685,52.0271666667,9039.7584
11.5583333333,52.0241666667,9071.7624
11.548,52.0213333333,9101.9376
11.537,52.0185,9137.904
11.5263333333,52.0158333333,9170.8224
11.516,52.0135,9199.7784
11.5055,52.0111666667,9229.9536
11.495,52.009,9263.7864
11.4845,52.007,9299.7528
11.4735,52.005,9336.9384
11.4625,52.0031666667,9371.9904
11.4518333333,52.0013333333,9406.7376
11.4405,51.9993333333,9445.752
11.4296666667,51.9975,9485.9856
11.4186666667,51.9958333333,9522.8664
11.4076666667,51.994,9557.9184
11.3966666667,51.9923333333,9594.7992
11.3858333333,51.9906666667,9626.8032
11.3746666667,51.9891666667,9662.7696
11.3633333333,51.9878333333,9697.8216
11.352,51.9863333333,9733.788
11.3401666667,51.985,9757.8672
10.8143333333,51.9396666667,10570.7688
10.8143333333,51.9396666667,10570.7688
10.8021666667,51.9388333333,10574.7312
10.79,51.938,10577.7792
10.7781666667,51.937,10579.9128
10.766,51.9361666667,10579.9128
10.7541666667,51.9353333333,10581.7416
10.7425,51.9345,10586.9232
10.7306666667,51.9336666667,10586.9232
10.719,51.933,10587.8376
10.7071666667,51.9321666667,10585.704
10.6955,51.9315,10583.8752
10.6838333333,51.9306666667,10581.7416
10.6838333333,51.9306666667,10581.7416
10.6718333333,51.93,10579.9128
10.6603333333,51.9291666667,10582.9608
10.6486666667,51.9285,10584.7896
10.6486666667,51.9285,10584.7896
10.6371666667,51.9278333333,10589.9712
10.6256666667,51.9271666667,10592.7144
10.6141666667,51.9265,10593.9336
10.6026666667,51.9258333333,10592.7144
10.5911666667,51.9251666667,10590.8856
10.5805,51.9246666667,10591.8
10.5695,51.9241666667,10592.7144
10.5581666667,51.9235,10593.9336
10.5466666667,51.923,10594.848
10.5353333333,51.9225,10594.848
10.5353333333,51.9225,10594.848
10.524,51.9218333333,10593.9336
10.5128333333,51.9213333333,10591.8
10.5016666667,51.9208333333,10590.8856
10.4905,51.9203333333,10592.7144
10.4791666667,51.9196666667,10594.848
10.468,51.9191666667,10595.7624
10.4568333333,51.9186666667,10596.9816
10.4455,51.9181666667,10597.896
10.4338333333,51.9175,10597.896
10.4226666667,51.917,10598.8104
10.4113333333,51.9165,10601.8584
10.4,51.916,10603.992
10.4,51.916,10603.992
10.3888333333,51.9155,10603.992
10.3776666667,51.9151666667,10603.992
10.3776666667,51.9151666667,10603.992
10.3665,51.9146666667,10605.8208
10.3553333333,51.9143333333,10607.9544
10.3441666667,51.9138333333,10609.7832
10.3328333333,51.9135,10610.6976
10.3216666667,51.913,10609.7832
10.3106666667,51.9126666667,10604.9064
10.3106666667,51.9126666667,10604.9064
10.2996666667,51.9123333333,10602.7728
10.2996666667,51.9123333333,10602.7728
10.2885,51.912,10599.7248
10.2775,51.9116666667,10596.9816
10.2663333333,51.9115,10596.9816
10.2553333333,51.9111666667,10597.896
10.244,51.9108333333,10597.896
10.2328333333,51.9105,10595.7624
10.2218333333,51.9101666667,10595.7624
10.2108333333,51.9098333333,10596.9816
10.1998333333,51.9095,10597.896
10.189,51.9093333333,10597.896
10.178,51.909,10596.9816
10.1666666667,51.9086666667,10596.9816
10.1558333333,51.9083333333,10597.896
10.145,51.908,10598.8104
10.134,51.9078333333,10599.7248
10.1231666667,51.9075,10598.8104
10.1123333333,51.9073333333,10600.944
10.1015,51.907,10603.992
10.0906666667,51.9068333333,10603.992
10.0798333333,51.9066666667,10601.8584
10.0686666667,51.9063333333,10598.8104
10.0578333333,51.9061666667,10594.848
10.047,51.906,10593.9336
10.0361666667,51.9058333333,10592.7144
10.0253333333,51.9056666667,10592.7144
10.0145,51.9055,10594.848
10.0145,51.9055,10594.848
10.0036666667,51.9053333333,10597.896
9.993,51.9051666667,10597.896
9.98216666667,51.9048333333,10596.9816
9.9715,51.9046666667,10593.9336
9.96083333333,51.9045,10593.9336
9.95,51.9043333333,10594.848
9.93933333333,51.904,10597.896
9.92883333333,51.9038333333,10597.896
9.91833333333,51.9036666667,10595.7624
9.90766666667,51.9033333333,10597.896
9.89716666667,51.9031666667,10601.8584
9.88666666667,51.903,10602.7728
9.87616666667,51.9026666667,10603.992
9.86583333333,51.9025,10608.8688
9.85533333333,51.9021666667,10614.9648
9.84466666667,51.902,10613.7456
9.83433333333,51.9018333333,10611.9168
9.824,51.9015,10608.8688
9.81366666667,51.9013333333,10606.7352
9.8035,51.9011666667,10606.7352
9.79333333333,51.901,10605.8208
9.78316666667,51.9008333333,10604.9064
9.77283333333,51.9006666667,10603.992
9.76266666667,51.9005,10602.7728
9.7525,51.9003333333,10603.992
9.742,51.9001666667,10607.9544
9.73183333333,51.9,10611.9168
9.72166666667,51.8998333333,10611.9168
9.7115,51.8998333333,10613.7456
9.7015,51.8996666667,10613.7456
9.69133333333,51.8995,10615.8792
9.68133333333,51.8995,10614.9648
9.67083333333,51.8993333333,10611.9168
9.66083333333,51.8993333333,10606.7352
9.65083333333,51.8993333333,10604.9064
9.64083333333,51.8991666667,10602.7728
9.63083333333,51.8991666667,10603.992
9.62083333333,51.8991666667,10601.8584
9.61083333333,51.8991666667,10599.7248
9.6005,51.899,10599.7248
9.5905,51.899,10601.8584
9.5905,51.899,10601.8584
9.5805,51.899,10598.8104
9.5705,51.8991666667,10595.7624
9.5605,51.8991666667,10597.896
9.5505,51.8991666667,10598.8104
9.5405,51.8991666667,10605.8208
9.5305,51.8993333333,10610.6976
9.52033333333,51.8993333333,10609.7832
9.51033333333,51.8993333333,10609.7832
9.50033333333,51.8995,10609.7832
9.50033333333,51.8995,10609.7832
9.4905,51.8995,10604.9064
9.4805,51.8995,10601.8584
9.47066666667,51.8995,10600.944
9.46083333333,51.8996666667,10603.992
9.45083333333,51.8996666667,10604.9064
9.441,51.8996666667,10608.8688
9.43083333333,51.8996666667,10614.9648
9.421,51.8995,10618.9272
9.4115,51.8996666667,10621.9752
9.40133333333,51.8996666667,10621.9752
9.39166666667,51.8996666667,10620.756
9.38183333333,51.8996666667,10619.8416
9.37233333333,51.8996666667,10617.708
9.36266666667,51.8998333333,10615.8792
9.35316666667,51.8998333333,10615.8792
9.34333333333,51.8998333333,10615.8792
9.33416666667,51.8998333333,10615.8792
9.32466666667,51.9,10612.8312
9.31483333333,51.9,10611.9168
9.30533333333,51.9,10611.9168
9.29583333333,51.9001666667,10612.8312
9.28633333333,51.9001666667,10614.9648
9.27683333333,51.9003333333,10615.8792
9.26733333333,51.9003333333,10617.708
9.25783333333,51.9003333333,10617.708
9.24833333333,51.9005,10614.9648
9.2385,51.9005,10612.8312
9.229,51.9006666667,10612.8312
9.2195,51.9006666667,10610.6976
9.21,51.9008333333,10609.7832
9.2005,51.9008333333,10611.9168
9.191,51.901,10612.8312
9.191,51.901,10612.8312
9.1815,51.901,10614.9648
9.172,51.901,10613.7456
9.16233333333,51.9011666667,10614.9648
9.15283333333,51.9011666667,10616.7936
9.1435,51.9011666667,10614.9648
9.1435,51.9011666667,10614.9648
9.13416666667,51.9011666667,10612.8312
9.13416666667,51.9011666667,10612.8312
9.12433333333,51.9011666667,10612.8312
9.115,51.9011666667,10612.8312
9.10533333333,51.9011666667,10613.7456
9.096,51.9011666667,10611.9168
9.0865,51.9013333333,10609.7832
9.07683333333,51.9013333333,10609.7832
9.06766666667,51.9013333333,10605.8208
9.05833333333,51.9013333333,10600.944
9.04916666667,51.9013333333,10598.8104
9.0395,51.9013333333,10599.7248
9.03016666667,51.9015,10602.7728
9.02083333333,51.9015,10603.992
9.0115,51.9016666667,10605.8208
9.002,51.9018333333,10608.8688
8.99266666667,51.9018333333,10610.6976
8.9835,51.902,10610.6976
8.97416666667,51.902,10610.6976
8.96483333333,51.9021666667,10609.7832
8.9555,51.9021666667,10613.7456
8.94633333333,51.9023333333,10616.7936
8.93766666667,51.9023333333,10621.9752
8.9285,51.9025,10627.7664
8.91933333333,51.9025,10633.8624
8.90966666667,51.9025,10639.9584
8.90033333333,51.9025,10643.9208
8.8915,51.9026666667,10645.7496
8.8825,51.9026666667,10644.8352
8.87333333333,51.9028333333,10641.7872
8.86433333333,51.9028333333,10636.9104
8.8555,51.903,10629.9
8.84666666667,51.903,10621.9752
8.83783333333,51.9031666667,10616.7936
8.82916666667,51.9033333333,10614.9648
8.82033333333,51.9033333333,10617.708
8.8115,51.9035,10620.756
8.8025,51.9035,10621.9752
8.79383333333,51.9036666667,10627.7664
8.78516666667,51.9036666667,10630.8144
8.77666666667,51.9036666667,10633.8624
8.76816666667,51.9036666667,10630.8144
8.7595,51.9038333333,10628.9856
8.751,51.9038333333,10628.9856
8.74266666667,51.904,10629.9
8.73383333333,51.9041666667,10632.948
8.72533333333,51.9043333333,10634.7768
8.717,51.9043333333,10634.7768
8.70866666667,51.9045,10633.8624
8.70033333333,51.9046666667,10631.7288
8.692,51.9048333333,10628.9856
8.68383333333,51.905,10627.7664
8.67566666667,51.9051666667,10626.852
8.6675,51.9053333333,10628.9856
8.6595,51.9055,10630.8144
8.65116666667,51.9056666667,10631.7288
8.643,51.9058333333,10632.948
8.635,51.9061666667,10631.7288
8.627,51.9063333333,10628.9856
8.619,51.9065,10628.9856
8.611,51.9066666667,10627.7664
8.603,51.9068333333,10627.7664
8.59516666667,51.907,10628.9856
8.58716666667,51.9071666667,10628.9856
8.579,51.9073333333,10627.7664
8.57116666667,51.9075,10625.9376
8.56333333333,51.9076666667,10628.9856
8.5555,51.9078333333,10630.8144
8.54783333333,51.908,10634.7768
8.54,51.9081666667,10637.8248
8.53216666667,51.9081666667,10638.7392
8.52433333333,51.9083333333,10639.9584
8.51666666667,51.9085,10640.8728
8.509,51.9086666667,10640.8728
8.50133333333,51.9088333333,10639.9584
8.49366666667,51.909,10640.8728
8.486,51.9091666667,10639.9584
8.4785,51.9093333333,10638.7392
8.471,51.9093333333,10638.7392
8.4635,51.9095,10636.9104
8.456,51.9096666667,10635.996
8.44866666667,51.9096666667,10635.996
8.44116666667,51.9098333333,10634.7768
8.43383333333,51.91,10633.8624
8.4265,51.9101666667,10632.948
8.41883333333,51.9103333333,10632.948
8.41133333333,51.9103333333,10633.8624
8.40366666667,51.9106666667,10635.996
8.39633333333,51.9108333333,10640.8728
8.389,51.911,10645.7496
8.38166666667,51.9111666667,10647.8832
8.3745,51.9113333333,10645.7496
8.36716666667,51.9115,10641.7872
8.36016666667,51.9116666667,10640.8728
8.353,51.9118333333,10636.9104
8.346,51.912,10636.9104
8.33883333333,51.9123333333,10635.996
8.33166666667,51.9125,10635.996
8.3245,51.9126666667,10634.7768
8.31733333333,51.9128333333,10633.8624
8.31033333333,51.9131666667,10630.8144
8.30316666667,51.9133333333,10632.948
8.296,51.9135,10633.8624
8.28866666667,51.9138333333,10632.948
8.2815,51.914,10631.7288
8.2745,51.9141666667,10633.8624
8.26733333333,51.9145,10637.8248
8.26016666667,51.9146666667,10639.9584
8.25316666667,51.9148333333,10641.7872
8.24616666667,51.9151666667,10643.9208
8.23916666667,51.9153333333,10641.7872
8.232,51.9156666667,10642.7016
8.225,51.9158333333,10638.7392
8.21816666667,51.916,10636.9104
8.21116666667,51.9163333333,10636.9104
8.20416666667,51.9165,10639.9584
8.19733333333,51.9166666667,10643.9208
8.1905,51.917,10647.8832
8.18366666667,51.9171666667,10647.8832
8.1765,51.9173333333,10645.7496
8.16966666667,51.9175,10646.9688
8.16283333333,51.9178333333,10644.8352
8.156,51.918,10645.7496
8.14933333333,51.9181666667,10647.8832
8.14266666667,51.9183333333,10650.9312
8.136,51.9185,10649.712
8.12933333333,51.9185,10647.8832
8.1225,51.9186666667,10646.9688
8.11583333333,51.9186666667,10647.8832
8.10916666667,51.9186666667,10648.7976
8.10566666667,51.9186666667,0
8.099,51.9188333333,10647.8832
8.0925,51.9188333333,10647.8832
8.08633333333,51.9188333333,10644.8352
8.07983333333,51.919,10641.7872
8.0735,51.919,10638.7392
8.06716666667,51.919,10634.7768
8.06066666667,51.9191666667,10630.8144
8.05433333333,51.9191666667,10629.9
8.04766666667,51.9191666667,10630.8144
8.04116666667,51.9193333333,10627.7664
8.03466666667,51.9195,10632.948
8.028,51.9196666667,10639.9584
8.02166666667,51.9198333333,10649.712
8.01516666667,51.9198333333,10652.76
8.00883333333,51.92,10652.76
8.00883333333,51.8866666667,0
8.0025,51.9201666667,10646.9688
7.99616666667,51.9203333333,10641.7872
7.98983333333,51.9205,10640.8728
7.98333333333,51.9205,10643.9208
7.977,51.9206666667,10645.7496
7.97083333333,51.9208333333,10649.712
7.96033333333,51.921,0
7.95966666667,51.9211666667,0
7.95333333333,51.9211666667,10657.9416
7.947,51.9213333333,10656.7224
7.947,51.9213333333,10656.7224
7.94066666667,51.9215,10654.8936
7.94066666667,51.9215,10654.8936
7.93433333333,51.9216666667,10651.8456
7.65766666667,51.9326666667,10656.7224
7.6515,51.933,10655.808
7.6515,51.933,10655.808
7.6455,51.9333333333,10655.808
7.6455,51.9333333333,10655.808
7.63966666667,51.9336666667,10658.856
7.63366666667,51.934,10659.7704
7.62766666667,51.9343333333,10659.7704
7.62166666667,51.9346666667,10658.856
7.61566666667,51.9348333333,10655.808
7.61566666667,51.9348333333,10655.808
7.60966666667,51.9351666667,10652.76
7.60383333333,51.9355,10651.8456
7.59783333333,51.9358333333,10651.8456
7.5545,51.9383333333,10649.712
7.54833333333,51.9386666667,10654.8936
7.5425,51.939,10656.7224
7.5425,51.939,10656.7224
7.5365,51.9393333333,10656.7224
7.5305,51.9398333333,10653.9792
7.52483333333,51.9401666667,10650.9312
7.519,51.9405,10649.712
7.48316666667,51.943,0
7.4775,51.9433333333,10648.7976
7.472,51.9436666667,10650.9312
7.46633333333,51.944,10652.76
7.461,51.9443333333,10651.8456
7.45566666667,51.9448333333,10653.9792
7.45,51.9451666667,10652.76
7.44433333333,51.9456666667,10649.712
7.43883333333,51.946,10645.7496
7.43,51.9466666667,0
7.42066666667,51.9473333333,0
7.41483333333,51.9476666667,10656.7224
7.40916666667,51.948,10658.856
7.39783333333,51.9488333333,0
7.39233333333,51.9491666667,10661.904
7.38666666667,51.9496666667,10659.7704
7.381,51.95,10657.9416
7.37533333333,51.9503333333,10655.808
7.36983333333,51.9508333333,10656.7224
7.36433333333,51.9511666667,10658.856
7.35866666667,51.9515,10660.9896
7.35316666667,51.9518333333,10661.904
7.34766666667,51.9521666667,10659.7704
7.34216666667,51.9525,10658.856
7.3365,51.9528333333,10657.9416
7.331,51.9533333333,10658.856
7.3255,51.9536666667,10659.7704
7.32033333333,51.954,10658.856
7.31483333333,51.9543333333,10656.7224
7.31483333333,51.9543333333,0
7.30966666667,51.9546666667,10655.808
7.30433333333,51.955,10655.808
7.299,51.9553333333,10657.9416
7.29366666667,51.9558333333,10661.904
7.2885,51.9561666667,10664.952
7.27233333333,51.9571666667,0
7.26716666667,51.9576666667,10663.7328
7.26216666667,51.958,10662.8184
7.25716666667,51.9583333333,10662.8184
7.252,51.9586666667,10662.8184
            </coordinates>
          </LineString>
        </Placemark>
          </Folder>
          <Folder>
        <name>HA1NX-12</name>

            <Placemark>
        <description><![CDATA[<b>Vehicle:</b> HA1NX-12<br /><b>Time:</b> 2022-02-26 12:47:13<br /><b>Position:</b> 46.8523333333,16.8636666667<br /><b>Altitude:</b> 5100.5232 m<br /></br><b>Data</b></br><hr/><b>comment: </b>HAB 432.500MHz APRS Ubat=2.90V temp=1C<br/>]]></description>
         <name>HA1NX-12</name>
        <LookAt>
          <longitude>16.8636666667</longitude>
          <latitude>46.8523333333</latitude>
          <altitude>5100.5232</altitude>
          <altitudeMode>absolute</altitudeMode>
          <range>20000</range>
          <tilt>25</tilt>
          <heading>0</heading>
        </LookAt>
        <visibility>1</visibility>
        <styleUrl>#balloon0</styleUrl>
        <Point>
          <extrude>0</extrude>
          <altitudeMode>absolute</altitudeMode>
          <coordinates>16.8636666667,46.8523333333,5100.5232</coordinates>
        </Point>
        </Placemark>
            <Placemark>
          <name>Track Segment #1</name>
          <visibility>1</visibility>
          <Style>
            <LineStyle>
              <color>ff0000ff</color>
              <width>4</width>
            </LineStyle>
            <PolyStyle>
              <color>7fffffff</color>
            </PolyStyle>
          </Style>
          <LineString>
           <extrude>1</extrude>
            <tessellate>1</tessellate>
            <altitudeMode>absolute</altitudeMode>
            <coordinates>
16.6296666667,46.9201666667,2108.3016
16.6143333333,46.8995,3379.0128
16.6128333333,46.8951666667,3732.8856
16.6105,46.8873333333,4969.4592
16.6115,46.8866666667,5077.6632
16.6283333333,46.8896666667,5794.248
16.6405,46.895,6191.4024
16.6566666667,46.8993333333,6601.0536
16.6731666667,46.9051666667,7007.0472
16.6741666667,46.9053333333,7028.9928
16.6741666667,46.9053333333,7028.9928
16.707,46.911,8290.8648
16.7083333333,46.9093333333,8674.608
16.711,46.9026666667,9199.4736
16.7126666667,46.8985,9683.496
16.7123333333,46.8938333333,10155.3264
16.7146666667,46.889,10612.2216
16.7158333333,46.886,10881.9696
16.7275,46.876,12095.6832
16.7365,46.8716666667,12541.6056
16.7418333333,46.8696666667,13054.584
16.7418333333,46.8696666667,13054.584
16.7418333333,46.8696666667,13054.584
16.7418333333,46.8696666667,13054.584
16.8636666667,46.8523333333,5100.5232
            </coordinates>
          </LineString>
        </Placemark>
          </Folder>
          <Folder>
        <name>HA1NX-13</name>

            <Placemark>
        <description><![CDATA[<b>Vehicle:</b> HA1NX-13<br /><b>Time:</b> 2022-02-26 12:41:29<br /><b>Position:</b> 46.8551666667,16.8253333333<br /><b>Altitude:</b> 13577.316 m<br /></br><b>Data</b></br><hr/><b>comment: </b>HAB 432.775HMHz APRS Ubat=2.90V temp=7C<br/>]]></description>
         <name>HA1NX-13</name>
        <LookAt>
          <longitude>16.8253333333</longitude>
          <latitude>46.8551666667</latitude>
          <altitude>13577.316</altitude>
          <altitudeMode>absolute</altitudeMode>
          <range>20000</range>
          <tilt>25</tilt>
          <heading>0</heading>
        </LookAt>
        <visibility>1</visibility>
        <styleUrl>#balloon1</styleUrl>
        <Point>
          <extrude>0</extrude>
          <altitudeMode>absolute</altitudeMode>
          <coordinates>16.8253333333,46.8551666667,13577.316</coordinates>
        </Point>
        </Placemark>
            <Placemark>
          <name>Track Segment #1</name>
          <visibility>1</visibility>
          <Style>
            <LineStyle>
              <color>ffff0000</color>
              <width>4</width>
            </LineStyle>
            <PolyStyle>
              <color>7fffffff</color>
            </PolyStyle>
          </Style>
          <LineString>
           <extrude>1</extrude>
            <tessellate>1</tessellate>
            <altitudeMode>absolute</altitudeMode>
            <coordinates>
16.6245,46.9115,2571.2928
16.611,46.89,4376.6232
16.6103333333,46.8878333333,4780.4832
16.6125,46.8866666667,5165.4456
16.649,46.8973333333,6416.3448
16.6683333333,46.903,6888.1752
16.6683333333,46.903,6888.1752
16.6683333333,46.903,6888.1752
16.7123333333,46.8971666667,9837.42
16.7446666667,46.869,13241.4264
16.7568333333,46.8623333333,14229.2832
16.7571666667,46.8615,14287.1952
16.7571666667,46.8615,14287.1952
16.7571666667,46.8615,14287.1952
16.8143333333,46.8538333333,18728.1312
16.8253333333,46.8551666667,13577.316
            </coordinates>
          </LineString>
        </Placemark>
          </Folder>
          <Folder>
        <name>HB3XAD-11</name>

            <Placemark>
        <description><![CDATA[<b>Vehicle:</b> HB3XAD-11<br /><b>Time:</b> 2022-02-27 13:14:01<br /><b>Position:</b> 46.944,7.582<br /><b>Altitude:</b> 747 m<br /></br><b>Data</b></br><hr/><b>comment: </b>`Balloon HB-QWP | QRV on FM 145.500_0<br/>]]></description>
         <name>HB3XAD-11</name>
        <LookAt>
          <longitude>7.582</longitude>
          <latitude>46.944</latitude>
          <altitude>747</altitude>
          <altitudeMode>absolute</altitudeMode>
          <range>20000</range>
          <tilt>25</tilt>
          <heading>167</heading>
        </LookAt>
        <visibility>1</visibility>
        <styleUrl>#balloon2</styleUrl>
        <Point>
          <extrude>0</extrude>
          <altitudeMode>absolute</altitudeMode>
          <coordinates>7.582,46.944,747</coordinates>
        </Point>
        </Placemark>
            <Placemark>
          <name>Track Segment #1</name>
          <visibility>1</visibility>
          <Style>
            <LineStyle>
              <color>ff00ff00</color>
              <width>4</width>
            </LineStyle>
            <PolyStyle>
              <color>7fffffff</color>
            </PolyStyle>
          </Style>
          <LineString>
           <extrude>1</extrude>
            <tessellate>1</tessellate>
            <altitudeMode>absolute</altitudeMode>
            <coordinates>
8.555,47.0281666667,2005
8.55166666667,47.0276666667,2046
8.547,47.0271666667,2090
8.54333333333,47.0266666667,2141
8.53983333333,47.0261666667,2169
8.53616666667,47.0258333333,2208
8.5325,47.0253333333,2229
8.5255,47.0246666667,2245
8.52183333333,47.0241666667,2261
8.518,47.0238333333,2251
8.51416666667,47.0233333333,2295
8.50983333333,47.0228333333,2328
8.50516666667,47.0225,2338
8.501,47.0221666667,2330
8.49633333333,47.0216666667,2309
8.49183333333,47.0213333333,2332
8.48666666667,47.0208333333,2323
8.48233333333,47.0206666667,2290
8.47783333333,47.0203333333,2302
8.57183333333,47.0315,1817
8.4735,47.0201666667,2355
8.4685,47.02,2392
8.46316666667,47.0198333333,2397
8.45733333333,47.0193333333,2379
8.4525,47.019,2339
8.448,47.0186666667,2326
8.442,47.0183333333,2353
8.4365,47.0178333333,2385
8.432,47.0175,2378
8.427,47.0171666667,2311
8.42066666667,47.0165,2247
8.4165,47.016,2266
8.41166666667,47.0155,2296
8.40766666667,47.015,2296
8.4035,47.0145,2281
8.398,47.0136666667,2225
8.39333333333,47.0131666667,2232
8.3895,47.0125,2238
8.3855,47.012,2260
8.38116666667,47.0116666667,2295
8.37466666667,47.011,2332
8.369,47.0106666667,2364
8.36333333333,47.0103333333,2385
8.35833333333,47.01,2397
8.35216666667,47.0096666667,2417
8.34566666667,47.0091666667,2474
8.33966666667,47.0088333333,2483
8.33266666667,47.0083333333,2475
8.326,47.0078333333,2425
8.32033333333,47.0075,2464
8.31516666667,47.0071666667,2504
8.3095,47.0068333333,2543
8.30416666667,47.0065,2546
8.29883333333,47.0061666667,2496
8.29366666667,47.006,2472
8.2885,47.0056666667,2482
8.28316666667,47.0053333333,2492
8.2775,47.0051666667,2481
8.2695,47.0048333333,2433
8.26316666667,47.0045,2461
8.25666666667,47.0043333333,2496
8.25066666667,47.004,2494
8.245,47.0036666667,2458
8.2395,47.0033333333,2474
8.23316666667,47.003,2501
8.22766666667,47.0026666667,2509
8.2215,47.0021666667,2490
8.21583333333,47.0018333333,2511
8.2095,47.0013333333,2533
8.203,47.0006666667,2499
8.194,46.9996666667,2470
8.18483333333,46.9986666667,2496
8.1775,46.9978333333,2484
8.1705,46.997,2505
8.16466666667,46.9963333333,2507
8.158,46.9953333333,2514
8.15016666667,46.9943333333,2493
8.144,46.9935,2434
8.4735,47.0201666667,2355
8.432,47.0175,2378
8.1375,46.9928333333,2415
8.12866666667,46.9918333333,2484
8.12266666667,46.9911666667,2506
8.1165,46.9905,2495
8.11083333333,46.99,2447
8.10333333333,46.9893333333,2407
8.09783333333,46.9888333333,2366
8.09233333333,46.9883333333,2344
8.08633333333,46.988,2360
8.08033333333,46.9875,2413
8.07433333333,46.9871666667,2445
8.069,46.9868333333,2466
8.06266666667,46.9863333333,2436
8.05733333333,46.986,2389
8.051,46.9856666667,2372
8.04266666667,46.9851666667,2401
8.0375,46.9848333333,2390
8.03066666667,46.9846666667,2352
8.02466666667,46.9843333333,2337
8.0185,46.9841666667,2355
8.013,46.984,2367
8.00783333333,46.9838333333,2347
8.002,46.9836666667,2312
7.99683333333,46.9833333333,2314
7.99116666667,46.9831666667,2372
7.98566666667,46.983,2399
7.97983333333,46.9828333333,2446
7.97316666667,46.9825,2467
7.96716666667,46.9821666667,2476
7.96116666667,46.9818333333,2439
8.1705,46.997,2505
8.16466666667,46.9963333333,2507
7.95216666667,46.9815,2329
7.94633333333,46.9813333333,2336
7.94083333333,46.9811666667,2349
7.9355,46.981,2328
7.93016666667,46.9806666667,2277
7.924,46.9805,2248
8.12266666667,46.9911666667,2506
8.08633333333,46.988,2360
8.06266666667,46.9863333333,2436
7.91683333333,46.9801666667,2175
7.91133333333,46.9796666667,2111
7.90583333333,46.9793333333,2090
7.90066666667,46.9788333333,2131
7.89566666667,46.9783333333,2156
7.88916666667,46.9776666667,2143
7.88433333333,46.9771666667,2115
7.87866666667,46.9766666667,2150
7.7475,46.9685,1410
7.746,46.9683333333,1296
7.74516666667,46.9683333333,1188
7.7455,46.9683333333,1071
7.74533333333,46.9688333333,965
7.74483333333,46.969,880
7.74466666667,46.969,855
7.74616666667,46.9686666667,683
7.74683333333,46.9683333333,706
7.7475,46.9676666667,704
7.75066666667,46.968,653
7.75266666667,46.9675,739
7.754,46.9675,792
7.75566666667,46.9671666667,851
7.756,46.9668333333,842
7.75666666667,46.9663333333,898
7.75733333333,46.9658333333,963
7.75816666667,46.9651666667,1000
7.75933333333,46.9645,1022
7.76083333333,46.9645,1070
7.76116666667,46.9646666667,1108
7.7615,46.9645,1181
7.76166666667,46.964,1211
7.76166666667,46.964,1212
7.76066666667,46.9633333333,1381
7.75883333333,46.9626666667,1407
7.75683333333,46.9625,1394
7.75533333333,46.9625,1410
7.75383333333,46.9623333333,1416
7.7525,46.9621666667,1401
7.751,46.9618333333,1386
7.74983333333,46.9615,1368
7.749,46.9613333333,1353
7.74816666667,46.9615,1342
7.7475,46.9615,1364
7.74666666667,46.9615,1409
7.74516666667,46.9613333333,1406
7.74433333333,46.9618333333,1382
7.74366666667,46.962,1410
7.74316666667,46.962,1415
7.74283333333,46.9618333333,1405
7.74216666667,46.962,1464
7.741,46.9618333333,1521
7.73983333333,46.9616666667,1525
7.7385,46.9615,1418
7.7385,46.961,1325
7.7375,46.96,1125
7.73766666667,46.96,1070
7.7375,46.9603333333,939
7.73733333333,46.9605,884
7.7365,46.961,842
7.73583333333,46.9616666667,806
7.7345,46.9621666667,749
7.73366666667,46.9628333333,839
7.73333333333,46.9636666667,954
7.7335,46.964,1033
7.73366666667,46.9643333333,1089
7.73366666667,46.9646666667,1140
7.7335,46.965,1233
7.73316666667,46.9651666667,1269
7.73316666667,46.9653333333,1271
7.73316666667,46.9656666667,1240
7.73383333333,46.9658333333,1222
7.735,46.9658333333,1238
7.736,46.966,1205
7.73633333333,46.9658333333,1184
7.73683333333,46.9656666667,1204
7.7375,46.9655,1244
7.738,46.9655,1248
7.7385,46.9658333333,1233
7.73883333333,46.9665,1215
7.73916666667,46.9671666667,1189
7.73883333333,46.9676666667,1185
7.738,46.9681666667,1168
7.737,46.9686666667,1123
7.73616666667,46.9693333333,1101
7.73566666667,46.9696666667,1125
7.7355,46.97,1157
7.73533333333,46.9703333333,1170
7.735,46.9706666667,1155
7.7345,46.9711666667,1091
7.73433333333,46.9715,1039
7.73383333333,46.9716666667,1022
7.73383333333,46.9716666667,1018
7.73316666667,46.9721666667,1103
7.73233333333,46.9728333333,1242
7.73066666667,46.9735,1322
7.7295,46.9741666667,1372
7.728,46.9746666667,1394
7.72666666667,46.975,1398
7.7255,46.9751666667,1397
7.72433333333,46.9755,1395
7.72316666667,46.976,1385
7.722,46.9765,1382
7.72066666667,46.9768333333,1417
7.71866666667,46.9766666667,1463
7.716,46.9766666667,1437
7.7145,46.977,1412
7.71316666667,46.9773333333,1413
7.71216666667,46.9778333333,1418
7.71083333333,46.9781666667,1429
7.70916666667,46.9785,1414
7.7075,46.9786666667,1396
7.70633333333,46.9786666667,1390
7.70483333333,46.9783333333,1348
7.70366666667,46.978,1308
7.70216666667,46.9778333333,1278
7.70083333333,46.9773333333,1259
7.69933333333,46.977,1233
7.697,46.976,1149
7.69466666667,46.9748333333,1087
7.69233333333,46.9733333333,1009
7.69033333333,46.9718333333,904
7.68933333333,46.9703333333,838
7.68833333333,46.9656666667,891
7.68783333333,46.9645,923
7.6875,46.9628333333,965
7.68733333333,46.9615,1049
7.687,46.96,1115
7.687,46.9586666667,1258
7.68683333333,46.9586666667,1371
7.68533333333,46.9591666667,1423
7.68316666667,46.9598333333,1504
7.68083333333,46.96,1538
7.67833333333,46.9601666667,1556
7.67583333333,46.9605,1563
7.67283333333,46.9608333333,1547
7.67016666667,46.961,1515
7.6665,46.9611666667,1477
7.6635,46.9613333333,1501
7.66083333333,46.9613333333,1536
7.658,46.9615,1565
7.6525,46.9615,1578
7.64966666667,46.9613333333,1548
7.64466666667,46.9611666667,1575
7.64133333333,46.961,1575
7.63783333333,46.961,1545
7.63416666667,46.961,1540
7.63066666667,46.961,1569
7.62733333333,46.9608333333,1581
7.62366666667,46.9608333333,1552
7.6205,46.9608333333,1495
7.617,46.9605,1403
7.61483333333,46.9601666667,1353
7.613,46.9596666667,1299
7.61116666667,46.9591666667,1284
7.6095,46.9585,1305
7.60766666667,46.958,1331
7.606,46.9573333333,1348
7.60316666667,46.9563333333,1293
7.60166666667,46.9555,1228
7.59983333333,46.9545,1145
7.598,46.9531666667,1083
7.59583333333,46.9516666667,1010
7.59383333333,46.9505,964
7.592,46.9493333333,927
7.58983333333,46.9483333333,925
7.58766666667,46.9473333333,910
7.586,46.9465,861
7.58416666667,46.9456666667,823
7.5825,46.9445,782
7.582,46.944,762
7.582,46.944,747
            </coordinates>
          </LineString>
        </Placemark>
          </Folder>
          <Folder>
        <name>HORUS-V2</name>

            <Placemark>
        <description><![CDATA[<b>Vehicle:</b> HORUS-V2<br /><b>Time:</b> 2022-02-26 02:47:57<br /><b>Position:</b> -34.37223,139.99165<br /><b>Altitude:</b> 71 m<br /><b>Speed:</b> 15 km/h<br /></br><b>Data</b></br><hr/><b>battery: </b>1.51<br/><b>ascentrate: </b>-11.09<br/><b>humidity: </b>0.0<br/><b>pressure: </b>1006.0<br/><b>temperature_internal: </b>63<br/><b>satellites: </b>10<br/><b>temperature_external: </b>52.1<br/>]]></description>
         <name>HORUS-V2</name>
        <LookAt>
          <longitude>139.99165</longitude>
          <latitude>-34.37223</latitude>
          <altitude>71</altitude>
          <altitudeMode>absolute</altitudeMode>
          <range>20000</range>
          <tilt>25</tilt>
          <heading>0</heading>
        </LookAt>
        <visibility>1</visibility>
        <styleUrl>#balloon3</styleUrl>
        <Point>
          <extrude>0</extrude>
          <altitudeMode>absolute</altitudeMode>
          <coordinates>139.99165,-34.37223,71</coordinates>
        </Point>
        </Placemark>
            <Placemark>
          <name>Track Segment #1</name>
          <visibility>1</visibility>
          <Style>
            <LineStyle>
              <color>ff00ffff</color>
              <width>4</width>
            </LineStyle>
            <PolyStyle>
              <color>7fffffff</color>
            </PolyStyle>
          </Style>
          <LineString>
           <extrude>1</extrude>
            <tessellate>1</tessellate>
            <altitudeMode>absolute</altitudeMode>
            <coordinates>
138.69279,-34.72068,89
138.69284,-34.72068,97
138.69283,-34.72069,99
138.69284,-34.72069,98
138.69284,-34.7207,99
138.69283,-34.72064,95
138.69281,-34.72068,96
138.69283,-34.72065,94
138.69283,-34.72063,95
138.69283,-34.72063,98
138.69283,-34.72063,98
138.69284,-34.72063,98
138.69284,-34.72064,97
138.69284,-34.72063,96
138.69283,-34.72063,95
138.69283,-34.72062,93
138.69293,-34.72065,91
138.69302,-34.7206,120
138.69313,-34.72058,161
138.69333,-34.72056,200
138.6936,-34.72051,242
138.69365,-34.72062,271
138.69363,-34.72066,298
138.69363,-34.72068,329
138.69341,-34.72073,357
138.69312,-34.72075,395
138.69254,-34.72075,420
138.69191,-34.72078,439
138.69135,-34.7208,457
138.69052,-34.72082,484
138.68982,-34.72088,504
138.68874,-34.72092,533
138.68773,-34.72092,560
138.68677,-34.72089,587
138.68564,-34.72078,617
138.68469,-34.72066,644
138.68384,-34.72064,672
138.68286,-34.7208,705
138.68214,-34.72095,730
138.68153,-34.72109,752
138.68097,-34.72123,771
138.68024,-34.72143,796
138.67969,-34.72155,816
138.6792,-34.72167,835
138.67856,-34.7218,861
138.67812,-34.72192,880
138.67769,-34.72201,902
138.67722,-34.72208,929
138.6769,-34.72213,954
138.67661,-34.72213,975
138.67627,-34.72209,1005
138.67601,-34.72207,1030
138.67578,-34.72202,1053
138.67554,-34.72197,1079
138.67535,-34.72186,1105
138.67525,-34.72179,1128
138.67516,-34.72161,1155
138.67508,-34.72142,1176
138.675,-34.72121,1199
138.67491,-34.721,1221
138.67484,-34.72084,1242
138.67467,-34.72063,1268
138.67451,-34.72041,1290
138.67444,-34.72017,1312
138.67435,-34.71985,1338
138.6743,-34.71961,1358
138.67429,-34.71928,1383
138.67433,-34.71901,1405
138.67436,-34.71877,1425
138.67442,-34.71848,1449
138.6745,-34.71829,1467
138.67465,-34.71807,1496
138.67484,-34.71797,1519
138.67516,-34.71792,1541
138.67563,-34.71788,1572
138.67609,-34.7179,1595
138.67651,-34.71791,1617
138.67705,-34.71795,1644
138.67749,-34.71799,1668
138.67792,-34.71805,1692
138.6785,-34.71811,1716
138.67903,-34.71814,1738
138.67949,-34.71822,1762
138.68002,-34.71831,1790
138.68056,-34.7184,1811
138.68103,-34.71849,1829
138.68156,-34.71861,1851
138.68207,-34.71871,1871
138.68251,-34.7188,1891
138.68306,-34.71896,1914
138.68355,-34.71908,1933
138.68413,-34.71925,1959
138.68463,-34.71941,1981
138.68509,-34.71956,2002
138.68564,-34.71974,2028
138.68614,-34.71988,2051
138.68658,-34.72001,2073
138.68706,-34.72015,2095
138.68767,-34.72036,2125
138.68813,-34.7205,2150
138.68855,-34.72065,2175
138.68915,-34.72084,2204
138.68964,-34.72105,2227
138.69009,-34.72123,2248
138.69067,-34.72147,2274
138.69116,-34.72169,2298
138.69164,-34.72189,2321
138.69225,-34.72211,2349
138.69276,-34.72223,2375
138.69322,-34.72229,2398
138.6936,-34.72232,2425
138.69391,-34.72233,2451
138.69406,-34.72231,2477
138.69417,-34.72225,2505
138.69435,-34.72221,2529
138.6946,-34.72221,2551
138.69482,-34.72227,2573
138.69518,-34.72239,2599
138.69554,-34.72252,2622
138.69594,-34.72266,2643
138.69644,-34.72279,2667
138.69687,-34.72283,2690
138.69725,-34.72283,2713
138.69768,-34.72281,2741
138.698,-34.72276,2767
138.69827,-34.72271,2789
138.69856,-34.72265,2816
138.69882,-34.72263,2841
138.69908,-34.7226,2866
138.6993,-34.72258,2887
138.69952,-34.72257,2908
138.69978,-34.72258,2935
138.70001,-34.72259,2957
138.70021,-34.7226,2979
138.70047,-34.72263,3005
138.70068,-34.72266,3028
138.70088,-34.7227,3048
138.70113,-34.72275,3074
138.70135,-34.72278,3096
138.70155,-34.72276,3117
138.70177,-34.72267,3141
138.70192,-34.72255,3161
138.7021,-34.72238,3185
138.70224,-34.72225,3205
138.70236,-34.72213,3224
138.70255,-34.72197,3249
138.70268,-34.72185,3267
138.70285,-34.72169,3290
138.70306,-34.72153,3314
138.70328,-34.72137,3335
138.70348,-34.72124,3354
138.70369,-34.72112,3377
138.7039,-34.72097,3397
138.70413,-34.72071,3421
138.70425,-34.72049,3444
138.7043,-34.72032,3464
138.70432,-34.72011,3489
138.70438,-34.71992,3511
138.70442,-34.71968,3533
138.70454,-34.71938,3558
138.70462,-34.71912,3580
138.7047,-34.71891,3601
138.70476,-34.71869,3623
138.7048,-34.71842,3651
138.7049,-34.71817,3674
138.705,-34.7179,3697
138.70517,-34.71744,3725
138.70531,-34.7171,3748
138.70546,-34.71673,3771
138.70569,-34.71626,3800
138.70592,-34.71584,3825
138.70618,-34.71539,3851
138.70642,-34.71498,3873
138.70665,-34.71457,3895
138.70697,-34.71404,3925
138.70724,-34.71363,3948
138.70755,-34.71321,3971
138.7079,-34.71274,3999
138.70827,-34.7123,4023
138.70862,-34.71189,4046
138.70905,-34.71142,4075
138.70941,-34.71104,4099
138.70981,-34.71068,4121
138.71036,-34.71018,4149
138.71089,-34.70969,4173
138.71133,-34.70922,4196
138.71182,-34.70868,4223
138.71214,-34.70823,4247
138.71242,-34.70775,4272
138.71289,-34.70722,4297
138.71336,-34.7067,4320
138.71388,-34.70618,4340
138.71445,-34.70563,4361
138.71526,-34.70492,4388
138.71584,-34.70436,4409
138.71646,-34.70377,4429
138.71732,-34.70298,4454
138.71811,-34.70228,4475
138.71899,-34.70158,4498
138.71977,-34.70102,4517
138.72058,-34.70047,4537
138.72173,-34.6997,4563
138.72264,-34.6991,4583
138.72353,-34.69847,4602
138.72467,-34.69768,4629
138.72552,-34.69712,4651
138.72638,-34.69656,4672
138.72742,-34.69587,4699
138.72827,-34.69528,4723
138.72827,-34.69528,4723
138.72827,-34.69528,4723
138.7291,-34.69473,4744
138.73009,-34.69407,4770
138.73096,-34.6935,4794
138.73175,-34.69298,4815
138.73254,-34.69249,4837
138.73347,-34.69191,4862
138.73454,-34.69131,4891
138.73537,-34.69079,4917
138.73613,-34.69028,4940
138.73701,-34.6896,4968
138.73775,-34.68899,4993
138.73842,-34.68838,5016
138.73926,-34.68757,5044
138.73994,-34.68686,5071
138.74054,-34.68616,5095
138.74112,-34.68543,5120
138.74178,-34.68453,5148
138.74252,-34.68355,5177
138.7433,-34.6827,5205
138.74405,-34.68196,5232
138.74512,-34.68105,5264
138.74608,-34.68029,5290
138.74695,-34.67962,5314
138.74808,-34.67882,5346
138.74911,-34.6782,5373
138.75018,-34.6776,5398
138.75127,-34.67702,5425
138.75252,-34.67637,5455
138.75362,-34.67583,5480
138.7547,-34.67525,5505
138.75616,-34.6745,5537
138.75729,-34.67389,5562
138.75847,-34.67327,5587
138.75996,-34.67247,5619
138.76129,-34.67175,5644
138.76274,-34.67093,5671
138.76402,-34.6702,5695
138.76573,-34.66927,5726
138.76736,-34.66841,5751
138.76886,-34.66766,5774
138.7704,-34.66693,5797
138.77245,-34.66605,5827
138.77396,-34.66545,5851
138.77547,-34.66489,5873
138.77739,-34.66425,5902
138.77901,-34.66372,5925
138.78082,-34.6632,5950
138.78238,-34.66274,5971
138.78394,-34.6623,5992
138.78604,-34.66172,6023
138.78763,-34.66129,6045
138.78923,-34.66087,6068
138.79121,-34.66037,6096
138.79295,-34.65997,6119
138.79456,-34.65958,6142
138.79655,-34.65911,6171
138.79828,-34.65871,6195
138.79987,-34.65835,6218
138.8018,-34.65788,6247
138.80344,-34.65747,6272
138.80493,-34.65709,6296
138.80661,-34.65667,6324
138.80804,-34.65628,6348
138.8098,-34.65577,6379
138.81128,-34.65533,6405
138.81255,-34.6549,6429
138.81409,-34.65429,6458
138.81543,-34.65374,6487
138.81673,-34.6532,6511
138.81836,-34.65254,6541
138.8196,-34.65211,6563
138.82133,-34.65159,6593
138.8228,-34.65115,6619
138.82413,-34.65075,6643
138.82576,-34.65026,6673
138.82718,-34.64985,6700
138.82846,-34.64946,6724
138.83009,-34.64897,6754
138.83154,-34.64856,6781
138.83295,-34.64817,6806
138.83461,-34.64771,6833
138.83604,-34.6473,6857
138.83786,-34.64677,6889
138.83943,-34.64631,6916
138.84088,-34.64586,6942
138.84271,-34.64528,6974
138.8443,-34.64477,7001
138.84578,-34.64426,7026
138.84767,-34.64362,7057
138.84929,-34.6431,7085
138.85078,-34.64265,7109
138.85251,-34.64215,7139
138.85394,-34.64177,7164
138.85562,-34.64133,7193
138.85707,-34.64101,7219
138.85901,-34.64061,7251
138.86049,-34.6403,7277
138.86201,-34.63999,7303
138.86414,-34.63951,7338
138.86578,-34.63913,7365
138.86746,-34.63879,7391
138.86955,-34.63836,7423
138.87149,-34.63799,7455
138.87326,-34.63765,7485
138.87498,-34.63737,7512
138.87677,-34.6371,7538
138.87921,-34.63674,7573
138.88106,-34.63646,7599
138.88292,-34.63618,7625
138.88527,-34.63581,7658
138.88734,-34.63546,7685
138.88928,-34.63512,7710
138.89172,-34.63467,7742
138.89388,-34.63419,7769
138.89583,-34.6337,7794
138.89825,-34.63301,7827
138.90034,-34.63241,7854
138.90228,-34.63186,7881
138.90468,-34.63115,7911
138.90671,-34.63052,7937
138.90863,-34.62996,7960
138.91104,-34.62927,7989
138.91307,-34.62867,8015
138.91512,-34.62807,8040
138.91711,-34.62748,8065
138.91895,-34.62698,8088
138.92123,-34.62634,8118
138.92319,-34.62574,8144
138.92493,-34.62513,8168
138.92717,-34.62434,8198
138.92886,-34.62379,8221
138.93111,-34.62316,8250
138.93315,-34.62263,8273
138.93588,-34.62186,8306
138.93793,-34.62123,8329
138.93994,-34.6205,8356
138.94247,-34.61952,8387
138.94469,-34.61861,8413
138.94707,-34.61758,8441
138.94911,-34.61668,8465
138.95168,-34.61549,8499
138.95396,-34.61444,8527
138.9561,-34.61339,8557
138.95833,-34.61231,8586
138.96133,-34.61086,8621
138.96364,-34.60973,8649
138.96605,-34.60856,8677
138.9689,-34.60715,8708
138.97206,-34.6055,8739
138.97482,-34.60406,8765
138.97745,-34.60271,8789
138.98009,-34.60138,8812
138.98363,-34.5997,8847
138.9863,-34.5984,8875
138.98944,-34.59682,8908
138.99251,-34.59542,8940
138.99567,-34.59407,8969
138.99857,-34.5928,8995
139.00221,-34.59126,9028
139.00543,-34.58995,9055
139.00839,-34.58876,9080
139.01216,-34.58728,9111
139.01544,-34.58602,9138
139.01845,-34.58483,9162
139.02228,-34.58332,9195
139.02562,-34.58204,9223
139.02876,-34.58088,9250
139.03276,-34.57942,9289
139.03622,-34.57816,9325
139.03979,-34.57702,9355
139.04349,-34.57595,9378
139.04691,-34.57493,9398
139.05124,-34.57361,9423
139.05501,-34.57248,9448
139.05847,-34.57138,9472
139.06291,-34.57001,9504
139.06674,-34.56877,9536
139.07034,-34.56762,9561
139.07487,-34.56617,9583
139.07887,-34.56492,9600
139.08264,-34.56377,9617
139.08638,-34.56261,9632
139.09137,-34.56104,9656
139.09505,-34.55985,9675
139.09869,-34.55865,9698
139.10321,-34.55713,9727
139.10709,-34.55579,9753
139.11063,-34.55457,9778
139.11476,-34.55311,9808
139.11839,-34.55188,9833
139.12318,-34.55023,9868
139.12679,-34.54898,9895
139.13039,-34.54775,9921
139.13486,-34.54622,9954
139.13873,-34.54489,9984
139.14229,-34.54369,10013
139.14674,-34.54214,10049
139.15059,-34.54081,10077
139.15421,-34.53956,10105
139.15875,-34.53799,10139
139.1627,-34.53665,10169
139.16637,-34.53542,10196
139.17088,-34.53387,10230
139.17479,-34.53254,10258
139.17838,-34.53131,10284
139.18289,-34.52979,10314
139.18678,-34.52845,10342
139.19026,-34.52726,10367
139.19373,-34.52605,10393
139.1983,-34.52443,10426
139.20171,-34.52321,10450
139.20509,-34.522,10474
139.20935,-34.52051,10504
139.213,-34.51924,10530
139.21635,-34.51807,10555
139.22055,-34.51668,10590
139.22415,-34.51551,10619
139.22752,-34.51444,10649
139.23137,-34.51324,10683
139.2347,-34.51223,10712
139.23911,-34.51091,10749
139.24245,-34.51006,10774
139.24577,-34.5093,10800
139.24969,-34.50852,10828
139.25398,-34.50787,10857
139.25766,-34.50729,10884
139.26114,-34.50669,10911
139.26463,-34.50613,10935
139.26935,-34.50539,10970
139.27289,-34.50481,10995
139.2764,-34.5042,11023
139.28082,-34.50338,11059
139.2849,-34.50249,11092
139.2887,-34.50161,11121
139.29247,-34.5007,11149
139.29625,-34.49971,11177
139.2997,-34.49874,11204
139.30409,-34.4975,11236
139.30792,-34.49647,11265
139.31212,-34.4954,11297
139.31577,-34.49445,11322
139.31937,-34.49346,11348
139.32385,-34.49213,11380
139.32782,-34.49094,11409
139.33212,-34.48959,11440
139.33609,-34.48819,11469
139.3401,-34.4867,11499
139.34383,-34.48531,11524
139.34846,-34.48356,11556
139.35246,-34.48204,11585
139.35623,-34.48066,11611
139.36067,-34.47912,11641
139.3645,-34.47783,11668
139.36938,-34.47626,11700
139.37363,-34.47481,11728
139.37752,-34.47344,11753
139.3824,-34.47179,11786
139.38657,-34.47036,11815
139.39044,-34.46912,11842
139.39531,-34.46764,11876
139.39952,-34.46636,11905
139.40338,-34.4652,11931
139.40828,-34.46381,11963
139.41193,-34.46283,11987
139.41698,-34.46153,12020
139.42133,-34.4604,12047
139.42542,-34.45943,12073
139.43059,-34.45826,12106
139.43518,-34.45725,12133
139.43951,-34.4564,12158
139.44496,-34.45534,12188
139.44897,-34.45453,12209
139.45441,-34.45338,12238
139.45906,-34.45238,12263
139.46336,-34.45148,12286
139.46877,-34.45036,12316
139.47337,-34.4494,12344
139.47757,-34.44851,12370
139.48268,-34.44736,12403
139.48706,-34.44636,12430
139.4911,-34.44551,12457
139.49628,-34.44442,12489
139.50081,-34.44351,12519
139.50505,-34.44265,12547
139.50935,-34.4418,12576
139.51501,-34.44064,12613
139.51918,-34.43975,12641
139.52327,-34.43882,12670
139.52831,-34.43771,12705
139.53264,-34.43674,12736
139.5367,-34.43583,12765
139.54189,-34.43463,12800
139.54645,-34.43356,12829
139.55069,-34.43259,12857
139.55608,-34.43137,12892
139.56075,-34.43037,12922
139.565,-34.42947,12948
139.56995,-34.42842,12980
139.57423,-34.4275,13006
139.57959,-34.42628,13037
139.58414,-34.42527,13064
139.58833,-34.42437,13088
139.59361,-34.4233,13118
139.59825,-34.42237,13144
139.60269,-34.42149,13167
139.60831,-34.42035,13194
139.61328,-34.4193,13217
139.61786,-34.41832,13240
139.62358,-34.41711,13269
139.62851,-34.41608,13295
139.63312,-34.41508,13319
139.63776,-34.41409,13344
139.644,-34.4127,13378
139.64905,-34.41149,13408
139.65414,-34.41022,13438
139.65878,-34.409,13466
139.66467,-34.40749,13503
139.66988,-34.40612,13535
139.67456,-34.40487,13565
139.67996,-34.40345,13600
139.68509,-34.40203,13633
139.68929,-34.40086,13662
139.69325,-34.39972,13688
139.69835,-34.3983,13724
139.70203,-34.39732,13750
139.70566,-34.39637,13778
139.70993,-34.39529,13814
139.71342,-34.39445,13845
139.71648,-34.39371,13873
139.72014,-34.39283,13907
139.72319,-34.3921,13935
139.726,-34.39142,13961
139.72958,-34.39055,13995
139.73276,-34.38985,14025
139.73575,-34.38918,14052
139.73953,-34.38836,14086
139.74181,-34.38786,14105
139.74619,-34.38688,14143
139.74959,-34.38616,14171
139.75278,-34.38551,14200
139.75681,-34.38469,14235
139.76041,-34.38393,14267
139.76375,-34.38317,14298
139.76785,-34.38233,14334
139.77139,-34.38157,14366
139.77477,-34.38078,14395
139.77913,-34.37978,14430
139.78299,-34.37883,14460
139.78659,-34.37794,14487
139.79024,-34.377,14514
139.79517,-34.37566,14548
139.79884,-34.37462,14574
139.80249,-34.37354,14598
139.80707,-34.37215,14627
139.81082,-34.37093,14656
139.81413,-34.36985,14683
139.81805,-34.36849,14711
139.82138,-34.36738,14739
139.82442,-34.36638,14766
139.82814,-34.36517,14799
139.83134,-34.36415,14827
139.83426,-34.36325,14854
139.83784,-34.36224,14888
139.84085,-34.36145,14919
139.84361,-34.3608,14948
139.84709,-34.36017,14983
139.8501,-34.35975,15015
139.85286,-34.35944,15044
139.85562,-34.35919,15073
139.85942,-34.35897,15112
139.8623,-34.35889,15140
139.8652,-34.35886,15168
139.86882,-34.3588,15203
139.87196,-34.35873,15232
139.87494,-34.35862,15259
139.87866,-34.35848,15292
139.88129,-34.35837,15317
139.88489,-34.35828,15352
139.88753,-34.35824,15379
139.89005,-34.35822,15407
139.89307,-34.3583,15442
139.89575,-34.35837,15472
139.89828,-34.3584,15499
139.90143,-34.35837,15534
139.90414,-34.35834,15564
139.90662,-34.35839,15592
139.90953,-34.35852,15626
139.91208,-34.35859,15656
139.91551,-34.3585,15695
139.91809,-34.35838,15725
139.92075,-34.35823,15754
139.92404,-34.35801,15792
139.92693,-34.35778,15824
139.92957,-34.35753,15854
139.93286,-34.35719,15892
139.93571,-34.35686,15924
139.93834,-34.35654,15953
139.94164,-34.35614,15989
139.94435,-34.35571,16019
139.94681,-34.35533,16049
139.94991,-34.35487,16085
139.95247,-34.35451,16118
139.95476,-34.35426,16146
139.95761,-34.35406,16182
139.9601,-34.35394,16214
139.96246,-34.35389,16244
139.965,-34.35385,16273
139.96843,-34.35373,16312
139.97108,-34.35362,16342
139.97374,-34.35349,16372
139.97701,-34.35328,16409
139.97974,-34.35303,16441
139.98213,-34.35273,16470
139.98499,-34.35231,16507
139.98729,-34.35186,16539
139.98936,-34.35139,16569
139.99191,-34.35065,16608
139.99408,-34.34989,16642
139.99611,-34.34915,16676
139.99867,-34.34816,16721
140.00066,-34.34715,16757
140.00224,-34.34618,16787
140.00407,-34.34501,16823
140.00545,-34.3441,16854
140.00661,-34.34335,16882
140.00772,-34.34269,16909
140.00909,-34.34193,16945
140.01013,-34.34148,16972
140.01109,-34.34111,16998
140.01239,-34.34074,17032
140.01363,-34.3404,17061
140.01486,-34.33999,17089
140.01643,-34.33931,17125
140.01784,-34.33864,17158
140.0191,-34.33797,17190
140.02039,-34.33715,17228
140.02129,-34.33644,17260
140.02229,-34.33556,17296
140.02299,-34.33484,17326
140.02356,-34.3341,17352
140.024,-34.33318,17385
140.02415,-34.33252,17418
140.02425,-34.33205,17451
140.0242,-34.3316,17490
140.02412,-34.33133,17525
140.02403,-34.3312,17558
140.02405,-34.33119,17601
140.02419,-34.33123,17636
140.02432,-34.33119,17667
140.02435,-34.33116,17706
140.02429,-34.33125,17739
140.02419,-34.33137,17770
140.02391,-34.33153,17806
140.02364,-34.33175,17836
140.02332,-34.33204,17875
140.02303,-34.33235,17906
140.02284,-34.33265,17936
140.02277,-34.33306,17973
140.02272,-34.33346,18002
140.02269,-34.33395,18033
140.02274,-34.33442,18067
140.02275,-34.33488,18097
140.02272,-34.33554,18136
140.02274,-34.33626,18170
140.02277,-34.33692,18200
140.0228,-34.33773,18238
140.02289,-34.3384,18270
140.02306,-34.339,18300
140.02325,-34.33977,18338
140.02344,-34.34035,18366
140.02374,-34.34108,18405
140.02411,-34.34164,18438
140.02451,-34.34221,18467
140.02518,-34.34311,18503
140.02592,-34.34406,18534
140.02676,-34.34496,18562
140.02805,-34.34611,18597
140.02931,-34.34701,18626
140.03044,-34.34767,18654
140.03154,-34.34826,18681
140.03308,-34.34896,18719
140.03419,-34.34937,18747
140.03539,-34.34966,18781
140.03624,-34.34981,18810
140.03697,-34.34998,18844
140.03732,-34.35018,18874
140.0376,-34.35031,18901
140.03787,-34.35038,18934
140.03812,-34.35041,18964
140.03822,-34.35045,18993
140.03827,-34.35057,19022
140.03816,-34.35083,19062
140.03795,-34.35109,19091
140.03775,-34.35138,19122
140.0376,-34.35184,19158
140.03746,-34.35228,19191
140.03737,-34.3527,19221
140.03731,-34.35329,19259
140.03732,-34.35388,19293
140.03741,-34.3545,19323
140.03746,-34.35526,19358
140.03754,-34.35593,19389
140.03777,-34.35676,19427
140.03809,-34.35737,19461
140.03827,-34.3578,19492
140.03838,-34.35812,19532
140.03839,-34.35836,19567
140.03831,-34.35857,19599
140.03815,-34.35872,19628
140.03783,-34.3587,19656
140.03731,-34.35878,19694
140.03693,-34.35897,19726
140.03665,-34.35927,19752
140.03638,-34.35975,19785
140.03615,-34.36038,19822
140.03615,-34.36098,19854
140.03635,-34.36156,19883
140.03668,-34.36214,19910
140.03705,-34.36261,19949
140.03699,-34.36279,19980
140.03676,-34.36289,20011
140.03615,-34.36296,20049
140.03546,-34.36303,20082
140.03477,-34.36308,20114
140.03392,-34.3632,20151
140.03328,-34.36335,20183
140.03278,-34.36352,20212
140.03229,-34.36377,20249
140.03198,-34.36413,20281
140.03165,-34.36446,20309
140.03104,-34.36485,20345
140.03035,-34.36519,20376
140.0298,-34.36547,20405
140.02927,-34.36567,20442
140.02887,-34.36582,20474
140.02852,-34.36595,20504
140.02829,-34.36599,20535
140.02823,-34.36603,20577
140.02821,-34.36604,20608
140.02812,-34.36607,20641
140.02792,-34.3661,20680
140.02782,-34.36608,20715
140.02779,-34.36589,20747
140.02776,-34.36564,20787
140.0276,-34.36541,20821
140.02748,-34.36517,20853
140.02713,-34.36495,20894
140.02669,-34.36485,20928
140.02621,-34.36485,20959
140.02538,-34.36496,20997
140.02451,-34.36518,21029
140.02362,-34.36552,21059
140.02252,-34.36604,21095
140.02164,-34.36657,21126
140.02092,-34.36702,21153
140.02025,-34.36737,21181
140.01953,-34.36773,21217
140.01901,-34.36806,21245
140.01855,-34.36841,21272
140.01799,-34.36881,21306
140.01759,-34.3692,21336
140.01726,-34.36954,21364
140.01686,-34.36985,21399
140.01651,-34.37001,21432
140.01604,-34.37,21465
140.01552,-34.36984,21493
140.01488,-34.36956,21521
140.01381,-34.36903,21560
140.01283,-34.36854,21592
140.01192,-34.36811,21625
140.01115,-34.36777,21655
140.01003,-34.36741,21694
140.00896,-34.36716,21728
140.00804,-34.36704,21759
140.00702,-34.367,21790
140.00549,-34.36708,21832
140.00446,-34.36719,21864
140.00357,-34.36726,21896
140.00266,-34.36749,21935
140.0018,-34.36785,21968
140.00099,-34.36808,21997
139.99974,-34.36826,22034
139.99869,-34.36833,22061
139.99724,-34.36841,22098
139.99628,-34.36848,22125
139.99541,-34.3686,22151
139.99446,-34.36869,22188
139.99393,-34.36866,22216
139.99329,-34.36864,22243
139.99242,-34.36862,22271
139.99092,-34.3686,22308
139.98952,-34.36866,22338
139.98808,-34.36872,22366
139.98674,-34.36877,22395
139.98488,-34.36885,22434
139.98351,-34.36897,22463
139.98224,-34.36913,22493
139.98065,-34.36942,22532
139.97922,-34.36979,22568
139.97786,-34.37026,22600
139.97621,-34.37079,22638
139.9749,-34.37118,22672
139.97377,-34.37151,22703
139.97231,-34.37182,22741
139.97096,-34.3721,22772
139.96951,-34.37245,22806
139.96822,-34.3728,22833
139.96698,-34.37318,22861
139.96552,-34.37368,22895
139.96426,-34.37411,22925
139.96318,-34.37441,22955
139.96193,-34.37469,22991
139.96107,-34.37484,23017
139.96011,-34.37493,23050
139.95912,-34.37487,23085
139.95813,-34.37474,23117
139.95714,-34.37469,23146
139.95572,-34.37467,23183
139.95436,-34.37476,23215
139.95302,-34.3749,23243
139.95166,-34.3751,23273
139.94972,-34.37544,23312
139.94824,-34.37583,23341
139.94658,-34.37632,23374
139.94522,-34.37681,23402
139.94362,-34.37736,23437
139.94234,-34.37778,23467
139.94118,-34.37827,23494
139.93961,-34.37884,23528
139.93826,-34.37931,23556
139.93698,-34.37972,23583
139.9357,-34.38022,23609
139.93434,-34.38078,23636
139.93242,-34.38148,23674
139.93088,-34.38205,23703
139.92943,-34.38271,23731
139.92798,-34.38343,23759
139.92638,-34.38441,23792
139.92473,-34.38543,23828
139.92349,-34.38613,23855
139.92172,-34.38707,23894
139.92044,-34.38776,23922
139.91917,-34.38839,23950
139.91768,-34.38916,23986
139.91615,-34.38974,24018
139.91473,-34.39025,24049
139.91336,-34.39063,24077
139.91185,-34.3909,24110
139.91045,-34.39116,24138
139.9086,-34.39145,24172
139.90694,-34.39178,24200
139.90533,-34.39215,24226
139.90338,-34.39274,24260
139.90202,-34.3932,24283
139.90024,-34.39371,24314
139.89879,-34.39419,24341
139.89749,-34.39465,24366
139.89595,-34.39511,24398
139.89455,-34.39539,24426
139.89316,-34.39554,24451
139.89142,-34.39568,24484
139.88986,-34.39581,24512
139.88831,-34.39598,24542
139.88676,-34.39629,24572
139.88539,-34.39666,24600
139.88365,-34.39727,24636
139.88219,-34.39791,24668
139.88083,-34.39859,24695
139.8792,-34.39952,24730
139.87781,-34.40044,24758
139.87602,-34.40171,24795
139.87471,-34.40276,24821
139.87331,-34.40403,24852
139.87221,-34.40512,24878
139.87109,-34.40645,24911
139.87021,-34.4075,24939
139.86942,-34.40849,24968
139.86879,-34.40934,24475
139.86742,-34.4099,23728
139.86583,-34.41072,22838
139.86461,-34.41105,22124
139.86365,-34.41111,21533
139.86263,-34.411,20777
139.86217,-34.41103,20179
139.86212,-34.4112,19640
139.86214,-34.41171,19137
139.86269,-34.41228,18493
139.86324,-34.4128,18031
139.86325,-34.41314,17573
139.86389,-34.41283,17001
139.86511,-34.41219,16584
139.86719,-34.41179,16188
139.87012,-34.41143,15723
139.87286,-34.41143,15323
139.87556,-34.41115,14964
139.87901,-34.40989,14548
139.88295,-34.40857,14193
139.88635,-34.40769,13871
139.89149,-34.40633,13513
139.89609,-34.40531,13210
139.90146,-34.40442,12842
139.90593,-34.40358,12525
139.91031,-34.40271,12226
139.91576,-34.40185,11868
139.92009,-34.40121,11576
139.92371,-34.40049,11310
139.92795,-34.39909,10989
139.93105,-34.39812,10761
139.93593,-34.39592,10424
139.93977,-34.39404,10163
139.94336,-34.39245,9902
139.9463,-34.3912,9661
139.94992,-34.38974,9370
139.95302,-34.38864,9124
139.95587,-34.38772,8897
139.95854,-34.38689,8675
139.96156,-34.3858,8375
139.96356,-34.38523,8149
139.96552,-34.38495,7930
139.96764,-34.38469,7658
139.96947,-34.38448,7434
139.97092,-34.38431,7226
139.97263,-34.38401,6965
139.97397,-34.38379,6740
139.97531,-34.38352,6508
139.97661,-34.38332,6308
139.97809,-34.38303,6104
139.97995,-34.38252,5843
139.98116,-34.38192,5652
139.98218,-34.38145,5457
139.9832,-34.38096,5223
139.98395,-34.38064,5015
139.98486,-34.38052,4829
139.9859,-34.38004,4598
139.98668,-34.37954,4401
139.98717,-34.3793,4197
139.98752,-34.37914,4017
139.9877,-34.379,3837
139.98828,-34.37869,3626
139.9883,-34.37819,3421
139.98839,-34.37778,3251
139.98842,-34.37749,3094
139.98845,-34.37716,2918
139.98851,-34.37702,2768
139.98907,-34.37674,2577
139.98993,-34.37663,2418
139.99063,-34.37654,2275
139.99142,-34.37634,2086
139.99205,-34.37597,1911
139.99243,-34.37556,1738
139.99277,-34.37501,1523
139.99298,-34.37472,1346
139.99313,-34.37471,1187
139.9931,-34.37458,1032
139.9929,-34.37381,824
139.99274,-34.37348,695
139.99249,-34.37328,548
139.99205,-34.37302,367
139.99196,-34.37261,213
139.99165,-34.37223,71
            </coordinates>
          </LineString>
        </Placemark>
          </Folder>
          <Folder>
        <name>IDA-4FSK</name>

            <Placemark>
        <description><![CDATA[<b>Vehicle:</b> IDA-4FSK<br /><b>Time:</b> 2022-02-27 17:53:56<br /><b>Position:</b> 53.33225,11.05116<br /><b>Altitude:</b> 363 m<br /></br><b>Data</b></br><hr/><b>batterie: </b>1.33<br/><b>geschwindigkeit: </b>33<br/><b>satelliten: </b>211<br/><b>sender_temperatur: </b>5<br/>]]></description>
         <name>IDA-4FSK</name>
        <LookAt>
          <longitude>11.05116</longitude>
          <latitude>53.33225</latitude>
          <altitude>363</altitude>
          <altitudeMode>absolute</altitudeMode>
          <range>20000</range>
          <tilt>25</tilt>
          <heading>0</heading>
        </LookAt>
        <visibility>1</visibility>
        <styleUrl>#balloon4</styleUrl>
        <Point>
          <extrude>0</extrude>
          <altitudeMode>absolute</altitudeMode>
          <coordinates>11.05116,53.33225,363</coordinates>
        </Point>
        </Placemark>
            <Placemark>
          <name>Track Segment #1</name>
          <visibility>1</visibility>
          <Style>
            <LineStyle>
              <color>ffe600c7</color>
              <width>4</width>
            </LineStyle>
            <PolyStyle>
              <color>7fffffff</color>
            </PolyStyle>
          </Style>
          <LineString>
           <extrude>1</extrude>
            <tessellate>1</tessellate>
            <altitudeMode>absolute</altitudeMode>
            <coordinates>
11.96912,53.835,5
11.96913,53.83501,4
11.96902,53.83381,88
11.96889,53.83199,162
11.96829,53.82991,232
11.96765,53.8283,273
11.96653,53.82677,328
11.96438,53.8252,403
11.96147,53.82376,470
11.9584,53.82262,523
11.95525,53.82192,583
11.95208,53.8213,634
11.94892,53.8208,684
11.94573,53.8202,736
11.94228,53.81929,782
11.93924,53.8181,836
11.9361,53.81648,896
11.93351,53.81461,957
11.93098,53.81255,1011
11.92868,53.81065,1084
11.92636,53.80854,1148
11.9241,53.80643,1214
11.92207,53.80429,1271
11.92021,53.80215,1325
11.91837,53.79987,1382
11.91663,53.79771,1440
11.91481,53.79549,1506
11.91316,53.79341,1563
11.91238,53.79119,1630
11.91198,53.78902,1693
11.91112,53.78698,1759
11.91013,53.78466,1823
11.90913,53.78209,1894
11.90715,53.77926,1969
11.90552,53.77661,2028
11.90434,53.77406,2086
11.90251,53.77131,2151
11.89982,53.76851,2210
11.89628,53.76563,2269
11.89299,53.76242,2330
11.88958,53.75901,2383
11.8858,53.75555,2436
11.8825,53.75209,2496
11.87949,53.74838,2567
11.87627,53.74438,2648
11.87242,53.74069,2726
11.86781,53.73709,2799
11.86386,53.73361,2860
11.86,53.73071,2908
11.85554,53.72765,2955
11.85077,53.72409,3004
11.84522,53.72026,3052
11.83838,53.71665,3120
11.83214,53.71272,3180
11.8271,53.70857,3260
11.8216,53.70436,3343
11.81614,53.7001,3410
11.80985,53.69566,3480
11.80397,53.69144,3542
11.79836,53.68725,3606
11.79208,53.68287,3652
11.78493,53.67838,3719
11.77742,53.6736,3784
11.77036,53.66879,3854
11.7639,53.66367,3919
11.75845,53.65852,3988
11.75325,53.6531,4050
11.74837,53.64802,4116
11.74292,53.64273,4184
11.73656,53.63752,4245
11.72955,53.63203,4314
11.7222,53.62631,4371
11.71474,53.62063,4430
11.70729,53.61545,4489
11.69917,53.60996,4546
11.69102,53.60445,4605
11.68245,53.59853,4666
11.67396,53.5924,4730
11.66591,53.5862,4795
11.65783,53.57958,4862
11.64974,53.57311,4931
11.64138,53.56678,4993
11.63302,53.56042,5067
11.62405,53.55318,5139
11.61549,53.54591,5217
11.6071,53.53881,5287
11.59811,53.53198,5352
11.58855,53.52583,5420
11.57772,53.51989,5490
11.56752,53.51407,5558
11.55824,53.50811,5620
11.54973,53.50154,5681
11.54217,53.495,5736
11.53516,53.4885,5798
11.52826,53.48179,5851
11.52175,53.4748,5901
11.51605,53.46754,5961
11.51075,53.46045,6019
11.50543,53.45298,6083
11.50008,53.44587,6150
11.49433,53.43839,6232
11.48868,53.43139,6307
11.48261,53.42427,6388
11.47639,53.41718,6467
11.47039,53.4105,6546
11.46374,53.40369,6619
11.45725,53.39726,6688
11.45031,53.39072,6763
11.44374,53.38471,6827
11.4372,53.37848,6892
11.43046,53.37193,6964
11.42389,53.36551,7027
11.41727,53.35892,7092
11.4108,53.35209,7160
11.40489,53.34476,7225
11.39951,53.3372,7290
11.3945,53.32969,7344
11.38951,53.32154,7415
11.3844,53.31371,7475
11.37901,53.3055,7545
11.37401,53.29764,7609
11.36871,53.28907,7681
11.36361,53.28077,7753
11.35907,53.27229,7823
11.35472,53.26337,7891
11.35054,53.25434,7956
11.34663,53.24515,8016
11.34258,53.23535,8077
11.33832,53.22525,8133
11.33392,53.21533,8188
11.32953,53.20567,8255
11.32486,53.1955,8323
11.32016,53.18575,8380
11.31497,53.17588,8448
11.30937,53.16577,8510
11.30382,53.1562,8569
11.2979,53.14672,8623
11.29205,53.13735,8697
11.28569,53.12806,8787
11.27834,53.1186,8854
11.27112,53.10912,8909
11.26433,53.10018,8959
11.25686,53.09065,9035
11.24938,53.08147,9099
11.24104,53.0722,9188
11.23247,53.06354,9263
11.22408,53.05494,9328
11.21524,53.0458,9395
11.20624,53.03674,9449
11.19679,53.02786,9503
11.18695,53.01902,9546
11.17641,53.00977,9601
11.16619,53.001,9652
11.15522,52.99183,9699
11.1438,52.98246,9754
11.13227,52.97338,9800
11.1199,52.96388,9846
11.10827,52.95447,9890
11.09622,52.94433,9941
11.08382,52.93413,9982
11.07199,52.92426,10030
11.05944,52.91388,10074
11.04755,52.90383,10119
11.03558,52.89351,10158
11.02327,52.88305,10203
11.01132,52.87285,10244
10.99944,52.86238,10286
10.98841,52.85224,10330
10.97701,52.84167,10367
10.96598,52.83167,10401
10.95535,52.82112,10441
10.94601,52.8105,10479
10.93656,52.79881,10512
10.92783,52.78749,10542
10.91913,52.77579,10576
10.91053,52.76429,10603
10.90133,52.75208,10628
10.89216,52.74009,10650
10.88231,52.72728,10679
10.87168,52.71445,10715
10.86085,52.70213,10747
10.84915,52.68938,10766
10.83775,52.67698,10785
10.82621,52.66466,10804
10.81438,52.65245,10822
10.80199,52.64013,10842
10.78993,52.62836,10861
10.77718,52.61599,10888
10.76568,52.6041,10918
10.75415,52.59182,10942
10.74251,52.57928,10987
10.73095,52.56697,11013
10.71936,52.55426,11032
10.70841,52.54181,11033
10.6979,52.52962,11032
10.6874,52.51695,11047
10.67746,52.50488,11078
10.66679,52.49201,11114
10.65701,52.47995,11137
10.64743,52.46756,11143
10.63798,52.45479,11160
10.62891,52.44248,11187
10.61941,52.42995,11218
10.60976,52.41731,11240
10.60008,52.40518,11255
10.59026,52.39334,11265
10.58016,52.38145,11277
10.57015,52.37007,11294
10.5602,52.35911,11314
10.54944,52.34785,11335
10.53848,52.33677,11356
10.52796,52.32635,11372
10.51694,52.31583,11384
10.50677,52.30602,11377
10.49648,52.29606,11369
10.48687,52.2868,11368
10.47686,52.27728,11379
10.46771,52.26857,11390
10.45848,52.25964,11402
10.44996,52.25126,11423
10.44156,52.24279,11437
10.43334,52.23417,11446
10.42555,52.22564,11449
10.41812,52.21749,11452
10.41101,52.20966,11460
10.40373,52.20145,11473
10.3968,52.19337,11486
10.39026,52.18542,11511
10.38375,52.1769,11532
10.3779,52.16897,11549
10.37207,52.16058,11559
10.36645,52.15251,11568
10.36097,52.14417,11577
10.3555,52.1356,11588
10.35048,52.12739,11606
10.34541,52.11877,11623
10.34059,52.11011,11622
10.33577,52.10135,11628
10.33121,52.09283,11644
10.32635,52.08375,11653
10.32178,52.07494,11648
10.31727,52.06563,11651
10.31263,52.05618,11651
10.30807,52.04704,11675
10.30345,52.03724,11686
10.29903,52.02766,11700
10.29459,52.01742,11691
10.29017,52.00704,11693
10.28584,51.99672,11705
10.28167,51.98651,11716
10.27731,51.97575,11725
10.27306,51.96544,11738
10.26857,51.95471,11735
10.26405,51.94395,11725
10.25988,51.93356,11748
10.25565,51.92262,11766
10.25154,51.91212,11777
10.24718,51.90121,11776
10.2429,51.89069,11783
10.23845,51.87976,11803
10.2339,51.86881,11822
10.22949,51.85836,11820
10.22496,51.84745,11815
10.22041,51.83685,11828
10.2158,51.82619,11839
10.21127,51.81585,11851
10.2065,51.80495,11863
10.202,51.79463,11851
10.19727,51.78375,11837
10.19269,51.77297,11844
10.18806,51.76239,11862
10.18313,51.7514,11873
10.17818,51.74039,11860
10.17336,51.7294,11842
10.1686,51.71863,11863
10.16344,51.7075,11875
10.15797,51.69641,11878
10.15236,51.68529,11871
10.14659,51.67383,11870
10.14058,51.66235,11887
10.13462,51.65143,11900
10.12833,51.63997,11893
10.1222,51.62875,11898
10.11604,51.61782,11911
10.10926,51.60649,11913
10.10225,51.59519,11903
10.09546,51.58424,11898
10.08834,51.57275,11914
10.0812,51.56151,11928
10.07387,51.55031,11936
10.06669,51.53931,11933
10.05886,51.52761,11924
10.05145,51.5166,11935
10.0436,51.5052,11950
10.03601,51.49431,11950
10.02822,51.48296,11941
10.02081,51.47216,11937
10.01291,51.46072,11931
10.00536,51.44995,11939
9.99761,51.43888,11940
9.98955,51.42756,11937
9.98159,51.41674,11940
9.97289,51.40551,11939
9.96429,51.39487,11942
9.95526,51.38372,11942
9.94627,51.37266,11946
9.9374,51.36185,11949
9.92874,51.35128,11953
9.91986,51.3404,11935
9.91077,51.32987,11965
9.90127,51.31904,11974
9.89198,51.30853,11978
9.88285,51.29801,11967
9.87368,51.28707,11968
9.86497,51.27654,11981
9.85564,51.26554,11996
9.84634,51.25467,12000
9.83742,51.24423,11990
9.82824,51.23337,11976
9.8196,51.22293,11975
9.81077,51.21221,11982
9.80165,51.20126,11994
9.79248,51.19032,11990
9.78346,51.17985,11985
9.77377,51.16885,11985
9.76427,51.15835,11984
9.75415,51.14753,11987
9.74437,51.13713,11975
9.73399,51.12635,11971
9.72341,51.11561,11982
9.71292,51.10513,11981
9.70256,51.09498,11988
9.69198,51.08457,11984
9.68132,51.07417,11974
9.67043,51.06364,11973
9.6594,51.0531,11965
9.64869,51.04308,11974
9.63793,51.03313,11987
9.6264,51.02259,11986
9.61557,51.01266,11981
9.60415,51.00237,11963
9.59276,50.99218,11956
9.58154,50.98226,11956
9.57046,50.97262,11956
9.55917,50.96286,11967
9.54783,50.95322,11973
9.53629,50.94347,11974
9.52493,50.93373,11966
9.51392,50.92428,11943
9.50336,50.91514,11940
9.49259,50.90567,11944
9.48226,50.89665,11956
9.47148,50.88725,11974
9.4608,50.87774,11963
9.44977,50.86795,11955
9.4393,50.85863,11940
9.4287,50.84916,11943
9.41873,50.84021,11945
9.40823,50.83083,11944
9.39819,50.82164,11961
9.38807,50.81241,11956
9.37728,50.80263,11965
9.36706,50.79325,11981
9.35711,50.78429,11963
9.34643,50.7747,11969
9.33602,50.76524,11959
9.32516,50.75557,11944
9.31436,50.74604,11946
9.30355,50.73679,11943
9.29318,50.72781,11937
9.28226,50.71842,11932
9.27192,50.70953,11917
9.26089,50.70022,11912
9.25063,50.69147,11906
9.24018,50.68242,11910
9.22989,50.67337,11935
9.22024,50.66498,11944
9.20994,50.65596,11950
9.19986,50.64718,11946
9.18928,50.63816,11920
9.17897,50.62899,11946
9.16934,50.62048,11962
9.15944,50.61161,11964
9.15004,50.60291,11964
9.14019,50.59422,11968
9.12934,50.58519,11976
9.11896,50.5765,11974
9.10805,50.56746,11969
9.09766,50.55883,11957
9.08688,50.5499,11950
9.07668,50.54121,11955
9.06639,50.53258,11957
9.05623,50.52425,11963
9.04593,50.51593,11961
9.03514,50.50732,11951
9.02412,50.4985,11960
9.01361,50.49,11952
9.00244,50.48108,11927
8.99219,50.4723,11981
8.98199,50.46385,11981
8.97141,50.4553,11968
8.96054,50.44647,11955
8.95014,50.43807,11939
8.93954,50.42962,11942
8.92885,50.42113,11955
8.91889,50.41328,11970
8.90893,50.40534,11978
8.89896,50.3975,11978
8.88914,50.38953,11970
8.87986,50.38186,11952
8.87019,50.37381,11943
8.8609,50.36601,11943
8.85199,50.35828,11951
8.84365,50.3508,11960
8.83482,50.34301,11948
8.82571,50.33517,11948
8.81705,50.32756,11952
8.80839,50.31979,11940
8.80028,50.31235,11942
8.79172,50.30468,11944
8.78357,50.29727,11944
8.77517,50.28957,11953
8.76709,50.28235,11970
8.7591,50.27475,11989
8.75166,50.26719,11996
8.74393,50.25993,11988
8.73617,50.25285,11983
8.72803,50.2454,11987
8.72033,50.2382,11980
8.71206,50.23066,11983
8.7041,50.22347,11973
8.69635,50.21658,11995
8.68896,50.20977,11994
8.6817,50.20303,12000
8.67416,50.19595,12006
8.66632,50.18895,11995
8.65882,50.18221,12011
8.65118,50.17526,12007
8.64395,50.16861,12009
8.63654,50.16178,12025
8.62883,50.15479,12039
8.62091,50.14781,12042
8.61293,50.14096,12031
8.60483,50.13406,12026
8.59701,50.12738,12019
8.58925,50.12057,12023
8.58158,50.11376,12031
8.574,50.10693,12052
8.56648,50.10025,12051
8.55891,50.09363,12040
8.5512,50.0869,12030
8.54374,50.0803,12019
8.53664,50.07376,12021
8.52947,50.06697,12044
8.52255,50.06033,12051
8.51537,50.05354,12065
8.50843,50.04704,12061
8.50141,50.04045,12063
8.49444,50.03374,12052
8.48806,50.02737,12049
8.48142,50.02057,12058
8.47507,50.0141,12067
8.46862,50.00748,12068
8.46218,50.0009,12070
8.45559,49.99418,12065
8.44934,49.98773,12076
8.44277,49.981,12079
8.43591,49.97429,12077
8.42889,49.96793,12085
8.4214,49.96127,12077
8.4139,49.95476,12067
8.40616,49.9483,12051
8.39794,49.94157,12048
8.38984,49.93496,12055
8.38218,49.92846,12070
8.37481,49.92203,12081
8.36724,49.91549,12089
8.35959,49.90887,12081
8.35159,49.90215,12061
8.34343,49.89543,12048
8.33604,49.889,12049
8.32874,49.88262,12043
8.32146,49.87603,12057
8.31439,49.86941,12056
8.30747,49.86312,12052
8.30034,49.85669,12045
8.29348,49.85033,12048
8.28711,49.84422,12044
8.28055,49.83788,12051
8.27443,49.83176,12061
8.26811,49.82529,12071
8.26212,49.81908,12075
8.25576,49.81265,12067
8.24945,49.80636,12067
8.2431,49.79991,12077
8.23719,49.79376,12088
8.23115,49.7875,12095
8.22468,49.78109,12095
8.21796,49.77477,12086
8.21117,49.76855,12069
8.20436,49.76221,12067
8.19768,49.75584,12067
8.19128,49.74976,12057
8.1845,49.74346,12071
8.17791,49.73727,12080
8.17153,49.73132,12078
8.16472,49.72525,12067
8.1581,49.71941,12065
8.15142,49.71329,12055
8.14488,49.70742,12062
8.13832,49.70152,12071
8.13221,49.69582,12089
8.12625,49.69021,12106
8.12011,49.68438,12100
8.11411,49.67886,12089
8.10761,49.67311,12084
8.10149,49.66761,12095
8.09499,49.66191,12094
8.08838,49.65618,12114
8.0821,49.65062,12120
8.07538,49.64488,12121
8.06803,49.63914,12112
8.0608,49.63368,12108
8.05345,49.62788,12098
8.04625,49.62204,12094
8.03932,49.61649,12101
8.03223,49.61079,12106
8.02457,49.60504,12104
8.017,49.59941,12110
8.00935,49.59383,12103
8.00215,49.5885,12092
7.99484,49.58312,12097
7.98797,49.57764,12101
7.9814,49.57243,12093
7.97539,49.56707,12096
7.96936,49.56138,12087
7.96338,49.55571,12083
7.95782,49.55013,12074
7.95185,49.54427,12088
7.946,49.53844,12086
7.94019,49.53274,12070
7.93401,49.52679,12073
7.92795,49.52087,12069
7.92249,49.51519,12059
7.91646,49.50946,12040
11.96918,53.83514,0
11.96902,53.83547,24
11.96782,53.83598,132
11.9662,53.83659,182
11.96491,53.83763,238
11.96346,53.83878,311
11.96216,53.84036,390
11.96088,53.84237,475
11.95959,53.84484,537
11.95944,53.8473,611
11.95985,53.8494,667
11.96046,53.85144,740
11.96135,53.85327,802
11.96226,53.85551,882
11.96303,53.85783,955
11.96373,53.86026,1021
11.96478,53.86264,1087
11.96599,53.86485,1139
11.9668,53.86684,1200
11.96605,53.86829,1271
11.96402,53.86961,1342
11.96189,53.87109,1405
11.95978,53.87273,1473
11.95776,53.87469,1530
11.95625,53.87717,1599
11.95429,53.87965,1667
11.95251,53.88177,1723
11.94985,53.88421,1798
11.94677,53.88672,1870
11.94341,53.8887,1948
11.93851,53.8905,2025
11.93311,53.89254,2092
11.9272,53.89401,2166
11.92143,53.89455,2240
11.9162,53.89487,2311
11.91157,53.89537,2396
11.90731,53.89639,2477
11.90215,53.89798,2553
11.89734,53.89948,2616
11.89218,53.90109,2689
11.88688,53.90294,2763
11.88128,53.90493,2837
11.87549,53.907,2921
11.86998,53.90895,2992
11.86453,53.91096,3078
11.85974,53.91291,3160
11.85579,53.91477,3242
11.85242,53.91639,3319
11.84876,53.91795,3399
11.8445,53.91946,3477
11.83973,53.92104,3557
11.83477,53.92246,3640
11.82999,53.92356,3720
11.82492,53.92445,3808
11.81993,53.92482,3898
11.81475,53.92461,3996
11.81014,53.92408,4086
11.80601,53.92322,4175
11.8023,53.92221,4265
11.79901,53.92097,4340
11.79549,53.9192,4425
11.79138,53.9178,4504
11.78713,53.91665,4590
11.78336,53.9156,4666
11.77993,53.91475,4747
11.77752,53.91356,4836
11.7746,53.91165,4921
11.77045,53.90931,5008
11.76578,53.90684,5106
11.76141,53.90431,5198
11.75752,53.90175,5288
11.7545,53.89924,5373
11.75175,53.89667,5457
11.74926,53.89413,5540
11.74673,53.89118,5623
11.74441,53.8884,5706
11.74179,53.88543,5794
11.73921,53.88244,5881
11.73662,53.87945,5967
11.73393,53.87625,6050
11.73113,53.87356,6130
11.72802,53.87069,6210
11.72486,53.86784,6288
11.72223,53.86485,6363
11.71971,53.86185,6441
11.71719,53.85844,6527
11.71507,53.85476,6617
11.71358,53.85068,6711
11.71241,53.8466,6803
11.71112,53.84283,6894
11.70956,53.83941,6987
11.70736,53.83623,7093
11.70492,53.83343,7184
11.70206,53.83062,7273
11.69871,53.82784,7362
11.69488,53.82505,7456
11.69137,53.82209,7538
11.68766,53.81887,7622
11.68362,53.81574,7706
11.67913,53.81285,7794
11.67403,53.80991,7880
11.66947,53.80689,7963
11.66477,53.80337,8057
11.65988,53.80001,8138
11.65402,53.79694,8230
11.64742,53.79417,8321
11.64021,53.79145,8411
11.63267,53.78901,8503
11.62491,53.78664,8594
11.61776,53.78463,8679
11.61025,53.78238,8770
11.60325,53.77994,8860
11.59629,53.77712,8949
11.58967,53.77427,9028
11.58325,53.77135,9120
11.57719,53.76854,9200
11.57127,53.76566,9288
11.56565,53.76279,9383
11.55933,53.75975,9473
11.5533,53.75692,9564
11.54693,53.75387,9649
11.54087,53.75087,9740
11.53513,53.74781,9831
11.52911,53.74463,9926
11.52289,53.74171,10021
11.51663,53.73915,10106
11.51022,53.73636,10204
11.50419,53.73352,10292
11.49795,53.7305,10374
11.49153,53.72762,10462
11.4849,53.72469,10550
11.47819,53.72193,10637
11.47188,53.71941,10718
11.46549,53.71704,10810
11.45973,53.71448,10894
11.45351,53.71165,10976
11.44685,53.70861,11057
11.44007,53.70554,11133
11.43328,53.70311,11208
11.42657,53.70088,11287
11.42015,53.6986,11367
11.41472,53.69659,11444
11.41025,53.69427,11525
11.40604,53.69119,11597
11.40226,53.68781,11669
11.39813,53.68357,11749
11.39313,53.67921,11821
11.38728,53.67495,11898
11.38007,53.67065,11964
11.3724,53.6665,12041
11.36331,53.6623,12113
11.35311,53.65812,12180
11.34223,53.65569,12244
11.33323,53.65306,12305
11.32508,53.65118,12367
11.31814,53.65074,12441
11.3119,53.65089,12527
11.30795,53.65118,12598
11.30619,53.6508,12657
11.30489,53.64921,12715
11.30263,53.64687,12788
11.30197,53.6449,12860
11.30004,53.64293,12946
11.29875,53.64061,13017
11.29717,53.63801,13079
11.29466,53.63615,13147
11.29302,53.63505,13224
11.29241,53.63397,13290
11.29169,53.6325,13369
11.29059,53.63095,13443
11.28921,53.63004,13513
11.28734,53.62999,13577
11.28684,53.63048,13639
11.28834,53.63138,13698
11.2911,53.63193,13767
11.29482,53.63212,13856
11.29973,53.63152,13921
11.30548,53.63002,13981
11.3112,53.62808,14035
11.31648,53.6267,14094
11.32094,53.62563,14163
11.32555,53.62418,14227
11.32981,53.62225,14285
11.33353,53.61971,14343
11.33608,53.61738,14396
11.33802,53.61556,14454
11.34017,53.6139,14518
11.34289,53.61217,14582
11.34539,53.61029,14638
11.34862,53.6082,14701
11.35283,53.60615,14751
11.35686,53.60414,14809
11.3598,53.60204,14863
11.36321,53.59998,14912
11.3672,53.59835,14959
11.3716,53.59699,15005
11.37714,53.59574,15055
11.38279,53.59426,15097
11.38884,53.59309,15145
11.39578,53.59148,15191
11.40383,53.58947,15239
11.41172,53.58715,15282
11.41959,53.58465,15315
11.42759,53.58203,15345
11.43503,53.57943,15384
11.44311,53.57652,15430
11.45174,53.57337,15472
11.46028,53.57043,15507
11.46923,53.56836,15538
11.47812,53.56607,15580
11.48694,53.5634,15615
11.49618,53.56023,15654
11.50494,53.55683,15688
11.51344,53.55391,15722
11.52166,53.55157,15755
11.52978,53.54955,15783
11.53728,53.54764,15828
11.54389,53.5459,15868
11.55043,53.54422,15901
11.55643,53.54276,15926
11.5622,53.54144,15952
11.56776,53.54036,15975
11.57343,53.53944,16001
11.57842,53.53857,16040
11.58371,53.53758,15886
11.59147,53.53502,15645
11.59994,53.53215,15419
11.60755,53.52924,15185
11.61348,53.52759,14980
11.61691,53.52579,14769
11.62002,53.52366,14556
11.62215,53.52156,14361
11.62583,53.51897,14163
11.63151,53.51657,13958
11.63746,53.51445,13777
11.64021,53.51424,13580
11.63991,53.51376,13392
11.6393,53.51271,13208
11.63696,53.51167,12999
11.63465,53.50968,12830
11.63331,53.5075,12661
11.63002,53.5074,12502
11.62195,53.50723,12353
11.61126,53.50557,12177
11.60027,53.50192,12001
11.59224,53.49784,11839
11.58557,53.49338,11684
11.57947,53.48936,11524
11.5729,53.48607,11373
11.56604,53.48335,11226
11.55861,53.48073,11079
11.55106,53.47779,10939
11.54346,53.47433,10797
11.53644,53.47108,10656
11.52847,53.46753,10517
11.51951,53.46445,10385
11.51088,53.46161,10257
11.50284,53.45854,10112
11.49569,53.45552,9977
11.48923,53.45268,9850
11.48299,53.44962,9720
11.47687,53.44665,9590
11.47054,53.44354,9457
11.4637,53.44041,9332
11.45742,53.4378,9211
11.45067,53.43531,9082
11.44424,53.43274,8975
11.43779,53.42994,8864
11.43143,53.42724,8760
11.42494,53.42454,8648
11.4179,53.42241,8531
11.41122,53.4201,8417
11.40466,53.41757,8311
11.39852,53.41429,8192
11.39293,53.41035,8088
11.38727,53.40597,7973
11.38204,53.40195,7861
11.37708,53.39802,7747
11.37329,53.39402,7634
11.36961,53.38992,7522
11.36587,53.38502,7414
11.36246,53.38058,7308
11.3598,53.37589,7197
11.35713,53.37109,7100
11.35386,53.36643,7004
11.35063,53.36174,6911
11.34749,53.35604,6824
11.34424,53.35071,6738
11.34014,53.34548,6642
11.33635,53.34109,6543
11.33241,53.33714,6433
11.32867,53.3333,6326
11.32489,53.32968,6223
11.32095,53.32648,6117
11.31597,53.32291,6023
11.31187,53.31956,5941
11.30787,53.31578,5854
11.30385,53.31201,5781
11.29944,53.30831,5699
11.29497,53.30472,5626
11.2914,53.30068,5543
11.28792,53.29688,5462
11.28459,53.2936,5378
11.28074,53.28986,5286
11.27708,53.28702,5196
11.27234,53.28437,5094
11.26842,53.28193,5004
11.26343,53.27985,4909
11.25885,53.27707,4819
11.25557,53.2745,4734
11.25277,53.27139,4653
11.25002,53.2694,4572
11.24636,53.26742,4495
11.24248,53.26548,4412
11.23842,53.26375,4333
11.23398,53.26202,4261
11.23012,53.26026,4182
11.22665,53.2584,4102
11.22322,53.257,4023
11.21932,53.25626,3942
11.21557,53.25572,3861
11.21226,53.2554,3783
11.2086,53.25543,3705
11.20469,53.25562,3627
11.2015,53.25584,3550
11.1974,53.25594,3477
11.19328,53.25644,3400
11.18979,53.25686,3336
11.18556,53.25748,3262
11.18131,53.25775,3190
11.17729,53.25797,3110
11.17366,53.2581,3026
11.17027,53.25814,2944
11.1662,53.25867,2861
11.16242,53.25914,2778
11.15838,53.2604,2704
11.15463,53.2615,2629
11.15009,53.2626,2561
11.14591,53.264,2498
11.1423,53.2652,2431
11.13831,53.26643,2361
11.13547,53.26727,2282
11.13153,53.26749,2208
11.12762,53.26871,2127
11.12283,53.27045,2040
11.11758,53.27247,1971
11.11302,53.27489,1909
11.10971,53.27706,1845
11.107,53.27847,1776
11.10428,53.27966,1705
11.10139,53.28123,1628
11.09929,53.28356,1561
11.09762,53.28558,1497
11.09484,53.28769,1429
11.0924,53.28975,1359
11.08969,53.29234,1287
11.08761,53.29506,1220
11.08598,53.29848,1148
11.08467,53.30164,1077
11.08283,53.30463,1012
11.08042,53.3075,942
11.07763,53.31041,891
11.07505,53.31334,827
11.07253,53.31589,770
11.06991,53.31885,700
11.06662,53.32139,642
11.06308,53.3243,566
11.05966,53.3269,496
11.05549,53.32967,429
11.05116,53.33225,363
            </coordinates>
          </LineString>
        </Placemark>
          </Folder>
          <Folder>
        <name>K6RPT-11</name>

            <Placemark>
        <description><![CDATA[<b>Vehicle:</b> K6RPT-11<br /><b>Time:</b> 2022-02-26 13:14:44<br /><b>Position:</b> 33.3046666667,15.6971666667<br /><b>Altitude:</b> 13402.3608 m<br /><b>Speed:</b> 174.088 km/h<br /></br><b>Data</b></br><hr/><b>comment: </b>209TxC -15.00C  157.00hPa  5.41V 06S http://www.cnsp-inc.com<br/>]]></description>
         <name>K6RPT-11</name>
        <LookAt>
          <longitude>15.6971666667</longitude>
          <latitude>33.3046666667</latitude>
          <altitude>13402.3608</altitude>
          <altitudeMode>absolute</altitudeMode>
          <range>20000</range>
          <tilt>25</tilt>
          <heading>90</heading>
        </LookAt>
        <visibility>1</visibility>
        <styleUrl>#balloon5</styleUrl>
        <Point>
          <extrude>0</extrude>
          <altitudeMode>absolute</altitudeMode>
          <coordinates>15.6971666667,33.3046666667,13402.3608</coordinates>
        </Point>
        </Placemark>
            <Placemark>
          <name>Track Segment #1</name>
          <visibility>1</visibility>
          <Style>
            <LineStyle>
              <color>ff0f8aff</color>
              <width>4</width>
            </LineStyle>
            <PolyStyle>
              <color>7fffffff</color>
            </PolyStyle>
          </Style>
          <LineString>
           <extrude>1</extrude>
            <tessellate>1</tessellate>
            <altitudeMode>absolute</altitudeMode>
            <coordinates>
14.4003333333,33.2861666667,13401.1416
15.2003333333,33.3043333333,13376.4528
15.6971666667,33.3046666667,13402.3608
            </coordinates>
          </LineString>
        </Placemark>
          </Folder>
          <Folder>
        <name>K6RPT-12</name>

            <Placemark>
        <description><![CDATA[<b>Vehicle:</b> K6RPT-12<br /><b>Time:</b> 2022-02-27 00:10:09<br /><b>Position:</b> 37.1295,-115.078<br /><b>Altitude:</b> 13316.712 m<br /><b>Speed:</b> 77.784 km/h<br /></br><b>Data</b></br><hr/><b>comment: </b>317TxC -11.60C  163.14hPa  4.55V 07S http://www.cnsp-inc.com<br/>]]></description>
         <name>K6RPT-12</name>
        <LookAt>
          <longitude>-115.078</longitude>
          <latitude>37.1295</latitude>
          <altitude>13316.712</altitude>
          <altitudeMode>absolute</altitudeMode>
          <range>20000</range>
          <tilt>25</tilt>
          <heading>105</heading>
        </LookAt>
        <visibility>1</visibility>
        <styleUrl>#balloon6</styleUrl>
        <Point>
          <extrude>0</extrude>
          <altitudeMode>absolute</altitudeMode>
          <coordinates>-115.078,37.1295,13316.712</coordinates>
        </Point>
        </Placemark>
            <Placemark>
          <name>Track Segment #1</name>
          <visibility>1</visibility>
          <Style>
            <LineStyle>
              <color>ffcaff0f</color>
              <width>4</width>
            </LineStyle>
            <PolyStyle>
              <color>7fffffff</color>
            </PolyStyle>
          </Style>
          <LineString>
           <extrude>1</extrude>
            <tessellate>1</tessellate>
            <altitudeMode>absolute</altitudeMode>
            <coordinates>
-120.004833333,38.1655,13207.2888
-119.997666667,38.162,13226.1864
-119.989666667,38.158,13234.1112
-119.932166667,38.1301666667,13247.2176
-119.932166667,38.1301666667,0
-119.858333333,38.0955,13205.46
-119.849166667,38.0913333333,13206.6792
-119.8005,38.0703333333,13183.5144
-119.766,38.0553333333,13190.22
-119.726,38.0381666667,13175.5896
-119.717333333,38.0346666667,13178.6376
-119.699333333,38.0278333333,13198.1448
-119.69,38.0245,13209.4224
-119.677333333,38.0201666667,13172.2368
-119.654666667,38.0125,13180.4664
-119.636833333,38.0063333333,13159.1304
-119.616166667,37.999,13205.46
-119.599666667,37.993,13175.2848
-119.581666667,37.9863333333,13182.2952
-119.574166667,37.9835,13202.1072
-119.555833333,37.9766666667,13255.752
-119.548,37.9743333333,13216.7376
-119.524166667,37.966,13160.6544
-119.515833333,37.963,13186.5624
-119.507666667,37.9601666667,13207.8984
-119.448166667,37.939,13315.188
-119.159333333,37.8401666667,13163.3976
-119.149333333,37.8366666667,13073.1768
-119.143833333,37.8351666667,13120.7256
-119.1365,37.8326666667,13000.3296
-119.123333333,37.8291666667,13201.1928
-119.113666667,37.827,13172.8464
-119.109833333,37.826,13045.1352
-119.098666667,37.8231666667,13068.6048
-119.098666667,37.8231666667,0
-119.087833333,37.8205,13136.5752
-119.0785,37.818,13183.2096
-119.066666667,37.8151666667,13258.8
-119.050666667,37.8106666667,13171.932
-119.031166667,37.8056666667,13194.792
-119.021666667,37.8033333333,13194.4872
-119.0165,37.802,13143.8904
-119,37.7983333333,13343.8392
-118.990833333,37.7958333333,13182.9048
-118.969833333,37.7908333333,13054.8888
-118.931833333,37.7823333333,13059.156
-118.9255,37.7811666667,13022.58
-118.912833333,37.7781666667,13185.9528
-118.902833333,37.7755,13127.736
-118.887,37.7716666667,13057.9368
-118.876833333,37.7688333333,13025.9328
-118.856833333,37.7648333333,13165.5312
-118.753666667,37.7405,13162.4832
-118.709333333,37.7306666667,13163.3976
-118.6995,37.7286666667,13109.448
-118.689333333,37.7263333333,13177.1136
-118.651,37.7185,13159.1304
-118.6395,37.7161666667,13182.6
-118.628666667,37.7136666667,13142.0616
-118.618833333,37.7118333333,13174.6752
-118.6085,37.7098333333,13112.496
-118.587166667,37.7051666667,13180.7712
-118.575166667,37.7028333333,13162.4832
-118.565,37.7008333333,13162.1784
-118.531166667,37.6941666667,13243.2552
-118.519666667,37.6918333333,13137.1848
-118.507833333,37.6895,13188.3912
-118.489166667,37.686,13166.4456
-118.479,37.6843333333,13162.788
-118.468833333,37.6826666667,13185.0384
-118.456833333,37.6806666667,13206.6792
-118.450166667,37.6795,13089.3312
-118.419166667,37.6743333333,13172.2368
-118.4095,37.6726666667,13217.3472
-118.381166667,37.6678333333,13179.8568
-118.369333333,37.666,13036.296
-118.359,37.6643333333,13183.8192
-118.355666667,37.6638333333,13252.704
-118.345666667,37.6621666667,13181.9904
-118.3285,37.6593333333,13178.3328
-118.318666667,37.6576666667,13234.416
-118.3075,37.6556666667,13200.5832
-118.297,37.6538333333,13185.3432
-118.284333333,37.6516666667,13259.1048
-118.274,37.65,13188.3912
-118.264,37.6483333333,13214.604
-118.249333333,37.6458333333,13174.3704
-118.2385,37.6438333333,13244.4744
-118.227,37.6421666667,13202.1072
-118.213,37.6398333333,13192.9632
-118.201833333,37.6378333333,13188.696
-118.191833333,37.636,13185.0384
-118.180666667,37.634,13027.4568
-118.165833333,37.6311666667,13192.0488
-118.151166667,37.629,13182.2952
-118.137833333,37.6268333333,13348.1064
-118.124333333,37.6245,13245.084
-118.111,37.6225,13331.0376
-118.108,37.6218333333,13149.9864
-118.097666667,37.6203333333,13199.0592
-118.097666667,37.6203333333,0
-118.084333333,37.618,13173.456
-118.074166667,37.6161666667,13175.8944
-118.068833333,37.6153333333,13164.0072
-118.058,37.6135,13203.0216
-118.047,37.6115,13216.4328
-118.031,37.6085,13159.1304
-118.017833333,37.6065,13212.1656
-118.009833333,37.605,13178.3328
-117.998333333,37.6031666667,13196.316
-117.988333333,37.6015,13254.228
-117.978333333,37.5995,13164.9216
-117.971833333,37.5983333333,13172.2368
-117.962,37.5966666667,13111.8864
-117.939333333,37.593,13202.1072
-117.928333333,37.591,13207.8984
-117.917166667,37.5895,13163.0928
-117.913,37.5885,13153.0344
-117.902833333,37.5871666667,13166.1408
-117.892666667,37.5853333333,13096.0368
-117.8745,37.5823333333,13155.4728
-117.863833333,37.5806666667,13139.3184
-117.847833333,37.5783333333,13215.5184
-117.8365,37.5768333333,13233.1968
-117.825666667,37.5748333333,13210.032
-117.8135,37.573,13208.8128
-117.8015,37.571,13190.22
-117.789666667,37.5691666667,13228.6248
-117.7785,37.5673333333,13207.8984
-117.773333333,37.5665,13188.696
-117.759666667,37.5645,13182.2952
-117.373333333,37.5195,13193.268
-117.349,37.5163333333,13190.5248
-117.324833333,37.514,13127.4312
-117.2205,37.5025,13140.5376
-117.192833333,37.4998333333,13110.0576
-117.149666667,37.495,13200.888
-117.143666667,37.4943333333,13205.7648
-117.1155,37.4905,13129.8696
-117.093666667,37.4876666667,13167.9696
-117.0655,37.4836666667,13164.0072
-117.034666667,37.479,12967.716
-117.147833333,37.2268333333,49040.1864
-116.901166667,37.4625,13162.788
-116.874333333,37.4595,13171.0176
-116.822,37.4526666667,13151.2056
-116.795833333,37.449,13196.316
-116.749,37.4425,13189.3056
-116.735166667,37.4401666667,13165.2264
-116.711,37.4371666667,13228.0152
-116.694333333,37.4345,13033.5528
-116.666166667,37.43,13202.1072
-116.601666667,37.421,13206.6792
-116.516333333,37.4078333333,13202.412
-116.507,37.4063333333,13036.296
-116.494833333,37.4048333333,13221.6144
-116.44,37.3971666667,13140.8424
-116.382833333,37.3888333333,13168.884
-116.369,37.3868333333,13203.6312
-116.339666667,37.3826666667,13213.08
-116.326666667,37.3806666667,13233.5016
-115.8065,37.2965,13280.4408
-115.759666667,37.2901666667,13256.0568
-115.715666667,37.2835,13255.1424
-115.647666667,37.2711666667,13305.4344
-115.602666667,37.2615,13243.8648
-115.496666667,37.2368333333,13231.9776
-115.262833333,37.176,13230.7584
-115.190166667,37.1565,13269.7728
-115.078,37.1295,13316.712
            </coordinates>
          </LineString>
        </Placemark>
          </Folder>
          <Folder>
        <name>K6RPT-13</name>

            <Placemark>
        <description><![CDATA[<b>Vehicle:</b> K6RPT-13<br /><b>Time:</b> 2022-02-27 15:55:48<br /><b>Position:</b> 45.6898333333,-0.711666666667<br /><b>Altitude:</b> 12680.8992 m<br /><b>Speed:</b> 27.78 km/h<br /></br><b>Data</b></br><hr/><b>comment: </b>002TxC   0.10C  171.54hPa  4.59V 08S http://www.cnsp-inc.com<br/>]]></description>
         <name>K6RPT-13</name>
        <LookAt>
          <longitude>-0.711666666667</longitude>
          <latitude>45.6898333333</latitude>
          <altitude>12680.8992</altitude>
          <altitudeMode>absolute</altitudeMode>
          <range>20000</range>
          <tilt>25</tilt>
          <heading>136</heading>
        </LookAt>
        <visibility>1</visibility>
        <styleUrl>#balloon0</styleUrl>
        <Point>
          <extrude>0</extrude>
          <altitudeMode>absolute</altitudeMode>
          <coordinates>-0.711666666667,45.6898333333,12680.8992</coordinates>
        </Point>
        </Placemark>
            <Placemark>
          <name>Track Segment #1</name>
          <visibility>1</visibility>
          <Style>
            <LineStyle>
              <color>ff0000ff</color>
              <width>4</width>
            </LineStyle>
            <PolyStyle>
              <color>7fffffff</color>
            </PolyStyle>
          </Style>
          <LineString>
           <extrude>1</extrude>
            <tessellate>1</tessellate>
            <altitudeMode>absolute</altitudeMode>
            <coordinates>
-12.6303333333,45.0308333333,12630.3024
-2.32233333333,46.1056666667,12612.624
-2.32166666667,46.1056666667,12615.0624
-2.3185,46.1053333333,12620.8536
-2.31533333333,46.1051666667,12625.7304
-2.29433333333,46.1038333333,12633.96
-2.28383333333,46.1031666667,12608.3568
-2.27483333333,46.1028333333,12609.2712
-2.27133333333,46.1028333333,12596.1648
-2.26166666667,46.1026666667,12595.5552
-2.257,46.1026666667,12625.1208
-2.25383333333,46.1026666667,12614.4528
-2.2415,46.1025,12616.8912
-2.23833333333,46.1025,12633.6552
-2.235,46.1025,12611.4048
-2.225,46.1026666667,12632.436
-2.22183333333,46.1026666667,12619.3296
-2.21866666667,46.1028333333,12625.1208
-2.21516666667,46.1028333333,12632.7408
-2.212,46.103,12615.9768
-2.20466666667,46.1031666667,12615.0624
-2.19616666667,46.103,12615.3672
-2.19283333333,46.103,12635.484
-2.1905,46.1028333333,12621.4632
-2.18883333333,46.1026666667,12608.6616
-2.18216666667,46.1021666667,12658.9536
-2.16366666667,46.1001666667,12620.244
-2.15933333333,46.0983333333,12581.8392
-2.159,46.0983333333,12555.9312
-2.153,46.0985,12597.9936
-2.1495,46.098,12607.1376
-2.13533333333,46.0946666667,12613.8432
-2.12883333333,46.0933333333,12626.0352
-2.11983333333,46.0915,12600.7368
-2.11683333333,46.091,12587.3256
-2.11216666667,46.0898333333,12538.2528
-2.1095,46.0891666667,12519.0504
-2.10733333333,46.0888333333,12590.6784
-2.1055,46.0883333333,12623.292
-2.0045,46.0763333333,12628.7784
-2.00016666667,46.076,12620.8536
-1.9955,46.0753333333,12624.5112
-1.99133333333,46.075,12635.7888
-1.98583333333,46.0743333333,12629.0832
-1.98116666667,46.0735,12634.2648
-1.97583333333,46.0726666667,12628.7784
-1.95766666667,46.0696666667,12632.1312
-1.953,46.069,12631.5216
-1.95,46.0685,12639.7512
-1.94516666667,46.0678333333,12643.7136
-1.939,46.067,12633.3504
-1.933,46.0665,12581.8392
-1.9285,46.0655,12608.3568
-1.92383333333,46.065,12626.0352
-1.9225,46.065,12639.1416
-1.9125,46.0633333333,12617.5008
-1.90316666667,46.0626666667,12640.9704
-1.87016666667,46.0591666667,12647.676
-1.86116666667,46.058,12703.1496
-1.8565,46.0578333333,12635.484
-1.84966666667,46.0573333333,12643.7136
-1.83883333333,46.0561666667,12615.3672
-1.827,46.0553333333,12646.4568
-1.813,46.0543333333,12624.816
-1.80883333333,46.0541666667,12664.1352
-1.79183333333,46.0521666667,12685.1664
-1.7865,46.0513333333,12675.108
-1.77183333333,46.0491666667,12657.7344
-1.7575,46.0473333333,12661.6968
-1.75316666667,46.0468333333,12673.2792
-1.74866666667,46.0461666667,12673.8888
-1.74433333333,46.0456666667,12667.7928
-1.73983333333,46.0448333333,12652.248
-1.73416666667,46.0441666667,12668.0976
-1.72966666667,46.0436666667,12670.536
-1.725,46.043,12661.392
-1.72033333333,46.0423333333,12619.0248
-1.684,46.0365,12657.4296
-1.67933333333,46.0355,12626.9496
-1.6605,46.0316666667,12681.5088
-1.64916666667,46.0295,12671.4504
-1.641,46.0278333333,12688.5192
-1.63466666667,46.0266666667,12679.0704
-1.6295,46.026,12729.6672
-1.612,46.0233333333,12694.3104
-1.608,46.0221666667,12740.3352
-1.5965,46.0205,12677.2416
-1.59183333333,46.0196666667,12634.2648
-1.58683333333,46.019,12657.1248
-1.57983333333,46.0178333333,12672.9744
-1.57033333333,46.0163333333,12700.4064
-1.559,46.0143333333,12647.676
-1.554,46.0133333333,12645.2376
-1.54883333333,46.0123333333,12672.3648
-1.50633333333,46.0033333333,12668.4024
-1.50066666667,46.0021666667,12663.8304
-1.49483333333,46.0011666667,12658.6488
-1.48883333333,45.9998333333,12647.9808
-1.4785,45.9978333333,12649.2
-1.47233333333,45.9965,12666.2688
-1.46616666667,45.9951666667,12693.0912
-1.44216666667,45.9901666667,12661.0872
-1.43583333333,45.9886666667,12658.9536
-1.42966666667,45.9873333333,12662.916
-1.4205,45.9851666667,12664.7448
-1.4035,45.981,12661.6968
-1.39983333333,45.9801666667,12670.8408
-1.3805,45.9756666667,12728.448
-1.374,45.9736666667,12690.0432
-1.36416666667,45.9711666667,12672.06
-1.35816666667,45.9695,12683.6424
-1.33883333333,45.964,12674.8032
-1.33,45.9616666667,12528.1944
-1.3155,45.9576666667,12688.824
-1.30916666667,45.956,12676.3272
-1.30233333333,45.9541666667,12683.6424
-1.29616666667,45.9523333333,12664.7448
-1.29,45.9506666667,12652.248
-1.28183333333,45.9485,12680.2896
-1.28,45.948,12669.3168
-1.2695,45.945,12680.2896
-1.263,45.943,12682.1184
-1.25633333333,45.9411666667,12694.92
-1.24766666667,45.9386666667,12693.0912
-1.24133333333,45.9368333333,12681.5088
-1.23316666667,45.9345,12686.9952
-1.22216666667,45.9315,12693.396
-1.215,45.9293333333,12686.0808
-1.189,45.9213333333,12679.9848
-1.17466666667,45.9166666667,12718.0848
-1.1435,45.9061666667,12672.6696
-1.13666666667,45.9038333333,12694.92
-1.13033333333,45.9016666667,12688.2144
-1.12366666667,45.8995,12711.684
-1.11733333333,45.8971666667,12713.5128
-1.11216666667,45.8955,12709.2456
-1.10566666667,45.8931666667,12705.588
-1.099,45.891,12705.588
-1.09266666667,45.8888333333,12683.9472
-1.07283333333,45.8816666667,12686.9952
-1.06683333333,45.8796666667,12677.8512
-1.06133333333,45.8776666667,12664.44
-1.0495,45.8736666667,12683.0328
-1.03166666667,45.8678333333,12678.156
-1.026,45.8658333333,12670.536
-1.0185,45.8633333333,12666.2688
-1.01083333333,45.8606666667,12681.8136
-1.00533333333,45.8585,12688.5192
-0.999166666667,45.8561666667,12666.5736
-0.993166666667,45.854,12684.252
-0.9875,45.8516666667,12680.8992
-0.982166666667,45.8495,12678.4608
-0.977166666667,45.8475,12675.108
-0.971833333333,45.8453333333,12722.0472
-0.965833333333,45.843,12670.2312
-0.960166666667,45.8408333333,12698.8824
-0.9545,45.8381666667,12679.9848
-0.946166666667,45.8348333333,12674.8032
-0.945,45.8343333333,12641.8848
-0.932333333333,45.8285,12671.4504
-0.827166666667,45.771,12682.4232
-0.711666666667,45.6898333333,12680.8992
            </coordinates>
          </LineString>
        </Placemark>
          </Folder>
          <Folder>
        <name>K6RPT-14</name>

            <Placemark>
        <description><![CDATA[<b>Vehicle:</b> K6RPT-14<br /><b>Time:</b> 2022-02-27 18:22:23<br /><b>Position:</b> 39.7006666667,-69.4163333333<br /><b>Altitude:</b> 13088.7216 m<br /><b>Speed:</b> 214.832 km/h<br /></br><b>Data</b></br><hr/><b>comment: </b>021TxC -13.40C  161.75hPa  6.20V 09S http://www.cnsp-inc.com<br/>]]></description>
         <name>K6RPT-14</name>
        <LookAt>
          <longitude>-69.4163333333</longitude>
          <latitude>39.7006666667</latitude>
          <altitude>13088.7216</altitude>
          <altitudeMode>absolute</altitudeMode>
          <range>20000</range>
          <tilt>25</tilt>
          <heading>91</heading>
        </LookAt>
        <visibility>1</visibility>
        <styleUrl>#balloon1</styleUrl>
        <Point>
          <extrude>0</extrude>
          <altitudeMode>absolute</altitudeMode>
          <coordinates>-69.4163333333,39.7006666667,13088.7216</coordinates>
        </Point>
        </Placemark>
            <Placemark>
          <name>Track Segment #1</name>
          <visibility>1</visibility>
          <Style>
            <LineStyle>
              <color>ffff0000</color>
              <width>4</width>
            </LineStyle>
            <PolyStyle>
              <color>7fffffff</color>
            </PolyStyle>
          </Style>
          <LineString>
           <extrude>1</extrude>
            <tessellate>1</tessellate>
            <altitudeMode>absolute</altitudeMode>
            <coordinates>
-113.886833333,34.9678333333,13234.416
-113.746666667,34.9775,13277.6976
-113.732333333,34.9783333333,13221.6144
-113.721333333,34.9791666667,13171.932
-113.704333333,34.9801666667,13220.0904
-113.689666667,34.9808333333,13223.748
-113.675166667,34.9821666667,13233.5016
-113.662833333,34.9831666667,13232.892
-113.644166667,34.9841666667,13165.2264
-113.630166667,34.985,13189.9152
-113.5625,34.9881666667,13368.528
-113.530166667,34.9893333333,13125.6024
-113.4925,34.9905,13230.7584
-113.477,34.9915,13288.9752
-113.448,34.9931666667,13192.3536
-113.432666667,34.994,13217.0424
-113.418166667,34.9955,13226.1864
-113.403333333,34.9968333333,13274.04
-113.3775,34.9986666667,13206.3744
-113.363,34.9998333333,13236.2448
-113.3175,35.0051666667,13238.3784
-113.303,35.0068333333,13269.7728
-113.289166667,35.0086666667,13223.4432
-113.2745,35.0103333333,13228.0152
-113.259833333,35.0121666667,13205.7648
-113.244333333,35.0143333333,13127.1264
-113.215,35.0181666667,13295.376
-113.1995,35.0205,13188.0864
-113.185,35.0223333333,13129.26
-113.17,35.0248333333,13182.9048
-113.155666667,35.027,13232.2824
-113.141166667,35.0298333333,13125.2976
-113.1115,35.0358333333,13233.5016
-113.082166667,35.0416666667,13191.4392
-113.068,35.0441666667,13176.1992
-113.0525,35.0473333333,13235.0256
-113.0375,35.0503333333,13199.364
-113.006333333,35.0558333333,13160.6544
-112.992666667,35.0576666667,13230.4536
-112.9775,35.0598333333,13217.0424
-112.962333333,35.0621666667,13175.2848
-112.931333333,35.0665,13253.6184
-112.915666667,35.0688333333,13277.3928
-112.822666667,35.0841666667,13254.228
-112.708333333,35.0966666667,13195.0968
-112.675833333,35.099,13332.2568
-112.6585,35.1011666667,13185.0384
-112.625833333,35.1038333333,13169.1888
-112.421166667,35.1116666667,13189.0008
-112.298833333,35.1176666667,13191.744
-112.2515,35.1208333333,13179.2472
-112.204,35.1241666667,13219.7856
-112.151666667,35.1293333333,13229.844
-112.141,35.1308333333,13173.456
-112.033666667,35.1415,13214.2992
-111.8665,35.1545,13190.8296
-111.829666667,35.1568333333,13233.1968
-111.764666667,35.1621666667,13229.2344
-111.112166667,35.2201666667,13283.4888
-111.065166667,35.2253333333,13220.7
-111.0485,35.2268333333,13258.4952
-111.0315,35.2283333333,13190.22
-110.9995,35.2316666667,13300.2528
-110.967833333,35.235,13349.9352
-110.953,35.2366666667,13323.7224
-110.900833333,35.2423333333,13223.748
-110.838166667,35.2498333333,13288.9752
-110.822,35.2518333333,13229.5392
-110.707,35.2658333333,13177.7232
-110.690833333,35.2678333333,13240.2072
-110.611166667,35.2785,13176.8088
-110.533666667,35.2883333333,13228.0152
-110.5025,35.2926666667,13221.6144
-110.456333333,35.299,13203.6312
-110.440333333,35.3011666667,13201.4976
-110.425166667,35.3035,13225.8816
-110.411333333,35.3055,13242.9504
-110.395666667,35.308,13184.124
-110.380833333,35.3103333333,13209.4224
-110.363166667,35.313,13174.3704
-110.332,35.318,13171.6272
-110.319333333,35.3201666667,13174.0656
-110.266666667,35.3288333333,13199.0592
-110.210833333,35.3375,13185.648
-110.195166667,35.34,13215.2136
-110.147333333,35.348,13219.4808
-110.132166667,35.3506666667,13202.412
-110.029,35.369,13226.4912
-109.999,35.3746666667,13239.9024
-109.983,35.378,13226.796
-109.967666667,35.381,13254.228
-109.9105,35.3931666667,13223.4432
-109.8945,35.3961666667,13227.7104
-109.8795,35.399,13245.9984
-109.821666667,35.411,13217.3472
-109.805833333,35.4146666667,13236.5496
-109.792,35.4176666667,13240.8168
-109.7485,35.4278333333,13117.068
-109.733166667,35.431,13212.7752
-109.7175,35.4345,13226.4912
-109.701666667,35.4378333333,13238.988
-109.635333333,35.452,13217.0424
-109.632333333,35.4523333333,13210.3368
-109.565,35.4663333333,13198.7544
-109.548833333,35.4696666667,13244.1696
-109.498166667,35.48,13206.0696
-109.465833333,35.4865,13238.6832
-109.449666667,35.4898333333,13230.7584
-109.4285,35.4938333333,13313.9688
-109.394166667,35.5008333333,13236.2448
-109.377666667,35.5045,13224.0528
-109.301,35.5203333333,13234.1112
-109.284,35.5238333333,13221.3096
-109.216333333,35.5376666667,13250.8752
-109.200666667,35.5408333333,13230.7584
-109.1565,35.55,13226.4912
-109.133166667,35.5548333333,13214.9088
-109.106166667,35.5605,13232.2824
-109.09,35.5641666667,13230.4536
-109.073666667,35.5678333333,13214.2992
-109.0575,35.5715,13223.1384
-109.040833333,35.5755,13228.0152
-109.019166667,35.5808333333,13235.0256
-109.002833333,35.585,13250.2656
-108.964166667,35.5945,13099.9992
-108.947833333,35.5986666667,13222.5288
-108.910333333,35.6078333333,13256.3616
-108.8835,35.6143333333,13267.944
-108.796833333,35.634,13233.1968
-108.779833333,35.638,13257.8856
-108.156166667,35.7621666667,13255.1424
-108.139,35.7655,13255.1424
-78.2743333333,39.9126666667,13107.924
-78.231,39.9115,13109.1432
-78.1486666667,39.9088333333,13186.5624
-77.9533333333,39.9003333333,13136.88
-77.8641666667,39.8966666667,13178.028
-77.8098333333,39.8943333333,13150.9008
-77.6926666667,39.8878333333,13174.98
-77.5493333333,39.8808333333,13118.2872
-77.5051666667,39.8785,13096.6464
-77.4631666667,39.8765,13141.7568
-77.1976666667,39.8635,13038.4296
-77.1548333333,39.8615,13055.4984
-76.7768333333,39.8415,13074.396
-76.3171666667,39.8208333333,13066.776
-76.2805,39.8193333333,13092.3792
-76.238,39.8181666667,13090.2456
-76.1981666667,39.8166666667,13071.6528
-75.83,39.8073333333,13020.7512
-75.7433333333,39.807,13036.6008
-75.7095,39.807,13101.828
-75.5766666667,39.8066666667,13060.3752
-75.4963333333,39.807,13069.5192
-75.4451666667,39.8083333333,13050.6216
-75.4033333333,39.8098333333,13056.108
-75.3628333333,39.8115,13073.1768
-75.323,39.813,13079.8824
-75.3103333333,39.8135,13051.2312
-75.2655,39.815,13057.9368
-75.2261666667,39.816,13039.6488
-75.1866666667,39.8171666667,13063.1184
-75.146,39.8181666667,13063.4232
-75.107,39.8193333333,13092.684
-75.0545,39.821,13003.3776
-75.0138333333,39.8218333333,13069.824
-74.8911666667,39.825,13041.1728
-74.8491666667,39.8263333333,13022.58
-74.7666666667,39.8293333333,13063.4232
-74.7095,39.831,13050.3168
-74.6685,39.8318333333,13043.916
-74.6263333333,39.8328333333,13042.6968
-74.5848333333,39.8336666667,13036.9056
-74.5386666667,39.8346666667,13025.0184
-74.5075,39.8353333333,13049.4024
-74.4658333333,39.8361666667,13058.5464
-74.4188333333,39.8371666667,13045.1352
-74.3778333333,39.8383333333,13063.4232
-74.3381666667,39.8388333333,13048.1832
-74.2985,39.8393333333,13040.868
-74.2685,39.8398333333,13039.0392
-74.229,39.84,13038.1248
-74.1878333333,39.8401666667,13032.0288
-71.601,39.8045,13092.3792
-71.5573333333,39.8023333333,13095.1224
-71.5138333333,39.8001666667,13088.7216
-71.2971666667,39.7895,13105.7904
-71.1315,39.7818333333,13086.588
-71.0373333333,39.7768333333,13137.1848
-70.9955,39.7745,13100.304
-70.5148333333,39.7455,13064.0328
-69.7045,39.7093333333,13073.1768
-69.6613333333,39.7076666667,13098.78
-69.4568333333,39.7015,13161.8736
-69.4163333333,39.7006666667,13088.7216
            </coordinates>
          </LineString>
        </Placemark>
          </Folder>
          <Folder>
        <name>KD0AWK-1</name>

            <Placemark>
        <description><![CDATA[<b>Vehicle:</b> KD0AWK-1<br /><b>Time:</b> 2022-02-26 21:01:21<br /><b>Position:</b> 44.6141666667,-93.3591666667<br /><b>Altitude:</b> 34735.6176 m<br /><b>Speed:</b> 79.636 km/h<br /></br><b>Data</b></br><hr/><b>comment: </b>,StrTrk,210,9,1.51V,43C,0999Pa,<br/>]]></description>
         <name>KD0AWK-1</name>
        <LookAt>
          <longitude>-93.3591666667</longitude>
          <latitude>44.6141666667</latitude>
          <altitude>34735.6176</altitude>
          <altitudeMode>absolute</altitudeMode>
          <range>20000</range>
          <tilt>25</tilt>
          <heading>123</heading>
        </LookAt>
        <visibility>1</visibility>
        <styleUrl>#balloon2</styleUrl>
        <Point>
          <extrude>0</extrude>
          <altitudeMode>absolute</altitudeMode>
          <coordinates>-93.3591666667,44.6141666667,34735.6176</coordinates>
        </Point>
        </Placemark>
            <Placemark>
          <name>Track Segment #1</name>
          <visibility>1</visibility>
          <Style>
            <LineStyle>
              <color>ff00ff00</color>
              <width>4</width>
            </LineStyle>
            <PolyStyle>
              <color>7fffffff</color>
            </PolyStyle>
          </Style>
          <LineString>
           <extrude>1</extrude>
            <tessellate>1</tessellate>
            <altitudeMode>absolute</altitudeMode>
            <coordinates>
-94.6865,44.935,4606.1376
-94.6781666667,44.9321666667,4920.0816
-94.6696666667,44.931,5220.0048
-94.6613333333,44.9295,5525.1096
-94.6548333333,44.9283333333,5826.252
-94.6485,44.926,6131.052
-94.6418333333,44.9231666667,6448.044
-94.6341666667,44.9191666667,6754.0632
-94.6251666667,44.9156666667,7072.2744
-94.616,44.913,7377.0744
-94.6066666667,44.9111666667,7700.1624
-94.5978333333,44.9075,8022.336
-94.5891666667,44.9041666667,8333.232
-94.5798333333,44.9013333333,8618.22
-94.5686666667,44.8961666667,8888.2728
-94.558,44.892,9191.244
-94.545,44.8883333333,9498.1776
-94.5306666667,44.8851666667,9822.18
-94.5173333333,44.882,10111.4352
-94.5011666667,44.8808333333,10461.3456
-94.4833333333,44.8803333333,10750.296
-94.4658333333,44.8786666667,11084.3568
-94.4486666667,44.8788333333,11405.3112
-94.4281666667,44.8785,11812.524
-94.4061666667,44.878,12130.4304
-94.3841666667,44.8775,12416.3328
-94.3628333333,44.8775,12694.6152
-94.3405,44.8771666667,13021.3608
-94.3153333333,44.8761666667,13411.5048
-94.2911666667,44.8746666667,13744.6512
-94.2703333333,44.8755,14121.6888
-94.2485,44.878,14426.4888
-94.2271666667,44.8781666667,14721.5352
-94.203,44.8778333333,15033.6504
-94.1796666667,44.8761666667,15343.632
-94.1561666667,44.8746666667,15754.5024
-94.1328333333,44.8743333333,16104.7176
-94.1086666667,44.8728333333,16368.6744
-94.0875,44.8703333333,16605.8088
-94.0696666667,44.8686666667,16888.6632
-94.0528333333,44.8688333333,17226.6864
-94.0353333333,44.8698333333,17523.5616
-94.0163333333,44.8696666667,17801.844
-93.9968333333,44.8695,18047.8176
-93.9753333333,44.8698333333,18356.8848
-93.9546666667,44.8695,18648.8832
-93.936,44.8668333333,18945.7584
-93.9161666667,44.862,19241.7192
-93.8995,44.8588333333,19556.8824
-93.8856666667,44.8568333333,19835.7744
-93.8718333333,44.8553333333,20099.7312
-93.8575,44.8531666667,20354.8488
-93.844,44.8495,20611.7952
-93.8296666667,44.8458333333,20877.8856
-93.817,44.8421666667,21170.7984
-93.8041666667,44.8358333333,21468.8928
-93.7933333333,44.8293333333,21735.8976
-93.7825,44.8243333333,22020.8856
-93.77,44.8221666667,22306.788
-93.7593333333,44.8183333333,22611.8928
-93.7503333333,44.8155,22916.0832
-93.7416666667,44.8158333333,23212.044
-93.734,44.8193333333,23505.8712
-93.7246666667,44.8201666667,23807.928
-93.7136666667,44.8176666667,24126.1392
-93.7036666667,44.8128333333,24430.9392
-93.6901666667,44.8068333333,24725.9856
-93.6796666667,44.7996666667,25044.1968
-93.67,44.7925,25359.9696
-93.6616666667,44.7851666667,25655.016
-93.6561666667,44.7786666667,25938.1752
-93.6508333333,44.774,26233.2216
-93.6441666667,44.7671666667,26524.0008
-93.6385,44.7633333333,26816.304
-93.6303333333,44.7633333333,27103.1208
-93.6216666667,44.7628333333,27373.1736
-93.6131666667,44.761,27689.2512
-93.6043333333,44.758,28059.2784
-93.5975,44.7528333333,28436.316
-93.5896666667,44.7486666667,28773.12
-93.5775,44.7438333333,29083.4064
-93.5648333333,44.7345,29410.152
-93.5521666667,44.7265,29788.4088
-93.5421666667,44.715,30142.2816
-93.5321666667,44.7055,30456.2256
-93.522,44.697,30733.2888
-93.511,44.6903333333,30992.3688
-93.5013333333,44.6841666667,31291.3776
-93.4916666667,44.6811666667,31607.4552
-93.4813333333,44.679,31943.3448
-93.4676666667,44.6755,32298.4368
-93.4555,44.6711666667,32656.5768
-93.441,44.6638333333,32972.3496
-93.4281666667,44.6526666667,33253.3752
-93.417,44.6416666667,33578.5968
-93.4041666667,44.6321666667,33917.5344
-93.3901666667,44.625,34209.5328
-93.3745,44.6205,34465.5648
-93.3591666667,44.6141666667,34735.6176
            </coordinates>
          </LineString>
        </Placemark>
          </Folder>
          <Folder>
        <name>KD0AWK-14</name>

            <Placemark>
        <description><![CDATA[<b>Vehicle:</b> KD0AWK-14<br /><b>Time:</b> 2022-02-26 21:13:09<br /><b>Position:</b> 44.4933333333,-92.71<br /><b>Altitude:</b> 567.8424 m<br /><b>Speed:</b> 46.3 km/h<br /></br><b>Data</b></br><hr/><b>comment: </b>,StrTrk,253,9,1.49V,-1C,95956Pa,<br/>]]></description>
         <name>KD0AWK-14</name>
        <LookAt>
          <longitude>-92.71</longitude>
          <latitude>44.4933333333</latitude>
          <altitude>567.8424</altitude>
          <altitudeMode>absolute</altitudeMode>
          <range>20000</range>
          <tilt>25</tilt>
          <heading>52</heading>
        </LookAt>
        <visibility>1</visibility>
        <styleUrl>#balloon3</styleUrl>
        <Point>
          <extrude>0</extrude>
          <altitudeMode>absolute</altitudeMode>
          <coordinates>-92.71,44.4933333333,567.8424</coordinates>
        </Point>
        </Placemark>
            <Placemark>
          <name>Track Segment #1</name>
          <visibility>1</visibility>
          <Style>
            <LineStyle>
              <color>ff00ffff</color>
              <width>4</width>
            </LineStyle>
            <PolyStyle>
              <color>7fffffff</color>
            </PolyStyle>
          </Style>
          <LineString>
           <extrude>1</extrude>
            <tessellate>1</tessellate>
            <altitudeMode>absolute</altitudeMode>
            <coordinates>
-94.7838333333,44.9448333333,2152.8024
-94.7716666667,44.944,2414.016
-94.7578333333,44.9441666667,2688.0312
-94.743,44.944,2927.9088
-94.7303333333,44.9421666667,3193.9992
-94.7196666667,44.9401666667,3482.0352
-94.71,44.9393333333,3783.1776
-94.7003333333,44.9378333333,4091.0256
-94.6913333333,44.936,4422.0384
-94.6821666667,44.9333333333,4735.9824
-94.6741666667,44.9316666667,5054.1936
-94.6656666667,44.9301666667,5368.1376
-94.6578333333,44.929,5662.2696
-94.6518333333,44.9271666667,5962.1928
-94.6456666667,44.9246666667,6297.168
-94.6383333333,44.9215,6593.1288
-94.63,44.9175,6910.1208
-94.6206666667,44.9145,7209.1296
-94.6116666667,44.9116666667,7521.2448
-94.6023333333,44.9093333333,7848.2952
-94.594,44.9058333333,8168.3352
-94.5848333333,44.9025,8455.152
-94.5748333333,44.8991666667,8755.38
-94.5636666667,44.894,9020.2512
-94.552,44.8898333333,9325.356
-94.5383333333,44.8868333333,9646.3104
-94.5241666667,44.8838333333,9960.2544
-94.5098333333,44.8813333333,10267.4928
-94.4921666667,44.881,10609.4784
-94.4753333333,44.88,10885.3224
-94.4578333333,44.8778333333,11220.2976
-94.4391666667,44.879,11616.5376
-94.4176666667,44.8778333333,11974.3728
-94.3953333333,44.8773333333,12252.3504
-94.3743333333,44.8775,12553.4928
-94.3518333333,44.8776666667,12834.5184
-94.3291666667,44.8766666667,13213.3848
-94.303,44.8756666667,13562.3808
-94.2816666667,44.8741666667,13901.6232
-94.2595,44.8765,14253.6672
-94.2378333333,44.8778333333,14564.5632
-94.2151666667,44.8783333333,14881.5552
-94.1915,44.8771666667,15187.5744
-94.1685,44.8758333333,15545.7144
-94.1451666667,44.8741666667,15952.6224
-94.1206666667,44.874,16216.5792
-94.0981666667,44.8716666667,16474.7448
-94.0785,44.8695,16737.7872
-94.0616666667,44.8683333333,17059.656
-94.0443333333,44.8693333333,17368.7232
-94.0263333333,44.87,17658.588
-94.007,44.8696666667,17913.7056
-93.9865,44.8693333333,18210.8856
-93.965,44.8701666667,18489.7776
-93.946,44.8686666667,18781.776
-93.9265,44.8645,19080.7848
-93.9076666667,44.8603333333,19381.9272
-93.8926666667,44.8578333333,19683.6792
-93.8786666667,44.8561666667,19958.9136
-93.8648333333,44.8543333333,20215.86
-93.8505,44.8516666667,20468.844
-93.8378333333,44.8478333333,20732.8008
-93.8231666667,44.844,21011.9976
-93.8105,44.8396666667,21308.8728
-93.7988333333,44.8323333333,21592.032
-93.7886666667,44.8265,21860.8656
-93.7763333333,44.8231666667,22147.0728
-93.7646666667,44.8205,22447.9104
-93.7546666667,44.8166666667,22753.9296
-93.7461666667,44.8151666667,23052.9384
-93.7376666667,44.8171666667,23345.8512
-93.7295,44.8203333333,23643.9456
-93.7193333333,44.8195,23953.9272
-93.7088333333,44.8155,24266.9568
-93.6971666667,44.8101666667,24568.0992
-93.6848333333,44.8033333333,24871.9848
-93.6751666667,44.7963333333,25188.9768
-93.6656666667,44.7885,25500.1776
-93.659,44.7821666667,25784.2512
-93.6536666667,44.7756666667,26080.212
-93.6475,44.771,26373.1248
-93.6416666667,44.7643333333,26657.1984
-93.6348333333,44.7633333333,26946.1488
-93.6261666667,44.763,27223.212
-93.6176666667,44.7621666667,27511.248
-93.609,44.7595,27858.1104
-93.6003333333,44.7558333333,28244.292
-93.5945,44.7506666667,28597.2504
-93.5838333333,44.7468333333,28922.1672
-93.5708333333,44.7391666667,29226.3576
-93.5583333333,44.731,29586.3264
-93.547,44.7211666667,29957.268
-93.5378333333,44.7105,30293.4624
-93.5275,44.701,30590.3376
-93.5168333333,44.6936666667,30854.2944
-93.5061666667,44.687,31128.3096
-93.4963333333,44.6825,31441.3392
-93.487,44.6803333333,31758.3312
-93.4748333333,44.6775,32107.3272
-93.4621666667,44.6733333333,32465.4672
-93.449,44.668,32811.4152
-93.434,44.6586666667,33100.3656
-93.4228333333,44.6471666667,33398.46
-93.4108333333,44.6366666667,33739.5312
-93.3975,44.6281666667,34058.6568
-93.3821666667,44.623,34328.4048
-93.3673333333,44.6175,34587.4848
-93.3525,44.6105,34865.4624
-92.82,44.499,3981.9072
-92.8066666667,44.4985,3503.9808
-92.793,44.4973333333,3040.9896
-92.7776666667,44.4951666667,2614.8792
-92.7613333333,44.494,2196.084
-92.747,44.4936666667,1781.8608
-92.7333333333,44.4923333333,1357.884
-92.8635,44.509,6071.0064
-92.7195,44.4913333333,950.976
-92.71,44.4933333333,567.8424
            </coordinates>
          </LineString>
        </Placemark>
          </Folder>
          <Folder>
        <name>KD2FOU-11</name>

            <Placemark>
        <description><![CDATA[<b>Vehicle:</b> KD2FOU-11<br /><b>Time:</b> 2022-02-27 11:46:00<br /><b>Position:</b> 49.769,34.9548333333<br /><b>Altitude:</b> 12332.8176 m<br /></br><b>Data</b></br><hr/><b>comment: </b>4-7 Sats 4.4v -5.0c KN79LS 4491<br/>]]></description>
         <name>KD2FOU-11</name>
        <LookAt>
          <longitude>34.9548333333</longitude>
          <latitude>49.769</latitude>
          <altitude>12332.8176</altitude>
          <altitudeMode>absolute</altitudeMode>
          <range>20000</range>
          <tilt>25</tilt>
          <heading>90</heading>
        </LookAt>
        <visibility>1</visibility>
        <styleUrl>#balloon4</styleUrl>
        <Point>
          <extrude>0</extrude>
          <altitudeMode>absolute</altitudeMode>
          <coordinates>34.9548333333,49.769,12332.8176</coordinates>
        </Point>
        </Placemark>
            <Placemark>
          <name>Track Segment #1</name>
          <visibility>1</visibility>
          <Style>
            <LineStyle>
              <color>ffe600c7</color>
              <width>4</width>
            </LineStyle>
            <PolyStyle>
              <color>7fffffff</color>
            </PolyStyle>
          </Style>
          <LineString>
           <extrude>1</extrude>
            <tessellate>1</tessellate>
            <altitudeMode>absolute</altitudeMode>
            <coordinates>
21.0383333333,47.519,11999.976
20.5383333333,47.8525,12221.8704
20.7048333333,47.8525,12221.8704
20.7883333333,47.8525,12332.8176
20.8715,47.8525,12332.8176
20.9548333333,47.8525,12332.8176
21.2048333333,47.8525,12332.8176
21.2883333333,47.8525,12332.8176
21.2883333333,47.8906666667,12332.8176
21.5383333333,47.8525,12332.8176
21.9548333333,47.8525,12332.8176
22.0383333333,47.8525,12332.8176
22.1215,47.8525,12332.8176
22.2883333333,47.8525,12332.8176
22.3716666667,47.8906666667,12332.8176
22.4548333333,47.8906666667,12332.8176
22.6215,47.8906666667,12332.8176
22.7048333333,47.8906666667,12332.8176
23.1215,47.9356666667,12332.8176
23.4548333333,47.9741666667,12332.8176
23.5383333333,47.9741666667,12332.8176
23.7048333333,47.9741666667,12332.8176
23.7883333333,47.9741666667,12332.8176
23.8715,47.9741666667,12332.8176
23.9548333333,47.9741666667,12332.8176
24.0383333333,47.9741666667,12332.8176
24.2048333333,47.9741666667,12332.8176
24.2883333333,47.9741666667,12332.8176
24.3716666667,47.9741666667,12332.8176
24.4548333333,48.019,12332.8176
24.5383333333,48.019,12332.8176
24.6215,48.019,12332.8176
24.7048333333,48.019,12332.8176
24.7883333333,48.019,12332.8176
24.8715,48.019,12332.8176
25.0383333333,48.019,12332.8176
25.1215,48.019,12332.8176
25.2883333333,48.019,12332.8176
25.3716666667,48.019,12332.8176
25.4548333333,48.019,12332.8176
25.5383333333,48.019,12332.8176
25.6215,48.019,12332.8176
25.6215,48.019,12332.8176
34.2048333333,49.519,12443.7648
34.2883333333,49.519,12332.8176
34.4548333333,49.6025,12332.8176
34.5383333333,49.6025,12332.8176
34.6215,49.6406666667,12332.8176
34.8715,49.7241666667,12332.8176
34.9548333333,49.769,12332.8176
34.9548333333,49.769,12332.8176
            </coordinates>
          </LineString>
        </Placemark>
          </Folder>
          <Folder>
        <name>N4XWC-1</name>

            <Placemark>
        <description><![CDATA[<b>Vehicle:</b> N4XWC-1<br /><b>Time:</b> 2022-02-27 13:24:00<br /><b>Position:</b> 32.6981666667,-87.8586666667<br /><b>Altitude:</b> 4461.0528 m<br /><b>Speed:</b> 151.864 km/h<br /></br><b>Data</b></br><hr/><b>comment: </b>Misc. Wx Sonde, 1676Mhz {UIV32N}<br/>]]></description>
         <name>N4XWC-1</name>
        <LookAt>
          <longitude>-87.8586666667</longitude>
          <latitude>32.6981666667</latitude>
          <altitude>4461.0528</altitude>
          <altitudeMode>absolute</altitudeMode>
          <range>20000</range>
          <tilt>25</tilt>
          <heading>73</heading>
        </LookAt>
        <visibility>1</visibility>
        <styleUrl>#balloon5</styleUrl>
        <Point>
          <extrude>0</extrude>
          <altitudeMode>absolute</altitudeMode>
          <coordinates>-87.8586666667,32.6981666667,4461.0528</coordinates>
        </Point>
        </Placemark>
            <Placemark>
          <name>Track Segment #1</name>
          <visibility>1</visibility>
          <Style>
            <LineStyle>
              <color>ff0f8aff</color>
              <width>4</width>
            </LineStyle>
            <PolyStyle>
              <color>7fffffff</color>
            </PolyStyle>
          </Style>
          <LineString>
           <extrude>1</extrude>
            <tessellate>1</tessellate>
            <altitudeMode>absolute</altitudeMode>
            <coordinates>
-89.5485,32.4281666667,12017.3496
-89.5258333333,32.4355,12308.4336
-89.5313333333,32.4336666667,12231.9288
-89.5146666667,32.4396666667,12408.1032
-89.5065,32.4425,12481.56
-89.4973333333,32.4456666667,12560.808
-89.4623333333,32.4571666667,12898.5264
-89.481,32.4508333333,12739.4208
-89.4586666667,32.4583333333,12926.568
-89.4445,32.4635,13043.0016
-89.4311666667,32.468,13151.2056
-89.405,32.4758333333,13365.48
-89.4218333333,32.471,13228.9296
-89.4201666667,32.4715,13242.036
-89.387,32.481,13517.88
-89.376,32.4848333333,13616.94
-89.3685,32.4873333333,13685.2152
-89.3513333333,32.4926666667,13827.252
-89.3426666667,32.4953333333,13904.6712
-89.3581666667,32.4906666667,13770.864
-89.3353333333,32.4973333333,13965.6312
-88.9758333333,32.5705,20167.3968
-88.9693333333,32.5738333333,22353.1176
-88.9688333333,32.5741666667,22507.3464
-88.9676666667,32.5755,23130.6624
-88.9548333333,32.571,24812.8536
-88.9451666667,32.5703333333,25569.672
-88.9343333333,32.5691666667,26160.3744
-88.9308333333,32.5686666667,26333.5008
-88.919,32.5666666667,26854.7088
-88.9246666667,32.5678333333,26603.5536
-88.9101666667,32.5655,27220.4688
-88.9123333333,32.566,27122.628
-88.904,32.5665,27577.6944
-88.9085,32.5655,27296.9736
-88.8995,32.5666666667,27774.5952
-88.8963333333,32.5666666667,27904.1352
-88.8933333333,32.5661666667,28020.8736
-88.8896666667,32.5661666667,28159.5576
-88.8875,32.566,28232.7096
-88.8761666667,32.5643333333,28593.5928
-88.8738333333,32.5641666667,28653.6384
-88.8831666667,32.5651666667,28375.356
-88.881,32.5648333333,28448.2032
-88.8625,32.5636666667,28922.472
-88.8681666667,32.564,28789.884
-88.8616666667,32.5638333333,28944.1128
-88.8491666667,32.5635,29255.3136
-88.856,32.5636666667,29079.444
-88.8515,32.5635,29188.2576
-88.8378333333,32.5636666667,29549.7504
-88.844,32.5636666667,29390.6448
-88.839,32.5636666667,29522.0136
-88.8246666667,32.5623333333,29852.4168
-88.8171666667,32.561,30039.8688
-88.8296666667,32.5631666667,29739.0312
-88.82,32.5613333333,29969.7648
-88.804,32.5575,30372.7104
-88.8148333333,32.5606666667,30092.5992
-88.8086666667,32.5593333333,30247.4376
-88.8013333333,32.5561666667,30450.1296
-88.7896666667,32.5523333333,30741.5184
-88.7951666667,32.5538333333,30604.968
-88.7856666667,32.5513333333,30843.0168
-88.7793333333,32.5498333333,31026.2016
-88.7821666667,32.5505,30940.248
-88.7738333333,32.5481666667,31187.7456
-88.7721666667,32.5476666667,31227.6744
-88.7615,32.5453333333,31480.0488
-88.7653333333,32.5463333333,31386.4752
-88.7578333333,32.5443333333,31572.4032
-88.7491666667,32.5421666667,31772.9616
-88.7545,32.5435,31649.8224
-88.7451666667,32.5415,31869.2784
-88.7403333333,32.541,31963.7664
-88.735,32.5405,32075.628
-88.7298333333,32.5403333333,32176.5168
-88.725,32.5405,32267.9568
-88.7196666667,32.5405,32381.0376
-88.7151666667,32.5401666667,32483.7552
-88.7018333333,32.5385,30978.6528
-88.7061666667,32.539,31549.848
-88.7108333333,32.5396666667,32181.3936
-88.6911666667,32.5355,29765.244
-88.6866666667,32.5356666667,29311.3968
-88.6936666667,32.5361666667,30000.8544
-88.673,32.5345,27852.3192
-88.6798333333,32.5348333333,28645.4088
-88.674,32.535,27998.3184
-88.676,32.5348333333,28271.724
-88.6708333333,32.5351666667,27425.2944
-88.668,32.5353333333,26965.9608
-88.6661666667,32.5351666667,26782.4712
-88.661,32.5336666667,25954.6344
-88.6626666667,32.5341666667,26227.4304
-88.6581666667,32.5335,25616.3064
-88.6558333333,32.5335,25056.9984
-88.6566666667,32.5335,25350.5208
-88.6551666667,32.5333333333,24848.5152
-88.6531666667,32.5325,24525.1224
-88.6521666667,32.5323333333,24309.324
-88.6518333333,32.5326666667,24184.356
-88.65,32.5323333333,23994.1608
-88.6486666667,32.53,23443.3872
-88.647,32.5296666667,23275.7472
-88.6496666667,32.5301666667,23675.0352
-88.6466666667,32.529,22945.9536
-88.6455,32.5301666667,22552.4568
-88.6468333333,32.5293333333,23010.5712
-88.6451666667,32.5303333333,22600.92
-88.6448333333,32.5308333333,21936.456
-88.6448333333,32.5306666667,22186.6968
-88.645,32.531,21825.5088
-88.6438333333,32.5315,21099.78
-88.6445,32.5303333333,21504.2496
-88.644,32.5311666667,21306.7392
-88.643,32.5321666667,20847.7104
-88.6435,32.5313333333,21036.9912
-88.6423333333,32.5326666667,20538.3384
-88.6418333333,32.5326666667,20429.22
-88.6386666667,32.5313333333,20016.216
-88.6368333333,32.5311666667,19901.3064
-88.6401666667,32.5318333333,20182.332
-88.6308333333,32.5338333333,19346.2656
-88.6333333333,32.532,19666.9152
-88.6326666667,32.5326666667,19583.4
-88.6293333333,32.5346666667,19211.2392
-88.6241666667,32.535,18934.176
-88.6265,32.5348333333,19026.2256
-88.6191666667,32.5356666667,18718.9872
-88.6151666667,32.5355,18536.1072
-88.6128333333,32.536,18441.924
-88.6096666667,32.5365,18331.5864
-88.6046666667,32.5378333333,18146.268
-88.6008333333,32.5393333333,17982.5904
-88.5968333333,32.5398333333,17817.084
-88.5928333333,32.5396666667,17672.304
-88.5835,32.5408333333,17379.3912
-88.5891666667,32.54,17552.8224
-88.5738333333,32.5433333333,17099.28
-88.5695,32.5446666667,16954.1952
-88.5788333333,32.5416666667,17247.4128
-88.5611666667,32.5451666667,16729.5576
-88.5568333333,32.546,16610.3808
-88.565,32.545,16840.5048
-88.5526666667,32.5461666667,16489.9848
-88.5416666667,32.5466666667,16194.024
-88.5468333333,32.5463333333,16322.9544
-88.5358333333,32.5473333333,16046.8056
-88.5198333333,32.5496666667,15682.2648
-88.5326666667,32.5476666667,15973.6536
-88.5283333333,32.5481666667,15864.5352
-88.5035,32.5536666667,15332.964
-88.4983333333,32.5555,15229.6368
-88.5083333333,32.5521666667,15443.3016
-88.5151666667,32.5505,15588.3864
-88.4933333333,32.5568333333,15133.6248
-88.4866666667,32.5588333333,15012.924
-88.4793333333,32.5608333333,14886.1272
-88.4645,32.564,14651.736
-88.4715,32.5626666667,14759.94
-88.4536666667,32.5661666667,14492.3256
-88.459,32.5651666667,14568.8304
-88.4311666667,32.57,14180.2104
-88.4356666667,32.5691666667,14238.4272
-88.4433333333,32.568,14344.8024
-88.4095,32.5746666667,13910.4624
-88.4185,32.5728333333,14022.0192
-88.4005,32.5768333333,13805.0016
-88.3758333333,32.5836666667,13522.7568
-88.3836666667,32.5813333333,13612.0632
-88.3931666667,32.5788333333,13716.9144
-88.338,32.594,13132.308
-88.3641666667,32.5871666667,13396.5696
-88.3646666667,32.587,13402.056
-88.3493333333,32.5911666667,13245.9984
-88.3155,32.6,12914.0712
-88.3071666667,32.6026666667,12834.8232
-88.3265,32.597,13021.6656
-88.2976666667,32.6051666667,12739.116
-88.2868333333,32.6081666667,12626.9496
-88.278,32.611,12531.852
-88.2553333333,32.6178333333,12288.012
-88.2471666667,32.6203333333,12201.4488
-88.2618333333,32.616,12357.5064
-88.271,32.613,12458.0904
-88.2255,32.6265,11980.164
-88.2363333333,32.6235,12089.5872
-88.22,32.6278333333,11924.6904
-88.2028333333,32.6316666667,11750.04
-88.2098333333,32.6301666667,11821.668
-88.1903333333,32.6336666667,11635.1304
-88.1791666667,32.6348333333,11529.06
-88.1506666667,32.6351666667,11299.8504
-88.1658333333,32.6351666667,11419.0272
-88.1701666667,32.6353333333,11452.86
-88.1355,32.6343333333,11177.9304
-88.1411666667,32.6346666667,11223.0408
-88.1208333333,32.6341666667,11054.7912
-88.1021666667,32.634,10895.6856
-88.1111666667,32.6338333333,10974.0192
-88.0935,32.634,10819.7904
-88.0845,32.634,10743.2856
-88.0645,32.6338333333,10564.9776
-88.0561666667,32.634,10492.1304
-88.0731666667,32.634,10643.0064
-88.0455,32.634,10397.9472
-88.0363333333,32.634,10319.004
-88.0251666667,32.6341666667,10218.42
-88.027,32.6343333333,10236.4032
-88.004,32.635,10031.8824
-88.0091666667,32.6348333333,10077.9072
-87.9988333333,32.6353333333,9985.248
-87.9913333333,32.6356666667,9918.4968
-87.9806666667,32.6358333333,9823.704
-87.9685,32.636,9717.024
-87.952,32.6368333333,9560.9664
-87.9615,32.6363333333,9651.1872
-87.938,32.6378333333,9425.0256
-87.8406666667,32.6488333333,8413.0896
-87.8128333333,32.6558333333,8118.9576
-87.7185,32.6826666667,7083.8568
-87.6535,32.701,6288.6336
-87.638,32.706,6097.524
-87.5593333333,32.7291666667,4932.2736
-88.9185,32.604,20755.0512
-88.9085,32.5958333333,23389.4376
-88.9071666667,32.595,23620.476
-88.9055,32.5938333333,23834.7504
-88.8995,32.5843333333,24716.5368
-88.9003333333,32.5861666667,24514.1496
-88.8966666667,32.583,24991.7712
-88.8956666667,32.5828333333,25071.324
-88.8913333333,32.5823333333,25417.8816
-88.8806666667,32.5816666667,26144.5248
-88.8851666667,32.5815,25919.5824
-88.8735,32.5773333333,26565.7584
-88.8705,32.5756666667,26805.636
-88.8711666667,32.5758333333,26765.0976
-88.8686666667,32.575,26918.412
-88.861,32.5721666667,27438.7056
-88.8575,32.571,27657.2472
-88.8581666667,32.5711666667,27616.0992
-88.8508333333,32.5676666667,27992.2224
-88.854,32.5695,27845.6136
-88.8441666667,32.563,28364.0784
-88.8468333333,32.5645,28230.2712
-88.8413333333,32.5605,28552.14
-88.839,32.559,28728.6192
-88.8423333333,32.5615,28482.9504
-88.8331666667,32.5575,29085.54
-88.8333333333,32.5575,29071.5192
-88.8353333333,32.5578333333,28956.3048
-88.8295,32.557,29251.656
-88.8268333333,32.5563333333,29381.196
-88.825,32.5561666667,29467.7592
-88.8223333333,32.5563333333,29612.844
-88.8211666667,32.5565,29672.28
-88.8186666667,32.557,29793.5904
-88.8121666667,32.5583333333,30086.5032
-88.8098333333,32.559,30174.2856
-88.8151666667,32.558,29961.84
-88.7965,32.5615,30615.636
-88.8031666667,32.5603333333,30405.9336
-88.8061666667,32.5596666667,30297.7296
-88.7906666667,32.5628333333,30782.0568
-88.7926666667,32.5623333333,30724.4496
-88.785,32.5645,30955.488
-88.7768333333,32.5653333333,31183.7832
-88.7815,32.5648333333,31052.7192
-88.7793333333,32.565,31112.1552
-88.7661666667,32.5678333333,31457.4936
-88.7701666667,32.5668333333,31353.8616
-88.758,32.569,31709.2584
-88.7615,32.5685,31590.6912
-88.755,32.5695,31508.3952
-88.7515,32.5701666667,31076.1888
-88.7438333333,32.5713333333,30076.4448
-88.7391666667,32.5721666667,29242.512
-88.7345,32.5705,27918.156
-88.7353333333,32.5711666667,28165.6536
-88.7371666667,32.572,28739.592
-88.7316666667,32.5688333333,27155.8512
-88.7293333333,32.5676666667,26488.0344
-88.7258333333,32.5663333333,25689.7632
-88.7243333333,32.5661666667,25189.8912
-88.7233333333,32.566,24850.0392
-88.722,32.5641666667,23358.9576
-88.723,32.5655,24404.7264
-88.722,32.5641666667,23438.8152
-88.723,32.5656666667,24488.8512
-88.7218333333,32.5638333333,22579.8888
-88.7216666667,32.5636666667,22254.3624
-88.7211666667,32.5631666667,21718.524
-88.7208333333,32.5628333333,21366.1752
-88.7195,32.562,20805.9528
-88.7186666667,32.5621666667,20416.1136
-88.7125,32.5626666667,19177.7112
-88.7166666667,32.5625,19776.0336
-88.7145,32.5621666667,19459.6512
-88.7178333333,32.5625,20101.56
-88.7061666667,32.5631666667,18544.3368
-88.7108333333,32.5626666667,18934.4808
-88.7043333333,32.5636666667,18425.16
-88.6988333333,32.564,18069.1536
-88.6945,32.5641666667,17820.7416
-88.6916666667,32.5641666667,17651.8824
-88.6831666667,32.564,17217.2376
-88.6775,32.5656666667,16964.2536
-88.6761666667,32.5661666667,16906.9512
-88.6881666667,32.5638333333,17437.3032
-88.672,32.568,16717.0608
-88.6615,32.5721666667,16250.1072
-88.665,32.5708333333,16409.5176
-88.6435,32.5756666667,15624.3528
-88.6408333333,32.5761666667,15532.9128
-88.6496666667,32.5748333333,15829.4832
-88.6548333333,32.5736666667,16007.1816
-88.6196666667,32.5801666667,14950.1352
-88.6285,32.5785,15173.8584
-88.6338333333,32.5776666667,15323.2104
-88.6033333333,32.5826666667,14583.156
-88.6113333333,32.5816666667,14751.1008
-88.6001666667,32.583,14519.148
-88.5788333333,32.585,14106.144
-88.5755,32.5853333333,14043.3552
-88.5865,32.5841666667,14251.8384
-88.5523333333,32.5886666667,13651.3824
-88.5606666667,32.5873333333,13790.676
-88.542,32.5903333333,13481.9136
-88.5311666667,32.5918333333,13305.4344
-88.5168333333,32.594,13081.7112
-88.529,32.5921666667,13271.9064
-88.5051666667,32.5963333333,12900.9648
-88.4743333333,32.6028333333,12406.2744
-88.4756666667,32.6025,12429.4392
-88.494,32.599,12722.352
-88.4603333333,32.6063333333,12172.7976
-88.4526666667,32.6086666667,12041.4288
-88.444,32.6113333333,11888.724
-88.4203333333,32.6173333333,11474.196
-88.4275,32.6156666667,11602.212
-88.4361666667,32.6135,11751.564
-88.4046666667,32.6201666667,11199.876
-88.3993333333,32.6211666667,11106.6072
-88.396,32.6218333333,11049.9144
-88.3763333333,32.6265,10705.1856
-88.3708333333,32.6283333333,10608.8688
-88.3618333333,32.6311666667,10453.7256
-88.3556666667,32.633,10351.008
-88.3481666667,32.6355,10228.7832
-88.3218333333,32.6438333333,9782.556
-88.334,32.6398333333,9991.6488
-88.3413333333,32.6375,10117.2264
-88.3063333333,32.6485,9514.9416
-88.3131666667,32.6465,9631.3752
-88.2941666667,32.6511666667,9304.9344
-88.2778333333,32.6538333333,9028.7856
-88.299,32.6503333333,9386.9256
-88.2885,32.6521666667,9206.7888
-88.2821666667,32.6531666667,9102.2424
-88.2605,32.6563333333,8746.8456
-88.2728333333,32.6545,8950.7568
-88.2533333333,32.6573333333,8628.5832
-88.25,32.658,8574.9384
-88.2343333333,32.6608333333,8312.5056
-88.2408333333,32.6596666667,8421.9288
-88.2218333333,32.6628333333,8104.0224
-88.2165,32.664,8011.3632
-88.23,32.6615,8244.84
-88.2126666667,32.6648333333,7941.564
-88.1998333333,32.6678333333,7718.4504
-88.2095,32.6656666667,7884.8712
-88.1816666667,32.6716666667,7424.0136
-88.1771666667,32.6728333333,7352.9952
-88.1938333333,32.6691666667,7619.3904
-88.1915,32.6696666667,7583.424
-88.1603333333,32.677,7074.1032
-88.1645,32.676,7146.036
-88.1573333333,32.6776666667,7026.5544
-88.171,32.6743333333,7257.288
-88.1473333333,32.6796666667,6875.9832
-88.1411666667,32.681,6780.5808
-88.1276666667,32.6836666667,6564.1728
-88.1365,32.682,6706.8192
-88.1206666667,32.6848333333,6451.7016
-88.132,32.683,6633.0576
-88.108,32.6868333333,6249.6192
-88.1141666667,32.6858333333,6348.0696
-88.1028333333,32.688,6166.7136
-88.0848333333,32.6933333333,5858.8656
-88.0976666667,32.6891666667,6081.9792
-88.0893333333,32.6916666667,5939.3328
-88.0933333333,32.6905,6006.3888
-88.0791666667,32.6955,5756.4528
-88.0763333333,32.6965,5704.6368
-88.0696666667,32.699,5589.4224
-88.055,32.705,5330.0376
-88.0606666667,32.7026666667,5429.0976
-88.0535,32.7056666667,5302.9104
-88.0668333333,32.7001666667,5539.4352
-88.0425,32.7108333333,5098.9992
-88.039,32.7123333333,5035.6008
-88.0473333333,32.7085,5188.6104
-88.0328333333,32.7148333333,4922.2152
-88.0236666667,32.7183333333,4738.4208
-88.0286666667,32.7165,4840.224
-88.0213333333,32.7191666667,4687.5192
-88.0156666667,32.7216666667,4572.9144
-88.0105,32.7238333333,4467.1488
-87.9951666667,32.7293333333,4166.616
-87.9993333333,32.7278333333,4244.9496
-88.0071666667,32.725,4399.788
-88.0035,32.7263333333,4327.5504
-87.9856666667,32.7326666667,3985.26
-87.9901666667,32.7311666667,4069.9944
-87.9778333333,32.7355,3838.3464
-87.9753333333,32.7365,3792.3216
-87.9696666667,32.7381666667,3667.3536
-87.9641666667,32.7386666667,3533.5464
-87.9656666667,32.7386666667,3572.5608
-87.9421666667,32.7358333333,2973.9336
-87.9188333333,32.7405,2082.0888
-88.9631666667,32.5858333333,21708.7704
-88.9256666667,32.5695,26687.3736
-88.9143333333,32.5683333333,27370.4304
-88.904,32.5691666667,27868.7784
-88.8956666667,32.5693333333,28211.6784
-88.8865,32.5678333333,28574.3904
-88.8921666667,32.569,28343.6568
-88.8793333333,32.5666666667,28827.3744
-88.8766666667,32.5661666667,28929.7872
-88.8715,32.565,29143.452
-88.8693333333,32.5643333333,29243.7312
-88.8658333333,32.5631666667,29392.7784
-88.866,32.5631666667,29386.0728
-88.8603333333,32.5616666667,29666.4888
-88.8558333333,32.5598333333,29893.26
-88.8543333333,32.5591666667,29965.8024
-88.8571666667,32.5603333333,29825.8992
-88.8506666667,32.558,30167.8848
-88.8498333333,32.558,30209.6424
-88.8431666667,32.5576666667,30533.0352
-88.8381666667,32.5561666667,30781.752
-88.841,32.5571666667,30649.164
-88.8445,32.5578333333,30474.2088
-88.8328333333,32.5556666667,30994.5024
-88.8298333333,32.555,31124.3472
-88.8241666667,32.5533333333,31357.2144
-88.8226666667,32.5528333333,31413.6024
-88.8275,32.5543333333,31235.2944
-88.8191666667,32.5516666667,31541.3136
-88.8133333333,32.5503333333,31813.5
-88.8068333333,32.55,32125.6152
-88.8103333333,32.5501666667,31957.9752
-88.8028333333,32.5496666667,32293.8648
-88.7956666667,32.5483333333,32576.1096
-88.7978333333,32.5485,32495.9472
-88.8036666667,32.5498333333,32259.4224
-88.794,32.548,32635.5456
-88.7891666667,32.5473333333,32027.1648
-88.783,32.546,30363.8712
-88.7808333333,32.5458333333,29892.6504
-88.7875,32.5468333333,31402.02
-88.7771666667,32.5443333333,29001.1104
-88.7738333333,32.5438333333,28607.004
-88.7798333333,32.5448333333,29470.5024
-88.7676666667,32.543,27725.8272
-88.7661666667,32.543,27437.4864
-88.7635,32.5425,27080.5656
-88.7711666667,32.543,28188.5136
-88.7623333333,32.5415,26723.6448
-88.7595,32.5406666667,25952.5008
-88.7618333333,32.541,26568.1968
-88.7586666667,32.54,25559.004
-88.7563333333,32.538,24766.8288
-88.7573333333,32.539,25077.1152
-88.7556666667,32.5376666667,24615.9528
-88.7526666667,32.5366666667,23920.3992
-88.7531666667,32.537,24093.5256
-88.7511666667,32.5361666667,23223.0168
-88.7505,32.536,23132.796
-88.752,32.5358333333,23643.336
-88.7508333333,32.5361666667,22123.908
-88.7503333333,32.5365,22535.9976
-88.7508333333,32.5361666667,22746.0048
-88.7503333333,32.5353333333,21543.264
-88.7491666667,32.535,21290.28
-88.7511666667,32.5356666667,21844.4064
-88.7475,32.5361666667,20669.0976
-88.748,32.5365,20875.1424
-88.7486666667,32.5358333333,21129.3456
-88.744,32.5356666667,19984.5168
-88.7453333333,32.5356666667,20228.9664
-88.7431666667,32.5353333333,19840.956
-88.7386666667,32.5356666667,19313.9568
-88.7415,32.5356666667,19654.7232
-88.7403333333,32.5356666667,19470.9288
-88.7331666667,32.536,18816.2184
-88.735,32.5356666667,19000.6224
-88.7365,32.5358333333,19124.3712
-88.7228333333,32.5355,18223.992
-88.7306666667,32.5361666667,18624.804
-88.7266666667,32.5353333333,18397.4232
-88.7126666667,32.5358333333,17718.9384
-88.7161666667,32.5355,17867.0712
-88.7091666667,32.5366666667,17563.7952
-88.6955,32.5386666667,17098.6704
-88.7061666667,32.5376666667,17455.5912
-88.6998333333,32.5385,17226.0768
-88.685,32.5386666667,16821.3024
-88.6901666667,32.5386666667,16955.1096
-88.6793333333,32.5383333333,16661.5872
-88.6626666667,32.5411666667,16194.6336
-88.6691666667,32.5398333333,16381.7808
-88.6731666667,32.5391666667,16495.1664
-88.6603333333,32.5413333333,16129.7112
-88.6466666667,32.5453333333,15767.304
-88.6543333333,32.543,15968.1672
-88.6401666667,32.547,15613.0752
-88.6283333333,32.5501666667,15355.824
-88.6366666667,32.548,15536.5704
-88.6213333333,32.5511666667,15220.7976
-88.6066666667,32.554,14953.488
-88.6145,32.5523333333,15089.124
-88.5923333333,32.5575,14712.0864
-88.6013333333,32.5555,14862.048
-88.5758333333,32.5606666667,14462.76
-88.5693333333,32.5618333333,14365.5288
-88.5886666667,32.5581666667,14659.356
-88.5621666667,32.563,14262.8112
-88.5436666667,32.5655,14006.7792
-88.5373333333,32.566,13923.5688
-88.5546666667,32.5641666667,14154.3024
-88.5176666667,32.5685,13672.4136
-88.5121666667,32.5695,13608.1008
-88.525,32.5673333333,13762.9392
-88.4975,32.5731666667,13430.7072
-88.4895,32.5751666667,13335.6096
-88.4808333333,32.577,13235.0256
-88.4596666667,32.582,12984.48
-88.471,32.5793333333,13114.6296
-88.449,32.5838333333,12863.4744
-88.4336666667,32.5868333333,12695.8344
-88.4396666667,32.5856666667,12758.0136
-88.413,32.591,12480.9504
-88.4216666667,32.589,12572.6952
-88.3845,32.5968333333,12188.6472
-88.4048333333,32.5926666667,12397.1304
-88.3951666667,32.5948333333,12298.3752
-88.3578333333,32.5995,11912.8032
-88.3755,32.598,12097.512
-88.3666666667,32.5986666667,12008.2056
-88.3236666667,32.6048333333,11541.8616
-88.349,32.6005,11818.62
-88.334,32.6026666667,11658.2952
-88.3411666667,32.6015,11735.1048
-88.3093333333,32.6081666667,11387.328
-88.2996666667,32.6108333333,11283.0864
-88.3216666667,32.6053333333,11522.0496
-88.2923333333,32.6126666667,11205.6672
-88.2743333333,32.6175,11020.9584
-88.2818333333,32.6155,11099.5968
-88.2528333333,32.6233333333,10797.8448
-88.2571666667,32.6221666667,10845.0888
-88.265,32.6198333333,10925.8608
-88.9806666667,32.6016666667,13655.04
-88.9618333333,32.6031666667,13809.8784
-88.9163333333,32.6061666667,14231.112
-88.8585,32.6158333333,14758.1112
-88.8445,32.6191666667,14895.8808
-88.8293333333,32.6225,15042.7944
-88.8015,32.6298333333,15327.1728
-88.7953333333,32.6316666667,15386.6088
-88.7823333333,32.6353333333,15507.9192
-88.7718333333,32.638,15617.6472
-88.7661666667,32.6395,15676.4736
-88.7761666667,32.6368333333,15570.4032
-88.7526666667,32.642,15868.1928
-88.7465,32.6426666667,15945.0024
-88.7561666667,32.6416666667,15825.216
-88.7276666667,32.643,16186.0992
-88.7181666667,32.6431666667,16320.8208
-88.716,32.6433333333,16352.8248
-88.7088333333,32.6441666667,16461.6384
-88.6938333333,32.6466666667,16674.6936
-88.6961666667,32.6463333333,16641.1656
-88.6755,32.6503333333,16935.2976
-88.685,32.6481666667,16794.1752
-88.6695,32.6515,17041.6728
-88.6603333333,32.6521666667,17170.2984
-88.6645,32.652,17118.1776
-88.6546666667,32.6521666667,17259.6048
-88.6411666667,32.6531666667,17483.6328
-88.6496666667,32.6525,17342.5104
-88.6231666667,32.6535,17779.8984
-88.6251666667,32.6536666667,17743.932
-88.6295,32.6538333333,17675.9616
-88.6348333333,32.6538333333,17588.484
-88.6113333333,32.6525,17989.9056
-88.6158333333,32.6526666667,17905.7808
-88.6071666667,32.6523333333,18067.6296
-88.6038333333,32.6523333333,18128.8944
-88.595,32.6535,18323.9664
-88.6025,32.6523333333,18155.412
-88.59,32.6538333333,18415.4064
-88.5806666667,32.6536666667,18604.3824
-88.5831666667,32.6536666667,18546.7752
-88.587,32.6538333333,18467.832
-88.5736666667,32.6535,18780.8616
-88.5765,32.6538333333,18703.7472
-88.5723333333,32.6533333333,18826.5816
-88.564,32.6538333333,19108.2168
-88.57,32.6531666667,18898.8192
-88.5665,32.6531666667,19011.9
-88.5646666667,32.6538333333,19084.1376
-88.5578333333,32.6546666667,19304.8128
-88.557,32.6548333333,19331.6352
-88.561,32.6545,19205.448
-88.5476666667,32.6573333333,19637.3496
-88.5535,32.6561666667,19438.3152
-88.551,32.657,19526.7072
-88.5488333333,32.6573333333,19596.8112
-88.5413333333,32.6578333333,19845.528
-88.5441666667,32.6576666667,19756.5264
-88.5376666667,32.657,19985.736
-88.5331666667,32.6551666667,20166.7872
-88.5353333333,32.6561666667,20074.128
-88.5391666667,32.6575,19922.3376
-88.5315,32.6543333333,20244.5112
-88.53,32.6535,20330.16
-88.529,32.6528333333,20418.2472
-88.5283333333,32.6523333333,20467.6248
-88.5258333333,32.6513333333,20657.82
-88.5266666667,32.6516666667,20581.62
-88.5221666667,32.6491666667,20974.5072
-88.5235,32.6505,20819.6688
-88.5246666667,32.6508333333,20747.4312
-88.5226666667,32.6498333333,20898.0024
-88.5215,32.6481666667,21052.8408
-88.5201666667,32.6466666667,21219.5664
-88.5208333333,32.6473333333,21141.8424
-88.5195,32.6461666667,21306.1296
-88.5186666667,32.6456666667,21386.5968
-88.5173333333,32.6455,21469.1976
-88.5161666667,32.6453333333,21543.264
-88.5135,32.644,21778.2648
-88.5141666667,32.6446666667,21708.7704
-88.5151666667,32.6451666667,21622.8168
-88.5118333333,32.642,21958.7064
-88.5131666667,32.6435,21836.7864
-88.5113333333,32.641,22033.6872
-88.5101666667,32.6388333333,22282.7088
-88.5111666667,32.6401666667,22110.8016
-88.5108333333,32.6395,22186.6968
-88.5096666667,32.6383333333,22442.1192
-88.5098333333,32.6385,22357.08
-88.509,32.638,22620.732
-88.5093333333,32.6381666667,22528.6824
-88.5066666667,32.637,22893.528
-88.5083333333,32.638,22714.0008
-88.5078333333,32.6376666667,22770.3888
-88.506,32.6363333333,23079.7608
-88.5058333333,32.6361666667,23160.228
-88.5063333333,32.6366666667,22960.2792
-88.5055,32.6356666667,23283.3672
-88.5051666667,32.6353333333,23429.6712
-88.5046666667,32.6353333333,23497.032
-88.5056666667,32.6358333333,23255.9352
-88.5035,32.635,23611.9416
-88.5008333333,32.6343333333,23813.1096
-88.5023333333,32.6348333333,23715.8784
-88.4995,32.6325,23970.3864
-88.4985,32.6308333333,24094.7448
-88.5001666667,32.6336666667,23878.3368
-88.4971666667,32.629,24297.132
-88.4976666667,32.6298333333,24188.6232
-88.4966666667,32.6283333333,24374.2464
-88.4958333333,32.6273333333,24501.348
-88.4943333333,32.6263333333,24662.892
-88.4928333333,32.6255,24794.8704
-88.4951666667,32.6268333333,24597.36
-88.4906666667,32.6238333333,25039.9296
-88.4916666667,32.6248333333,24892.4064
-88.4915,32.6248333333,24910.6944
-88.488,32.6223333333,25299.0096
-88.4895,32.623,25177.6992
-88.4865,32.6218333333,25397.7648
-88.4845,32.6211666667,25511.76
-88.4831666667,32.6201666667,25608.0768
-88.4816666667,32.619,25710.1848
-88.48,32.618,25818.084
-88.4733333333,32.6146666667,26178.6624
-88.4791666667,32.6173333333,25878.4344
-88.477,32.6166666667,25985.724
-88.4745,32.6153333333,26123.4936
-88.4683333333,32.6101666667,26511.1992
-88.4695,32.6113333333,26426.4648
-88.471,32.6128333333,26312.4696
-88.465,32.6071666667,26800.7592
-88.466,32.6078333333,26726.9976
-88.467,32.6086666667,26635.8624
-88.4611666667,32.6046666667,27121.7136
-88.4601666667,32.6043333333,27203.0952
-88.4633333333,32.6061666667,26929.3848
-88.4626666667,32.6056666667,26982.42
-88.4563333333,32.603,27461.2608
-88.458,32.6035,27355.8
-88.4521666667,32.6011666667,27776.1192
-88.4543333333,32.6023333333,27577.3896
-88.4516666667,32.601,27820.9248
-88.4535,32.6016666667,27660.6
-88.4493333333,32.601,27977.8968
-88.4471666667,32.6013333333,28156.5096
-88.4481666667,32.6013333333,28079.7
-88.4443333333,32.6013333333,28403.7024
-88.4435,32.6015,28496.3616
-88.4453333333,32.601,28286.0496
-88.4431666667,32.6016666667,28607.9184
-88.4416666667,32.6021666667,28813.9632
-88.4406666667,32.6025,28891.992
-88.4386666667,32.6033333333,29016.96
-88.4358333333,32.604,29219.3472
-88.4373333333,32.6038333333,29120.8968
-88.4333333333,32.6041666667,29341.2672
-88.4273333333,32.6043333333,29663.136
-88.4311666667,32.6041666667,29442.7656
-88.4293333333,32.6041666667,29540.6064
-88.4248333333,32.6055,29850.2832
-88.426,32.605,29769.2064
-88.4238333333,32.6055,29922.216
-88.4208333333,32.6053333333,30046.2696
-88.4181666667,32.6051666667,30150.816
-88.4158333333,32.6046666667,30233.112
-88.4096666667,32.6031666667,30471.1608
-88.4051666667,32.6025,30669.5856
-88.4123333333,32.6038333333,30359.2992
-88.4078333333,32.6028333333,30550.7136
-88.4028333333,32.602,30773.8272
-88.4021666667,32.6018333333,30818.328
-88.3986666667,32.6016666667,30971.9472
-88.3961666667,32.6015,31098.744
-88.381,32.602,31730.8992
-88.3891666667,32.6023333333,31427.0136
-88.3863333333,32.6025,31536.7416
-88.384,32.6023333333,31630.9248
-88.3783333333,32.6013333333,31823.2536
-88.3756666667,32.6006666667,31940.2968
-88.3745,32.6,32013.4488
-88.3711666667,32.5988333333,31330.0872
-88.3733333333,32.5996666667,32072.8848
-88.3698333333,32.599,30988.4064
-88.367,32.599,30151.4256
-88.3643333333,32.599,29349.192
-88.3631666667,32.5991666667,29014.5216
-88.3618333333,32.5995,28266.2376
-88.36,32.5991666667,27556.6632
-88.358,32.5983333333,26723.0352
-88.3585,32.5985,27021.7392
-88.3556666667,32.5966666667,25918.0584
-88.3531666667,32.595,25007.0112
-88.3543333333,32.5958333333,25473.9648
-88.3526666667,32.5946666667,24779.3256
-88.3503333333,32.5931666667,22869.7536
-88.3505,32.5935,23239.1712
-88.3513333333,32.5936666667,23848.4664
-88.348,32.5918333333,21084.8448
-88.349,32.5916666667,21567.3432
-88.3495,32.5923333333,22070.8728
-88.3501666667,32.5928333333,22628.6568
-88.3466666667,32.591,20424.648
-88.3431666667,32.5895,19686.1176
-88.3441666667,32.5896666667,19847.3568
-88.3346666667,32.5898333333,18353.532
-88.3403333333,32.5898333333,19238.3664
-88.3386666667,32.5903333333,18916.1928
-88.321,32.5903333333,17273.3208
-88.3305,32.59,17974.9704
-88.3263333333,32.5898333333,17648.2248
-88.3053333333,32.592,16319.9064
-88.312,32.5915,16716.756
-88.3185,32.5905,17109.0336
-88.2878333333,32.5943333333,15474.696
-88.2796666667,32.5966666667,15153.7416
-88.2933333333,32.593,15700.5528
-88.2646666667,32.6003333333,14611.1976
-88.2538333333,32.6021666667,14251.8384
-88.256,32.602,14325.6
-88.2735,32.5981666667,14917.8264
-88.2396666667,32.6035,13788.5424
-88.225,32.6048333333,13383.768
-88.2321666667,32.6041666667,13576.7064
-88.2025,32.6095,12833.604
-88.2103333333,32.6076666667,13018.008
-88.1986666667,32.6108333333,12741.5544
-88.1648333333,32.6213333333,11944.5024
-88.1816666667,32.6161666667,12349.2768
-88.1438333333,32.6271666667,11456.8224
-88.15,32.6255,11597.3352
-88.1546666667,32.6243333333,11705.5392
-88.1131666667,32.6353333333,10748.1624
-88.1203333333,32.6336666667,10907.8776
-88.0985,32.6385,10420.5024
-88.092,32.64,10276.0272
-88.0688333333,32.6438333333,9777.6792
-88.072,32.6435,9845.3448
-88.0848333333,32.6413333333,10120.5792
-88.0528333333,32.646,9430.2072
-88.0191666667,32.6521666667,8674.3032
-88.012,32.654,8503.92
-88.0051666667,32.6565,8339.0232
-87.9568333333,32.6721666667,7233.2088
-87.9405,32.6761666667,6870.8016
-87.9201666667,32.6818333333,6370.32
-87.8953333333,32.6881666667,5651.9064
-87.8586666667,32.6981666667,4461.0528
            </coordinates>
          </LineString>
        </Placemark>
          </Folder>
          <Folder>
        <name>N6CVO-15</name>

            <Placemark>
        <description><![CDATA[<b>Vehicle:</b> N6CVO-15<br /><b>Time:</b> 2022-02-27 19:06:57<br /><b>Position:</b> 49.3565,-80.0745<br /><b>Altitude:</b> 11840.8704 m<br /><b>Speed:</b> 142.604 km/h<br /></br><b>Data</b></br><hr/><b>comment: </b>056TxC   7.80C  178.80hPa  4.97V 11S Launched from QuartzFest 2022, AZ USA, BrianB<br/>]]></description>
         <name>N6CVO-15</name>
        <LookAt>
          <longitude>-80.0745</longitude>
          <latitude>49.3565</latitude>
          <altitude>11840.8704</altitude>
          <altitudeMode>absolute</altitudeMode>
          <range>20000</range>
          <tilt>25</tilt>
          <heading>111</heading>
        </LookAt>
        <visibility>1</visibility>
        <styleUrl>#balloon6</styleUrl>
        <Point>
          <extrude>0</extrude>
          <altitudeMode>absolute</altitudeMode>
          <coordinates>-80.0745,49.3565,11840.8704</coordinates>
        </Point>
        </Placemark>
            <Placemark>
          <name>Track Segment #1</name>
          <visibility>1</visibility>
          <Style>
            <LineStyle>
              <color>ffcaff0f</color>
              <width>4</width>
            </LineStyle>
            <PolyStyle>
              <color>7fffffff</color>
            </PolyStyle>
          </Style>
          <LineString>
           <extrude>1</extrude>
            <tessellate>1</tessellate>
            <altitudeMode>absolute</altitudeMode>
            <coordinates>
-85.0833333333,51.4583333333,3449.4216
-83.0833333333,50.4583333333,3449.4216
-83.0833333333,50.4583333333,3449.4216
-81.0833333333,49.4583333333,3449.4216
-81.0833333333,49.4583333333,3449.4216
-81.0833333333,49.4583333333,3449.4216
-80.0745,49.3565,11840.8704
            </coordinates>
          </LineString>
        </Placemark>
          </Folder>
          <Folder>
        <name>NOB9</name>

            <Placemark>
        <description><![CDATA[<b>Vehicle:</b> NOB9<br /><b>Time:</b> 2022-02-27 12:04:00<br /><b>Position:</b> 33.22917,51.04167<br /><b>Altitude:</b> 11720 m<br /><b>Speed:</b> 66 km/h<br /></br><b>Data</b></br><hr/><b>battery: </b>4.56<br/><b>satellites: </b>1<br/><b>gps_lock: </b>1<br/><b>temperature: </b>1.9<br/>]]></description>
         <name>NOB9</name>
        <LookAt>
          <longitude>51.04167</longitude>
          <latitude>33.22917</latitude>
          <altitude>11720</altitude>
          <altitudeMode>absolute</altitudeMode>
          <range>20000</range>
          <tilt>25</tilt>
          <heading>0</heading>
        </LookAt>
        <visibility>1</visibility>
        <styleUrl>#balloon0</styleUrl>
        <Point>
          <extrude>0</extrude>
          <altitudeMode>absolute</altitudeMode>
          <coordinates>51.04167,33.22917,11720</coordinates>
        </Point>
        </Placemark>
            <Placemark>
          <name>Track Segment #1</name>
          <visibility>1</visibility>
          <Style>
            <LineStyle>
              <color>ff0000ff</color>
              <width>4</width>
            </LineStyle>
            <PolyStyle>
              <color>7fffffff</color>
            </PolyStyle>
          </Style>
          <LineString>
           <extrude>1</extrude>
            <tessellate>1</tessellate>
            <altitudeMode>absolute</altitudeMode>
            <coordinates>
17.95833,34.39583,11820
18.45833,34.35417,11820
18.70833,34.35417,11840
18.875,34.35417,11820
19.04167,34.35417,11800
19.20833,34.35417,11800
19.45833,34.35417,11780
19.625,34.3125,11800
19.875,34.3125,11800
20.04167,34.3125,11800
20.20833,34.3125,11800
20.45833,34.3125,11780
20.625,34.3125,11800
20.79167,34.3125,11780
21.20833,34.3125,11800
21.375,34.27083,11780
21.54167,34.27083,11800
21.79167,34.27083,11780
21.95833,34.22917,11780
22.125,34.22917,11780
22.29167,34.22917,11760
22.54167,34.1875,11780
22.70833,34.1875,11800
22.875,34.1875,11800
23.04167,34.1875,11820
23.20833,34.1875,11800
23.45833,34.14583,11800
23.625,34.14583,11800
23.79167,34.14583,11800
24.375,34.14583,11780
24.54167,34.14583,11780
24.70833,34.14583,11800
24.875,34.14583,11780
25.125,34.14583,11760
25.29167,34.14583,11760
25.625,34.1875,11780
25.875,34.1875,11760
26.04167,34.1875,11780
26.625,34.1875,11760
43.45833,33.77083,11700
43.95833,33.77083,11700
44.20833,33.72917,11740
44.375,33.72917,11720
44.625,33.72917,11740
44.79167,33.72917,11720
44.95833,33.72917,11720
45.20833,33.6875,11740
45.375,33.6875,11720
45.79167,33.6875,11740
46.45833,33.64583,11740
46.79167,33.64583,11720
47.04167,33.60417,11720
47.45833,33.5625,11700
47.625,33.5625,11680
47.875,33.5625,11700
51.04167,33.22917,11720
            </coordinates>
          </LineString>
        </Placemark>
          </Folder>
          <Folder>
        <name>PE2BZ-V2</name>

            <Placemark>
        <description><![CDATA[<b>Vehicle:</b> PE2BZ-V2<br /><b>Time:</b> 2022-02-26 21:26:45<br /><b>Position:</b> 51.99157,4.19894<br /><b>Altitude:</b> 8 m<br /></br><b>Data</b></br><hr/><b>battery: </b>1.55<br/><b>ascentrate: </b>0.66<br/><b>humidity: </b>48.0<br/><b>pressure: </b>1031.5<br/><b>temperature_internal: </b>32<br/><b>satellites: </b>9<br/><b>temperature_external: </b>19.1<br/>]]></description>
         <name>PE2BZ-V2</name>
        <LookAt>
          <longitude>4.19894</longitude>
          <latitude>51.99157</latitude>
          <altitude>8</altitude>
          <altitudeMode>absolute</altitudeMode>
          <range>20000</range>
          <tilt>25</tilt>
          <heading>0</heading>
        </LookAt>
        <visibility>1</visibility>
        <styleUrl>#balloon1</styleUrl>
        <Point>
          <extrude>0</extrude>
          <altitudeMode>absolute</altitudeMode>
          <coordinates>4.19894,51.99157,8</coordinates>
        </Point>
        </Placemark>
            <Placemark>
          <name>Track Segment #1</name>
          <visibility>1</visibility>
          <Style>
            <LineStyle>
              <color>ffff0000</color>
              <width>4</width>
            </LineStyle>
            <PolyStyle>
              <color>7fffffff</color>
            </PolyStyle>
          </Style>
          <LineString>
           <extrude>1</extrude>
            <tessellate>1</tessellate>
            <altitudeMode>absolute</altitudeMode>
            <coordinates>
4.19931,51.99156,65513
4.19928,51.99155,65515
4.19926,51.99154,65517
4.19924,51.99154,65521
4.19923,51.99153,65523
4.19904,51.99157,65531
4.19896,51.99159,65534
4.19896,51.9916,65533
4.19896,51.9916,65535
4.199,51.9916,65535
4.19903,51.9916,65532
4.19882,51.9916,5
4.1988,51.9916,6
4.19877,51.9916,5
4.19875,51.99161,7
4.19876,51.9916,5
4.19878,51.99159,2
4.1988,51.99155,6
4.19881,51.99155,7
4.19882,51.99155,4
4.19887,51.99155,65533
4.19888,51.99155,65531
4.19889,51.99155,65530
4.19872,51.99157,11
4.1987,51.99157,13
4.19869,51.99157,15
4.19867,51.99157,16
4.19868,51.99157,15
4.19872,51.99159,8
4.19868,51.99163,2
4.19869,51.99165,5
4.19867,51.99165,8
4.19869,51.99165,4
4.19873,51.99165,0
4.19871,51.99164,1
4.19876,51.99162,0
4.19876,51.99163,1
4.19876,51.99164,2
4.19877,51.99163,0
4.19877,51.99163,65535
4.19876,51.99162,65534
4.19874,51.9916,5
4.19873,51.99159,4
4.19875,51.99158,4
4.19874,51.99158,4
4.19872,51.99157,3
4.19873,51.99156,2
4.19876,51.99156,0
4.19876,51.99156,1
4.19876,51.99156,7
4.19874,51.99157,3
4.19873,51.99158,7
4.19873,51.99158,10
4.19859,51.99159,10
4.19862,51.9916,0
4.19868,51.9916,65525
4.19871,51.99161,65523
4.19872,51.99161,65520
4.19871,51.99161,65520
4.19868,51.99163,65521
4.19866,51.99164,65523
4.19866,51.99163,65525
4.19868,51.99163,65528
4.1987,51.99162,65532
4.19871,51.99162,65534
4.19865,51.9916,0
4.19864,51.9916,3
4.19863,51.9916,4
4.19863,51.9916,2
4.19861,51.9916,4
4.19854,51.9916,11
4.19828,51.99161,34
4.19831,51.99161,32
4.19833,51.99161,32
4.19838,51.9916,32
4.19842,51.9916,29
4.19849,51.9916,24
4.1986,51.99159,16
4.19861,51.99158,17
4.19863,51.99158,16
4.19865,51.99157,16
4.19866,51.99157,14
4.19871,51.99157,10
4.19874,51.99159,2
4.19867,51.99159,8
4.19858,51.99159,17
4.19847,51.9916,25
4.19842,51.9916,28
4.19843,51.9916,26
4.19857,51.99159,14
4.19859,51.99158,12
4.19861,51.99158,11
4.19867,51.99157,5
4.1987,51.99157,2
4.19874,51.99157,0
4.19871,51.99159,4
4.19873,51.99159,4
4.19872,51.99159,6
4.19872,51.99158,6
4.19871,51.99158,6
4.19874,51.99158,4
4.19875,51.9916,5
4.1987,51.9916,9
4.19866,51.9916,13
4.19864,51.9916,15
4.19864,51.99161,18
4.19863,51.99161,20
4.19847,51.99164,43
4.19845,51.99163,46
4.19847,51.99163,44
4.19857,51.99161,33
4.19858,51.99161,31
4.1986,51.99158,26
4.19863,51.9916,25
4.1986,51.9916,25
4.19861,51.9916,21
4.19862,51.9916,20
4.19863,51.9916,20
4.19865,51.99159,17
4.1986,51.9916,16
4.19859,51.99161,16
4.19857,51.99162,20
4.19856,51.99163,24
4.19855,51.99163,24
4.19861,51.99162,20
4.19865,51.99161,19
4.19866,51.99161,19
4.19866,51.99161,20
4.19866,51.99161,20
4.19866,51.9916,19
4.19864,51.9916,18
4.19863,51.99158,19
4.19866,51.99157,16
4.19868,51.99157,14
4.1987,51.99157,11
4.19871,51.99157,10
4.19872,51.99157,10
4.19867,51.99159,16
4.1986,51.99162,24
4.19856,51.99162,28
4.19858,51.99162,27
4.1986,51.99161,25
4.19864,51.99161,23
4.19873,51.99158,15
4.19872,51.99159,16
4.19871,51.9916,17
4.19872,51.9916,16
4.19872,51.99159,16
4.19874,51.99158,13
4.19876,51.99156,7
4.19875,51.99156,7
4.1988,51.99155,3
4.1988,51.99154,2
4.19881,51.99154,2
4.19878,51.99155,5
4.19887,51.99156,2
4.19887,51.99156,0
4.19883,51.99156,3
4.19875,51.99157,9
4.19878,51.99157,7
4.19881,51.99157,5
4.19881,51.99157,9
4.19878,51.99158,11
4.19876,51.99159,11
4.19877,51.99159,8
4.19881,51.99159,6
4.19884,51.99159,4
4.19878,51.9916,2
4.19879,51.99159,2
4.1988,51.99158,3
4.19881,51.99158,0
4.19883,51.99158,65531
4.19884,51.99158,65528
4.1989,51.99158,65531
4.19888,51.99158,65534
4.19886,51.99159,0
4.19885,51.99159,1
4.19886,51.99159,0
4.19888,51.99158,0
4.19869,51.99158,16
4.19868,51.99159,18
4.19866,51.99159,20
4.19863,51.9916,21
4.19868,51.9916,15
4.19875,51.99159,7
4.19871,51.99161,15
4.19871,51.99161,15
4.19868,51.99161,19
4.19865,51.99161,21
4.1987,51.9916,21
4.19871,51.99159,20
4.19876,51.99159,13
4.19877,51.99158,13
4.19879,51.99158,13
4.1988,51.99157,12
4.19877,51.99156,14
4.19862,51.99156,25
4.1987,51.99158,23
4.19873,51.99157,18
4.19876,51.99157,12
4.19878,51.99155,8
4.19876,51.99155,5
4.19865,51.99157,14
4.19858,51.9916,18
4.19859,51.99158,10
4.19859,51.99155,3
4.19859,51.99154,0
4.1986,51.99154,65535
4.19858,51.99154,2
4.19859,51.99157,4
4.19858,51.99157,5
4.19851,51.99159,12
4.19841,51.99161,22
4.19833,51.99163,31
4.19835,51.99163,31
4.19863,51.99158,16
4.19864,51.99157,14
4.19864,51.99156,12
4.19862,51.99155,12
4.19862,51.99155,11
4.19861,51.99155,13
4.19869,51.99154,10
4.19872,51.99154,8
4.19873,51.99154,7
4.19879,51.99154,4
4.1988,51.99154,3
4.19881,51.99155,2
4.19876,51.99155,3
4.19878,51.99155,0
4.19878,51.99154,0
4.19879,51.99154,65535
4.19883,51.99154,65530
4.19884,51.99154,65529
4.19877,51.99156,0
4.19878,51.99156,0
4.19877,51.99156,0
4.19877,51.99156,0
4.19876,51.99156,0
4.19879,51.99156,0
4.19857,51.99157,14
4.19853,51.99157,17
4.19857,51.99156,15
4.19859,51.99156,13
4.19867,51.99155,9
4.1987,51.99155,8
4.19865,51.99156,8
4.19865,51.99156,9
4.1986,51.99155,13
4.19851,51.99156,19
4.19843,51.99157,23
4.19835,51.99159,25
4.19841,51.99163,12
4.19841,51.99163,11
4.19844,51.99163,8
4.19845,51.99163,8
4.19847,51.99163,6
4.19849,51.99163,5
4.19869,51.99162,65533
4.19873,51.9916,65532
4.19873,51.9916,65532
4.19874,51.99159,65533
4.19874,51.99158,65533
4.19874,51.99158,65534
4.19877,51.99157,1
4.19873,51.99158,2
4.19872,51.99159,3
4.19871,51.99159,3
4.19871,51.9916,3
4.19871,51.9916,4
4.19872,51.99156,5
4.19872,51.99157,7
4.19874,51.99157,6
4.19876,51.99156,4
4.19878,51.99155,3
4.19878,51.99155,2
4.19872,51.99157,9
4.19872,51.99157,10
4.1987,51.99157,11
4.19871,51.99157,11
4.19871,51.99157,11
4.19872,51.99157,9
4.1987,51.9916,10
4.1987,51.9916,11
4.19871,51.9916,10
4.19871,51.9916,13
4.19871,51.9916,13
4.19871,51.9916,14
4.19874,51.99159,11
4.19876,51.99157,9
4.19878,51.99155,8
4.1988,51.99152,8
4.19881,51.9915,9
4.19877,51.99154,10
4.19886,51.99157,65534
4.19883,51.99158,65535
4.1988,51.99159,0
4.19878,51.9916,0
4.19878,51.9916,0
4.19878,51.9916,1
4.19863,51.9916,23
4.19862,51.99159,21
4.19865,51.99158,19
4.19873,51.99157,16
4.19874,51.99155,13
4.1987,51.99154,8
4.19888,51.99155,65535
4.19887,51.99155,65535
4.19883,51.99155,65534
4.19879,51.99156,0
4.19878,51.99156,0
4.19878,51.99157,1
4.19881,51.99156,10
4.1988,51.99155,13
4.1988,51.99155,18
4.1988,51.99157,22
4.1988,51.99157,23
4.19885,51.99159,32
4.1989,51.99161,17
4.1989,51.99162,16
4.19889,51.99161,9
4.19888,51.99159,2
4.19887,51.99158,0
4.19886,51.99157,65535
4.19884,51.99157,65530
4.19885,51.99157,65531
4.19887,51.99158,65534
4.19887,51.99158,0
4.19885,51.99157,0
4.19883,51.99156,65530
4.1988,51.99153,65526
4.19881,51.99152,65523
4.1988,51.99152,65522
4.19879,51.99152,65525
4.19879,51.99151,65525
4.19879,51.99151,65525
4.19879,51.99148,65526
4.19878,51.99147,65525
4.19878,51.99146,65520
4.1988,51.99145,65518
4.19881,51.99144,65519
4.19879,51.99141,65515
4.19876,51.9915,65525
4.19877,51.99151,65528
4.1988,51.99153,65531
4.19879,51.99154,65534
4.1988,51.99154,0
4.19881,51.99155,3
4.1988,51.99155,6
4.19881,51.99155,5
4.19882,51.99157,6
4.19882,51.99157,6
4.19876,51.99156,3
4.19874,51.99157,4
4.19869,51.99149,65522
4.19874,51.99147,65523
4.19875,51.99146,65522
4.19878,51.99139,65512
4.19878,51.99137,65507
4.1988,51.99137,65504
4.19879,51.99133,65492
4.19879,51.99135,65496
4.19879,51.99137,65500
4.1988,51.99141,65509
4.19879,51.99145,65520
4.19873,51.99142,65502
4.19872,51.99141,65499
4.19873,51.99139,65492
4.19874,51.99137,65489
4.19877,51.99138,65491
4.1988,51.99139,65491
4.19874,51.99157,8
4.19875,51.99159,9
4.19875,51.99159,6
4.19877,51.99159,5
4.1988,51.99158,0
4.19882,51.99157,65533
4.19887,51.99157,65535
4.19889,51.99155,65533
4.19887,51.99154,65533
4.19883,51.99154,0
4.19881,51.99154,4
4.1988,51.99152,1
4.1988,51.99146,65527
4.19879,51.99147,65528
4.19878,51.99149,65530
4.1988,51.9915,65531
4.19882,51.99152,65534
4.19885,51.99152,65533
4.19878,51.99158,21
4.19877,51.99159,25
4.19877,51.9916,27
4.19876,51.99161,32
4.19873,51.99163,34
4.19874,51.99164,36
4.1988,51.99153,2
4.19884,51.99152,5
4.19888,51.99153,3
4.19942,51.99172,65494
4.19936,51.9917,65493
4.1992,51.99165,65502
4.19897,51.99157,65518
4.19897,51.99157,65521
4.19896,51.99156,65523
4.1989,51.99155,65526
4.19884,51.99154,65528
4.19882,51.99153,65529
4.19882,51.99154,65530
4.19879,51.99154,65529
4.1988,51.99154,65529
4.19881,51.99154,65530
4.19878,51.99153,65532
4.19861,51.9915,1
4.19861,51.9915,0
4.19862,51.99149,2
4.19863,51.99149,3
4.19866,51.9915,1
4.19868,51.9915,0
4.19867,51.9915,65533
4.19865,51.99151,65523
4.19866,51.99151,65525
4.19865,51.99151,65524
4.19863,51.99151,65520
4.19863,51.99151,65520
4.19863,51.99151,65521
4.19876,51.99154,65527
4.19878,51.99154,65527
4.19879,51.99155,65527
4.19878,51.99155,65527
4.19879,51.99155,65526
4.1988,51.99155,65527
4.1988,51.99155,65533
4.1988,51.99154,65531
4.19882,51.99154,65532
4.19881,51.99154,65532
4.19879,51.99153,65529
4.19879,51.99152,65527
4.1988,51.99152,65524
4.19879,51.99152,65524
4.19879,51.99153,65527
4.19878,51.99153,65529
4.19878,51.99153,65530
4.19876,51.99154,65533
4.19875,51.99153,7
4.19875,51.99153,8
4.19875,51.99154,8
4.19875,51.99154,8
4.19876,51.99155,9
4.19876,51.99155,10
4.19881,51.99154,17
4.19879,51.99154,14
4.19879,51.99153,11
4.19882,51.99153,12
4.19885,51.99152,13
4.19885,51.99152,13
4.19878,51.99151,10
4.19873,51.99151,10
4.19871,51.9915,10
4.1987,51.99151,6
4.19869,51.99152,5
4.1987,51.99152,6
4.19874,51.99152,8
4.1988,51.99154,7
4.19882,51.99155,7
4.19877,51.99154,8
4.19873,51.99153,9
4.19873,51.99153,10
4.19884,51.99161,65532
4.19885,51.99161,65531
4.1989,51.99163,65535
4.19907,51.99166,1
4.19916,51.99168,0
4.19923,51.99169,65535
4.19897,51.99166,65531
4.19892,51.99165,65534
4.19892,51.99164,0
4.19887,51.99162,3
4.19883,51.9916,5
4.19877,51.99157,9
4.1987,51.99152,6
4.19868,51.99151,6
4.19869,51.9915,4
4.19868,51.99149,3
4.19868,51.99149,2
4.19865,51.99148,4
4.19879,51.99152,65534
4.1988,51.99151,65534
4.19879,51.99152,0
4.19879,51.9915,0
4.19881,51.99149,0
4.19883,51.9915,0
4.19876,51.9915,65534
4.19875,51.9915,65535
4.19876,51.99151,65535
4.19878,51.99152,0
4.19879,51.99153,0
4.19879,51.99153,1
4.19886,51.99153,65532
4.19886,51.99154,65533
4.19886,51.99153,65533
4.19887,51.99153,65535
4.19885,51.99153,65535
4.19884,51.99153,65535
4.19883,51.99156,7
4.19881,51.99155,5
4.19881,51.99155,6
4.19881,51.99156,7
4.19883,51.99156,6
4.19886,51.99157,9
4.19887,51.99156,12
4.19888,51.99155,14
4.19889,51.99155,15
4.1989,51.99155,16
4.1989,51.99155,18
4.19888,51.99154,18
4.19884,51.99147,6
4.19877,51.99143,65532
4.19875,51.99141,65528
4.19875,51.99141,65528
4.19875,51.99141,65528
4.19877,51.99147,65534
4.19882,51.99156,10
4.19884,51.99157,9
4.19886,51.99159,5
4.19886,51.9916,2
4.19884,51.99158,65533
4.19884,51.99157,65527
4.19882,51.99155,65526
4.1988,51.99155,65527
4.1988,51.99156,65527
4.19877,51.99155,65527
4.19877,51.99155,65527
4.19876,51.99155,65528
4.19877,51.99152,65529
4.19882,51.99154,65530
4.19885,51.99155,65530
4.19887,51.99155,65529
4.1989,51.99155,65525
4.19889,51.99155,65523
4.19889,51.99157,65530
4.19887,51.99156,65529
4.19886,51.99156,65530
4.19886,51.99156,65531
4.19884,51.99155,65533
4.1988,51.99155,65533
4.19872,51.99157,65533
4.19871,51.99157,65535
4.1987,51.99157,65535
4.19871,51.99157,0
4.19871,51.99156,65535
4.19872,51.99155,65533
4.19858,51.99149,65527
4.19858,51.99149,65529
4.19859,51.99149,65530
4.19858,51.99149,65531
4.19858,51.99148,65532
4.19859,51.99148,65533
4.19876,51.99153,65530
4.19876,51.99153,65530
4.19876,51.99153,65529
4.19875,51.99151,65529
4.19874,51.99151,65528
4.19875,51.99151,65526
4.19877,51.99152,65526
4.19876,51.99152,65526
4.19878,51.99152,65526
4.19878,51.99152,65526
4.19878,51.99152,65526
4.19882,51.99153,65527
4.19873,51.99152,65517
4.19872,51.99152,65518
4.19872,51.99151,65516
4.19873,51.99151,65515
4.19876,51.99153,65516
4.19878,51.99153,65517
4.19881,51.99153,65526
4.19882,51.99153,65526
4.19883,51.99153,65526
4.19885,51.99153,65527
4.19886,51.99153,65526
4.19886,51.99153,65525
4.19881,51.99152,65522
4.19881,51.99152,65522
4.19882,51.99152,65523
4.19883,51.99152,65522
4.19883,51.99152,65522
4.19879,51.99151,65522
4.19888,51.99153,65525
4.19888,51.99154,65526
4.19891,51.99154,65526
4.1989,51.99154,65526
4.19886,51.99154,65526
4.19884,51.99154,65526
4.19875,51.99149,65526
4.19875,51.99148,65526
4.19877,51.99149,65528
4.19878,51.99149,65529
4.1988,51.99149,65530
4.19883,51.99151,65531
4.19886,51.99155,65527
4.19886,51.99155,65528
4.19886,51.99156,65528
4.19886,51.99157,65527
4.19887,51.99157,65527
4.1989,51.99153,6
4.19891,51.99153,8
4.19891,51.99153,8
4.19891,51.99153,9
4.19891,51.99153,9
4.19892,51.99153,9
4.19892,51.99153,10
4.19892,51.99153,10
4.19892,51.99153,10
4.19892,51.99153,10
4.19892,51.99153,10
4.19892,51.99154,8
4.19892,51.99154,8
4.19892,51.99154,7
4.19893,51.99154,7
4.19893,51.99154,7
4.19893,51.99154,8
4.19892,51.99154,7
4.19892,51.99154,8
4.19892,51.99154,8
4.19892,51.99154,9
4.19892,51.99155,9
4.19892,51.99154,9
4.19894,51.99155,8
4.19894,51.99155,8
4.19894,51.99155,8
4.19894,51.99155,8
4.19893,51.99154,9
4.19893,51.99154,9
4.19892,51.99153,5
4.19892,51.99153,6
4.19891,51.99153,6
4.19891,51.99153,6
4.19892,51.99153,4
4.19892,51.99153,3
4.19891,51.99154,3
4.19892,51.99154,4
4.19892,51.99153,4
4.19892,51.99154,5
4.19892,51.99154,5
4.19892,51.99154,5
4.19892,51.99153,4
4.19892,51.99153,4
4.19892,51.99153,4
4.19892,51.99153,5
4.19892,51.99154,6
4.19893,51.99154,7
4.19893,51.99154,8
4.19893,51.99153,9
4.19893,51.99153,9
4.19892,51.99153,9
4.19892,51.99153,9
4.19892,51.99153,8
4.19892,51.99154,5
4.19892,51.99154,4
4.19892,51.99154,3
4.19892,51.99154,2
4.19892,51.99154,2
4.19891,51.99154,3
4.19891,51.99153,2
4.19891,51.99153,2
4.19891,51.99153,3
4.19891,51.99154,3
4.19891,51.99154,3
4.19892,51.99154,1
4.19893,51.99153,4
4.19893,51.99154,4
4.19893,51.99154,3
4.19893,51.99154,3
4.19892,51.99154,3
4.19892,51.99154,4
4.19892,51.99154,5
4.19892,51.99155,5
4.19892,51.99155,4
4.19892,51.99155,3
4.19892,51.99154,2
4.19892,51.99154,1
4.19892,51.99155,0
4.19892,51.99155,0
4.19893,51.99154,0
4.19893,51.99155,0
4.19893,51.99155,0
4.19893,51.99155,2
4.19893,51.99154,4
4.19893,51.99154,5
4.19893,51.99154,6
4.19893,51.99154,6
4.19893,51.99154,6
4.19893,51.99154,5
4.19893,51.99153,7
4.19893,51.99154,7
4.19894,51.99154,7
4.19894,51.99154,7
4.19893,51.99154,6
4.19893,51.99154,6
4.19893,51.99155,5
4.19893,51.99155,5
4.19893,51.99155,4
4.19893,51.99155,3
4.19893,51.99154,2
4.19893,51.99154,2
4.19893,51.99155,3
4.19893,51.99155,3
4.19893,51.99155,3
4.19893,51.99154,3
4.19893,51.99154,3
4.19893,51.99154,3
4.19893,51.99154,0
4.19893,51.99154,0
4.19892,51.99154,0
4.19892,51.99154,65534
4.19892,51.99154,65534
4.19892,51.99154,65533
4.19892,51.99154,0
4.19892,51.99154,1
4.19892,51.99154,2
4.19892,51.99154,3
4.19892,51.99154,3
4.19892,51.99154,3
4.19893,51.99155,2
4.19892,51.99155,2
4.19892,51.99155,2
4.19892,51.99155,0
4.19892,51.99155,0
4.19892,51.99154,0
4.19891,51.99154,0
4.19891,51.99154,0
4.19892,51.99153,0
4.19892,51.99153,0
4.19892,51.99153,0
4.19892,51.99153,1
4.19893,51.99153,3
4.19892,51.99153,2
4.19892,51.99153,3
4.19892,51.99153,3
4.19892,51.99153,3
4.19892,51.99153,3
4.19893,51.99154,4
4.19894,51.99154,5
4.19894,51.99154,5
4.19894,51.99154,6
4.19894,51.99154,6
4.19894,51.99155,4
4.19891,51.99155,65535
4.19892,51.99154,65535
4.19892,51.99154,65535
4.19892,51.99154,65535
4.19892,51.99154,0
4.19892,51.99154,0
4.19893,51.99153,3
4.19893,51.99153,3
4.19893,51.99153,3
4.19893,51.99153,3
4.19893,51.99153,3
4.19893,51.99153,3
4.19893,51.99154,3
4.19893,51.99154,2
4.19893,51.99154,2
4.19893,51.99154,2
4.19893,51.99154,2
4.19893,51.99155,2
4.19893,51.99155,2
4.19893,51.99154,2
4.19893,51.99155,2
4.19893,51.99155,1
4.19892,51.99155,0
4.19893,51.99155,0
4.19892,51.99155,1
4.19892,51.99154,1
4.19892,51.99154,1
4.19892,51.99154,1
4.19892,51.99154,2
4.19893,51.99154,2
4.19893,51.99155,2
4.19893,51.99155,2
4.19893,51.99155,2
4.19893,51.99155,2
4.19893,51.99154,3
4.19893,51.99154,2
4.19892,51.99154,1
4.19892,51.99154,1
4.19892,51.99154,1
4.19892,51.99154,2
4.19892,51.99154,1
4.19892,51.99154,2
4.19892,51.99154,2
4.19892,51.99155,1
4.19892,51.99155,1
4.19892,51.99155,1
4.19893,51.99154,2
4.19893,51.99154,2
4.19893,51.99154,2
4.19893,51.99154,2
4.19893,51.99154,3
4.19893,51.99154,3
4.19893,51.99154,3
4.19892,51.99154,3
4.19892,51.99154,4
4.19892,51.99154,4
4.19892,51.99154,3
4.19892,51.99154,3
4.19892,51.99155,2
4.19892,51.99154,1
4.19892,51.99154,2
4.19891,51.99154,2
4.19891,51.99154,1
4.19891,51.99154,1
4.19891,51.99154,1
4.19892,51.99154,2
4.19892,51.99154,2
4.19892,51.99154,2
4.19892,51.99154,1
4.19892,51.99155,1
4.19891,51.99155,2
4.19891,51.99154,2
4.19891,51.99154,2
4.19891,51.99154,1
4.19891,51.99154,0
4.19891,51.99154,0
4.19892,51.99154,1
4.19892,51.99153,2
4.19892,51.99153,2
4.19892,51.99154,2
4.19892,51.99154,2
4.19892,51.99154,1
4.19892,51.99154,1
4.19892,51.99154,1
4.19892,51.99154,1
4.19891,51.99154,2
4.19891,51.99154,2
4.19891,51.99155,2
4.19891,51.99154,2
4.19892,51.99154,2
4.19892,51.99154,2
4.19892,51.99154,2
4.19892,51.99154,3
4.19892,51.99154,3
4.19892,51.99154,3
4.19891,51.99154,2
4.19891,51.99154,1
4.19891,51.99154,1
4.19891,51.99154,1
4.19891,51.99154,1
4.19891,51.99155,2
4.19891,51.99155,2
4.19891,51.99155,2
4.19891,51.99154,2
4.19891,51.99154,2
4.19891,51.99154,2
4.19892,51.99154,2
4.19891,51.99154,2
4.19891,51.99154,1
4.19891,51.99154,1
4.19891,51.99154,1
4.19891,51.99154,1
4.19891,51.99154,2
4.19891,51.99154,2
4.19892,51.99154,2
4.19892,51.99154,2
4.19892,51.99154,3
4.19891,51.99154,3
4.19891,51.99154,2
4.1989,51.99155,2
4.1989,51.99155,2
4.1989,51.99155,2
4.1989,51.99155,2
4.19891,51.99155,2
4.19892,51.99154,2
4.19892,51.99154,2
4.19892,51.99154,2
4.19892,51.99154,2
4.19892,51.99154,2
4.19892,51.99154,2
4.19892,51.99153,3
4.19892,51.99153,3
4.19892,51.99153,2
4.19892,51.99153,2
4.19892,51.99153,2
4.19892,51.99154,3
4.19891,51.99155,2
4.19891,51.99155,2
4.19891,51.99154,3
4.19891,51.99154,3
4.19891,51.99154,3
4.19891,51.99154,3
4.19892,51.99154,4
4.19891,51.99154,4
4.19891,51.99154,4
4.19891,51.99154,4
4.19891,51.99154,3
4.19891,51.99154,4
4.19891,51.99154,3
4.19891,51.99154,3
4.19891,51.99154,3
4.19891,51.99154,3
4.19891,51.99154,3
4.19891,51.99154,2
4.19891,51.99154,2
4.19891,51.99154,2
4.19891,51.99154,2
4.19891,51.99154,2
4.19891,51.99154,2
4.19891,51.99154,2
4.19891,51.99154,2
4.19891,51.99154,2
4.19891,51.99154,2
4.19891,51.99154,2
4.19891,51.99154,2
4.19891,51.99154,2
4.19891,51.99155,3
4.19891,51.99155,3
4.19891,51.99154,3
4.19891,51.99154,3
4.19891,51.99154,3
4.19891,51.99154,2
4.19891,51.99154,2
4.19891,51.99154,1
4.19891,51.99154,2
4.19891,51.99154,2
4.19891,51.99154,2
4.19891,51.99154,2
4.19891,51.99154,1
4.19891,51.99154,1
4.19891,51.99154,2
4.19891,51.99154,2
4.19891,51.99154,2
4.19891,51.99155,2
4.19891,51.99155,2
4.19891,51.99155,2
4.19891,51.99155,2
4.19891,51.99155,2
4.19891,51.99155,2
4.19891,51.99155,2
4.19891,51.99154,2
4.19891,51.99154,2
4.19891,51.99154,3
4.19891,51.99154,3
4.19891,51.99154,3
4.19891,51.99154,3
4.19892,51.99154,3
4.19892,51.99155,3
4.19892,51.99154,3
4.19892,51.99154,3
4.19892,51.99155,3
4.19892,51.99155,3
4.19892,51.99155,3
4.19892,51.99155,3
4.19892,51.99155,2
4.19892,51.99155,2
4.19893,51.99154,3
4.19893,51.99154,3
4.19893,51.99154,4
4.19893,51.99154,4
4.19893,51.99154,5
4.19893,51.99154,4
4.19893,51.99154,3
4.19892,51.99154,3
4.19892,51.99154,3
4.19892,51.99154,3
4.19892,51.99154,3
4.19892,51.99154,3
4.19892,51.99154,3
4.19891,51.99154,3
4.19892,51.99154,4
4.19891,51.99154,4
4.19891,51.99154,4
4.19891,51.99154,4
4.19891,51.99154,4
4.19891,51.99155,4
4.19892,51.99154,4
4.19892,51.99154,4
4.19892,51.99154,4
4.19892,51.99154,4
4.19892,51.99154,3
4.19892,51.99154,3
4.19892,51.99153,2
4.19892,51.99153,2
4.19892,51.99153,2
4.19892,51.99153,3
4.19892,51.99154,3
4.19891,51.99154,4
4.19891,51.99154,4
4.19891,51.99154,4
4.19891,51.99154,4
4.19891,51.99154,4
4.19891,51.99154,5
4.19891,51.99154,5
4.19891,51.99154,3
4.19891,51.99154,3
4.1989,51.99154,2
4.1989,51.99155,2
4.1989,51.99155,3
4.1989,51.99155,3
4.1989,51.99155,6
4.19891,51.99154,5
4.19891,51.99154,5
4.19891,51.99154,4
4.19892,51.99154,4
4.19892,51.99153,3
4.19891,51.99154,4
4.19891,51.99154,4
4.1989,51.99155,4
4.1989,51.99155,5
4.1989,51.99155,5
4.1989,51.99154,5
4.19891,51.99154,5
4.19891,51.99154,5
4.19891,51.99154,5
4.19891,51.99154,5
4.19891,51.99154,4
4.19891,51.99154,4
4.19891,51.99155,5
4.1989,51.99155,6
4.1989,51.99155,6
4.1989,51.99155,6
4.1989,51.99155,6
4.1989,51.99155,5
4.19892,51.99155,5
4.19892,51.99155,5
4.19891,51.99155,5
4.19891,51.99155,5
4.19891,51.99155,6
4.19891,51.99155,6
4.19891,51.99154,5
4.19891,51.99154,5
4.19891,51.99154,6
4.19891,51.99155,6
4.19891,51.99155,6
4.19891,51.99155,6
4.19892,51.99154,6
4.19892,51.99154,6
4.19892,51.99154,6
4.19893,51.99154,6
4.19893,51.99154,6
4.19892,51.99154,5
4.19892,51.99154,5
4.19892,51.99154,5
4.19892,51.99153,5
4.19892,51.99153,5
4.19893,51.99153,5
4.19893,51.99153,4
4.19893,51.99153,4
4.19893,51.99153,5
4.19892,51.99153,5
4.19892,51.99153,5
4.19892,51.99153,5
4.19892,51.99154,4
4.19891,51.99154,4
4.19891,51.99154,5
4.19891,51.99154,5
4.19892,51.99154,5
4.19892,51.99154,6
4.19892,51.99153,4
4.19893,51.99153,3
4.19893,51.99153,4
4.19893,51.99153,4
4.19893,51.99152,4
4.19893,51.99152,4
4.19893,51.99153,5
4.19892,51.99154,5
4.19892,51.99154,5
4.19892,51.99154,5
4.19892,51.99154,6
4.19892,51.99154,6
4.19891,51.99154,5
4.19892,51.99154,5
4.19892,51.99154,4
4.19892,51.99154,4
4.19892,51.99154,4
4.19891,51.99154,4
4.19892,51.99154,3
4.19892,51.99154,3
4.19892,51.99154,3
4.19891,51.99155,3
4.19891,51.99155,3
4.19891,51.99155,3
4.19892,51.99154,4
4.19892,51.99154,3
4.19892,51.99154,3
4.19893,51.99154,3
4.19892,51.99155,3
4.19892,51.99155,3
4.19891,51.99155,4
4.19891,51.99155,3
4.19892,51.99154,3
4.19892,51.99154,2
4.19892,51.99154,2
4.19892,51.99155,2
4.19891,51.99155,4
4.19891,51.99154,4
4.19891,51.99154,4
4.19892,51.99154,3
4.19892,51.99154,3
4.19892,51.99155,2
4.19892,51.99154,4
4.19892,51.99154,4
4.19892,51.99154,4
4.19892,51.99154,4
4.19892,51.99154,3
4.19892,51.99154,3
4.19892,51.99153,4
4.19892,51.99153,4
4.19892,51.99153,4
4.19892,51.99153,5
4.19892,51.99153,4
4.19891,51.99153,4
4.19891,51.99154,3
4.19891,51.99154,3
4.19891,51.99154,3
4.19891,51.99154,3
4.19891,51.99154,3
4.19891,51.99154,3
4.19891,51.99154,4
4.19891,51.99154,4
4.19891,51.99154,4
4.19891,51.99154,4
4.19891,51.99154,4
4.19891,51.99154,4
4.19891,51.99154,3
4.19891,51.99154,2
4.19891,51.99154,2
4.19891,51.99154,2
4.19891,51.99154,2
4.19891,51.99154,2
4.19892,51.99153,3
4.19892,51.99153,3
4.19892,51.99153,3
4.19892,51.99153,3
4.19892,51.99153,3
4.19892,51.99153,3
4.19891,51.99154,2
4.19891,51.99154,2
4.19891,51.99153,2
4.19891,51.99153,3
4.19892,51.99153,3
4.19892,51.99153,4
4.19891,51.99153,3
4.19891,51.99153,3
4.19891,51.99153,3
4.19891,51.99153,3
4.19892,51.99153,3
4.19892,51.99153,3
4.19891,51.99153,3
4.19891,51.99153,3
4.19891,51.99153,3
4.19891,51.99153,2
4.19891,51.99153,2
4.19891,51.99153,2
4.19892,51.99153,3
4.19892,51.99152,3
4.19892,51.99152,4
4.19892,51.99152,4
4.19892,51.99152,4
4.19892,51.99152,4
4.19891,51.99152,5
4.19891,51.99153,5
4.19892,51.99153,5
4.19892,51.99153,5
4.19892,51.99153,4
4.19892,51.99153,4
4.19892,51.99153,4
4.19892,51.99153,3
4.19893,51.99153,3
4.19893,51.99153,3
4.19893,51.99153,3
4.19893,51.99153,3
4.19893,51.99153,4
4.19893,51.99153,4
4.19893,51.99153,3
4.19893,51.99153,3
4.19893,51.99153,3
4.19892,51.99153,3
4.19892,51.99154,2
4.19892,51.99154,3
4.19892,51.99154,3
4.19892,51.99154,3
4.19892,51.99154,3
4.19892,51.99154,3
4.19892,51.99154,3
4.19892,51.99154,4
4.19892,51.99154,4
4.19892,51.99153,5
4.19893,51.99153,5
4.19893,51.99154,4
4.19892,51.99154,4
4.19892,51.99154,4
4.19892,51.99154,4
4.19892,51.99154,4
4.19892,51.99154,4
4.19892,51.99154,4
4.19892,51.99153,3
4.19892,51.99153,3
4.19892,51.99154,3
4.19892,51.99153,4
4.19892,51.99153,4
4.19892,51.99153,4
4.19892,51.99154,5
4.19892,51.99154,5
4.19892,51.99154,5
4.19892,51.99154,5
4.19892,51.99154,5
4.19892,51.99154,4
4.19892,51.99155,3
4.19892,51.99155,3
4.19892,51.99154,4
4.19892,51.99154,4
4.19892,51.99154,4
4.19892,51.99154,4
4.19892,51.99154,4
4.19892,51.99154,4
4.19892,51.99154,3
4.19892,51.99154,3
4.19892,51.99154,3
4.19892,51.99154,3
4.19893,51.99154,2
4.19893,51.99154,2
4.19893,51.99154,1
4.19893,51.99154,1
4.19893,51.99154,1
4.19893,51.99154,1
4.19893,51.99154,4
4.19893,51.99154,5
4.19892,51.99154,6
4.19892,51.99155,6
4.19892,51.99154,6
4.19892,51.99154,6
4.19892,51.99154,6
4.19891,51.99154,6
4.19891,51.99154,6
4.19891,51.99154,5
4.19891,51.99154,5
4.19891,51.99154,5
4.19891,51.99154,7
4.19891,51.99154,7
4.19891,51.99154,6
4.19891,51.99154,5
4.19891,51.99154,5
4.19891,51.99154,4
4.1989,51.99154,3
4.1989,51.99154,2
4.1989,51.99154,2
4.1989,51.99154,2
4.1989,51.99154,3
4.1989,51.99154,3
4.19891,51.99154,5
4.19891,51.99154,5
4.19891,51.99154,5
4.19891,51.99154,6
4.19891,51.99153,6
4.19891,51.99153,6
4.19892,51.99153,7
4.19892,51.99153,7
4.19891,51.99153,6
4.19891,51.99153,6
4.1989,51.99153,5
4.1989,51.99154,5
4.19891,51.99154,5
4.19891,51.99153,4
4.19891,51.99153,4
4.19891,51.99154,4
4.19891,51.99154,4
4.19891,51.99154,4
4.19891,51.99154,4
4.19891,51.99154,3
4.19891,51.99154,3
4.19891,51.99154,3
4.19892,51.99154,3
4.19892,51.99154,3
4.19891,51.99153,4
4.19891,51.99154,4
4.19891,51.99154,4
4.19891,51.99154,4
4.19891,51.99154,3
4.19891,51.99154,3
4.1989,51.99153,2
4.19891,51.99153,3
4.19891,51.99153,3
4.19891,51.99153,3
4.19891,51.99153,2
4.19891,51.99153,2
4.19891,51.99153,3
4.19891,51.99153,3
4.19891,51.99153,3
4.19891,51.99154,4
4.19891,51.99154,4
4.19891,51.99154,4
4.19892,51.99154,4
4.19892,51.99154,4
4.19892,51.99154,4
4.19891,51.99154,4
4.19891,51.99154,4
4.19891,51.99153,5
4.19891,51.99154,4
4.19891,51.99154,4
4.19891,51.99154,4
4.19891,51.99154,4
4.19891,51.99153,5
4.19891,51.99153,5
4.19891,51.99154,5
4.19891,51.99154,5
4.19891,51.99154,5
4.19891,51.99154,5
4.19891,51.99154,5
4.19891,51.99154,5
4.19892,51.99154,5
4.19892,51.99154,5
4.19892,51.99154,5
4.19892,51.99154,5
4.19892,51.99154,6
4.19892,51.99154,6
4.19892,51.99153,6
4.19892,51.99153,6
4.19892,51.99153,6
4.19892,51.99153,6
4.19892,51.99153,6
4.19892,51.99153,6
4.19891,51.99153,4
4.19891,51.99153,4
4.19891,51.99153,4
4.19891,51.99153,4
4.19891,51.99153,5
4.19891,51.99153,5
4.19892,51.99154,6
4.19892,51.99154,6
4.19892,51.99154,6
4.19891,51.99154,6
4.19891,51.99154,6
4.19891,51.99154,6
4.1989,51.99154,4
4.1989,51.99154,3
4.1989,51.99153,3
4.1989,51.99153,3
4.19891,51.99153,4
4.19891,51.99153,4
4.19891,51.99154,5
4.19891,51.99154,5
4.19891,51.99154,5
4.1989,51.99154,5
4.1989,51.99154,5
4.1989,51.99154,5
4.19891,51.99154,5
4.19891,51.99154,6
4.19891,51.99154,6
4.19891,51.99154,6
4.19891,51.99154,6
4.19891,51.99154,6
4.19891,51.99155,4
4.19892,51.99155,4
4.19892,51.99155,4
4.19892,51.99155,4
4.19892,51.99155,5
4.19892,51.99155,5
4.19892,51.99155,5
4.19892,51.99155,4
4.19892,51.99155,4
4.19892,51.99155,4
4.19892,51.99154,5
4.19892,51.99154,5
4.19892,51.99154,4
4.19892,51.99154,4
4.19892,51.99154,4
4.19891,51.99154,4
4.19891,51.99154,4
4.19891,51.99154,4
4.1989,51.99154,4
4.1989,51.99154,4
4.1989,51.99154,4
4.1989,51.99154,4
4.1989,51.99154,4
4.1989,51.99154,4
4.19891,51.99154,5
4.19891,51.99154,5
4.19891,51.99154,5
4.19891,51.99154,5
4.19891,51.99154,5
4.19891,51.99154,5
4.19891,51.99155,5
4.1989,51.99155,5
4.1989,51.99155,4
4.1989,51.99154,4
4.1989,51.99154,5
4.1989,51.99154,5
4.19891,51.99155,6
4.19891,51.99155,6
4.19891,51.99155,6
4.19892,51.99155,6
4.19892,51.99155,6
4.19891,51.99155,6
4.19891,51.99155,6
4.19891,51.99155,6
4.19891,51.99155,5
4.19891,51.99155,5
4.19891,51.99154,5
4.19891,51.99154,5
4.19891,51.99154,5
4.19892,51.99154,5
4.19892,51.99155,5
4.19892,51.99155,5
4.19892,51.99155,5
4.19893,51.99155,5
4.19893,51.99154,6
4.19892,51.99154,6
4.19893,51.99154,6
4.19893,51.99154,6
4.19893,51.99154,5
4.19893,51.99154,5
4.19894,51.99153,5
4.19894,51.99153,5
4.19894,51.99153,5
4.19894,51.99153,5
4.19894,51.99153,5
4.19893,51.99153,5
4.19892,51.99154,4
4.19892,51.99154,5
4.19892,51.99154,5
4.19892,51.99154,5
4.19892,51.99154,5
4.19892,51.99154,6
4.19893,51.99154,4
4.19893,51.99154,4
4.19892,51.99153,4
4.19892,51.99153,4
4.19892,51.99153,5
4.19892,51.99154,5
4.19892,51.99154,5
4.19892,51.99154,5
4.19892,51.99154,5
4.19892,51.99154,4
4.19892,51.99154,4
4.19892,51.99155,5
4.19892,51.99155,4
4.19892,51.99154,4
4.19892,51.99154,4
4.19892,51.99154,4
4.19892,51.99154,4
4.19892,51.99154,5
4.19892,51.99154,4
4.19892,51.99154,4
4.19892,51.99154,4
4.19891,51.99154,4
4.19891,51.99154,4
4.19891,51.99154,4
4.19892,51.99154,6
4.19892,51.99154,7
4.19892,51.99154,7
4.19892,51.99154,7
4.19892,51.99154,7
4.19892,51.99154,6
4.19893,51.99154,7
4.19892,51.99154,7
4.19892,51.99154,7
4.19892,51.99154,7
4.19892,51.99154,6
4.19892,51.99154,5
4.19891,51.99154,6
4.19891,51.99154,7
4.19891,51.99154,7
4.19891,51.99154,6
4.19891,51.99154,5
4.19891,51.99154,4
4.19891,51.99154,6
4.19892,51.99154,6
4.19892,51.99154,6
4.19892,51.99154,6
4.19891,51.99154,5
4.19891,51.99154,5
4.19891,51.99154,5
4.1989,51.99154,5
4.1989,51.99153,5
4.1989,51.99153,4
4.1989,51.99153,4
4.19891,51.99154,4
4.19891,51.99154,4
4.19891,51.99154,4
4.19891,51.99154,5
4.19891,51.99154,5
4.1989,51.99154,5
4.1989,51.99154,4
4.1989,51.99154,4
4.1989,51.99154,4
4.1989,51.99154,5
4.1989,51.99154,5
4.19891,51.99154,5
4.19891,51.99154,5
4.19891,51.99154,5
4.19891,51.99154,4
4.19891,51.99154,4
4.19891,51.99154,3
4.19891,51.99154,3
4.19891,51.99154,3
4.19891,51.99155,6
4.19891,51.99155,6
4.19891,51.99155,6
4.19891,51.99154,5
4.19891,51.99154,4
4.19891,51.99154,3
4.19889,51.99153,1
4.19889,51.99153,1
4.19889,51.99153,0
4.19889,51.99153,0
4.19889,51.99153,0
4.19889,51.99153,0
4.1989,51.99153,2
4.1989,51.99153,3
4.1989,51.99153,3
4.1989,51.99154,3
4.1989,51.99154,3
4.19891,51.99154,4
4.1989,51.99153,3
4.1989,51.99153,3
4.1989,51.99153,3
4.1989,51.99153,4
4.1989,51.99153,4
4.1989,51.99153,4
4.19891,51.99153,5
4.19891,51.99154,5
4.19891,51.99154,5
4.19891,51.99154,5
4.19891,51.99154,5
4.19891,51.99154,5
4.19889,51.99154,4
4.19889,51.99153,3
4.19889,51.99153,3
4.1989,51.99153,4
4.1989,51.99154,4
4.1989,51.99154,4
4.1989,51.99154,4
4.1989,51.99154,4
4.1989,51.99154,5
4.19891,51.99154,6
4.19891,51.99154,6
4.19891,51.99154,6
4.19891,51.99154,5
4.19891,51.99154,7
4.19891,51.99155,7
4.19891,51.99155,8
4.19891,51.99155,8
4.19891,51.99155,8
4.19891,51.99153,4
4.19892,51.99153,3
4.19892,51.99153,3
4.19892,51.99153,4
4.19892,51.99153,5
4.19891,51.99153,6
4.19893,51.99155,9
4.19893,51.99155,8
4.19893,51.99154,7
4.19893,51.99154,6
4.19893,51.99154,6
4.19892,51.99154,6
4.19891,51.99155,6
4.19891,51.99155,5
4.19891,51.99155,5
4.19891,51.99155,5
4.19891,51.99155,5
4.19891,51.99155,6
4.19891,51.99154,5
4.19891,51.99154,5
4.19891,51.99154,6
4.19891,51.99154,6
4.19892,51.99154,6
4.19892,51.99154,6
4.19891,51.99154,6
4.19892,51.99155,6
4.19892,51.99155,6
4.19892,51.99155,6
4.19892,51.99155,6
4.19892,51.99155,6
4.19893,51.99155,7
4.19893,51.99155,7
4.19894,51.99154,6
4.19894,51.99154,6
4.19894,51.99154,6
4.19894,51.99154,6
4.19893,51.99153,5
4.19893,51.99153,5
4.19893,51.99154,5
4.19893,51.99154,5
4.19893,51.99154,5
4.19893,51.99154,5
4.19892,51.99154,5
4.19891,51.99154,5
4.19891,51.99154,5
4.19891,51.99154,5
4.19891,51.99154,5
4.19892,51.99154,5
4.19891,51.99155,5
4.19891,51.99155,5
4.19891,51.99155,5
4.19891,51.99155,5
4.19891,51.99154,5
4.19892,51.99154,5
4.19892,51.99155,8
4.19892,51.99154,8
4.19892,51.99154,8
4.19892,51.99154,8
4.19892,51.99154,7
4.19892,51.99153,7
4.19891,51.99153,5
4.19891,51.99153,5
4.19891,51.99153,6
4.19891,51.99154,6
4.19891,51.99154,6
4.19891,51.99154,5
4.1989,51.99153,2
4.1989,51.99153,3
4.1989,51.99153,2
4.1989,51.99153,4
4.1989,51.99153,4
4.1989,51.99154,4
4.1989,51.99154,2
4.1989,51.99154,3
4.19891,51.99154,3
4.19891,51.99154,4
4.19892,51.99154,6
4.19891,51.99154,6
4.19892,51.99154,9
4.19893,51.99154,9
4.19893,51.99154,10
4.19894,51.99154,10
4.19894,51.99154,10
4.19894,51.99154,10
4.19892,51.99153,7
4.19892,51.99153,7
4.19892,51.99153,7
4.19892,51.99152,7
4.19892,51.99152,7
4.1989,51.99152,4
4.19891,51.99153,6
4.19892,51.99154,8
4.19892,51.99154,7
4.19892,51.99153,7
4.19892,51.99153,7
4.19892,51.99153,6
4.19892,51.99154,8
4.19892,51.99154,8
4.19891,51.99154,7
4.19891,51.99154,7
4.1989,51.99153,5
4.19889,51.99153,4
4.19891,51.99154,8
4.19891,51.99154,8
4.19892,51.99154,9
4.19893,51.99155,10
4.19893,51.99155,11
4.19894,51.99155,13
4.19897,51.99154,16
4.19897,51.99155,17
4.19897,51.99155,18
4.19898,51.99155,19
4.19898,51.99155,19
4.19898,51.99155,21
4.19892,51.99153,8
4.19891,51.99153,7
4.19891,51.99153,6
4.19891,51.99153,6
4.19891,51.99153,6
4.19891,51.99154,5
4.19889,51.99155,6
4.1989,51.99155,6
4.19891,51.99155,8
4.19891,51.99155,10
4.19891,51.99155,10
4.19891,51.99155,11
4.19893,51.99155,14
4.19893,51.99155,14
4.19894,51.99155,15
4.19894,51.99155,13
4.19893,51.99155,11
4.19893,51.99155,9
4.19893,51.99156,10
4.19893,51.99156,9
4.19893,51.99156,9
4.19893,51.99155,10
4.19893,51.99155,10
4.19893,51.99155,10
4.19892,51.99155,11
4.19893,51.99155,11
4.19893,51.99155,9
4.19892,51.99154,8
4.19892,51.99154,6
4.19892,51.99154,5
4.19892,51.99154,5
4.19891,51.99154,5
4.19891,51.99154,5
4.19892,51.99154,8
4.19892,51.99154,8
4.19891,51.99155,8
4.19876,51.99159,5
4.19867,51.99178,65508
4.19893,51.99175,65491
4.19904,51.99164,65506
4.19897,51.99159,65523
4.1989,51.99157,8
4.1989,51.99157,8
4.1989,51.99157,7
4.1989,51.99157,8
4.1989,51.99157,8
4.1989,51.99156,8
4.1989,51.99155,7
4.1989,51.99155,7
4.1989,51.99155,6
4.1989,51.99155,5
4.1989,51.99155,5
4.1989,51.99155,6
4.1989,51.99155,6
4.1989,51.99155,6
4.1989,51.99155,6
4.1989,51.99155,5
4.1989,51.99155,5
4.1989,51.99155,5
4.1989,51.99155,5
4.19889,51.99155,5
4.19889,51.99155,6
4.19889,51.99155,6
4.1989,51.99155,6
4.1989,51.99155,6
4.1989,51.99154,5
4.1989,51.99154,5
4.19889,51.99154,6
4.19889,51.99154,6
4.1989,51.99155,7
4.1989,51.99155,7
4.1989,51.99155,6
4.19891,51.99154,5
4.19891,51.99154,5
4.19891,51.99154,4
4.1989,51.99155,4
4.1989,51.99155,5
4.19889,51.99155,5
4.19889,51.99154,5
4.19889,51.99154,5
4.19888,51.99155,5
4.19889,51.99155,5
4.19889,51.99155,5
4.1989,51.99154,4
4.1989,51.99154,4
4.1989,51.99154,4
4.1989,51.99155,5
4.1989,51.99155,5
4.1989,51.99155,5
4.1989,51.99155,5
4.19891,51.99155,5
4.1989,51.99155,5
4.19889,51.99155,5
4.19889,51.99155,5
4.19889,51.99155,5
4.19889,51.99156,6
4.19889,51.99156,6
4.1989,51.99156,6
4.1989,51.99156,6
4.1989,51.99156,6
4.1989,51.99156,6
4.1989,51.99155,7
4.1989,51.99155,7
4.1989,51.99156,7
4.1989,51.99156,7
4.1989,51.99156,7
4.1989,51.99156,7
4.19889,51.99155,7
4.19889,51.99155,7
4.19889,51.99155,6
4.1989,51.99155,6
4.1989,51.99155,6
4.1989,51.99155,7
4.1989,51.99154,7
4.1989,51.99154,7
4.1989,51.99154,7
4.1989,51.99153,6
4.1989,51.99153,6
4.1989,51.99154,6
4.19889,51.99155,6
4.19889,51.99155,7
4.1989,51.99155,7
4.1989,51.99154,7
4.19891,51.99154,7
4.1989,51.99154,7
4.1989,51.99154,6
4.19889,51.99154,6
4.19889,51.99154,6
4.19889,51.99154,6
4.19889,51.99154,6
4.19889,51.99154,6
4.19889,51.99153,5
4.1989,51.99153,5
4.19889,51.99153,5
4.19889,51.99152,3
4.19889,51.99152,3
4.19889,51.99152,3
4.19889,51.99153,2
4.19889,51.99153,2
4.19889,51.99153,2
4.1989,51.99153,3
4.1989,51.99153,3
4.1989,51.99153,3
4.19887,51.99146,0
4.19888,51.9915,7
4.19888,51.9915,6
4.19888,51.9915,6
4.19889,51.9915,6
4.1989,51.99152,8
4.1989,51.99154,10
4.1989,51.99155,12
4.1989,51.99155,12
4.1989,51.99154,12
4.19891,51.99154,9
4.19891,51.99154,10
4.19891,51.99154,9
4.19892,51.99155,10
4.19892,51.99155,10
4.19892,51.99155,10
4.19892,51.99155,11
4.19892,51.99155,11
4.19892,51.99155,11
4.19892,51.99155,11
4.19893,51.99155,10
4.19893,51.99155,10
4.19894,51.99154,8
4.19894,51.99154,8
4.19894,51.99154,8
4.19894,51.99155,7
4.19893,51.99155,7
4.19893,51.99155,7
4.19892,51.99155,7
4.19892,51.99155,7
4.19891,51.99155,7
4.19892,51.99155,6
4.19893,51.99155,6
4.19893,51.99155,6
4.19893,51.99155,6
4.19893,51.99155,5
4.19892,51.99155,5
4.1989,51.99156,5
4.1989,51.99156,5
4.19889,51.99156,6
4.19889,51.99156,7
4.1989,51.99156,7
4.1989,51.99156,8
4.1989,51.99156,8
4.1989,51.99156,8
4.1989,51.99156,5
4.19889,51.99156,1
4.19888,51.99156,0
4.19888,51.99157,0
4.19886,51.99157,0
4.19886,51.99156,0
4.19886,51.99156,65534
4.19887,51.99155,65533
4.19888,51.99155,65534
4.19888,51.99153,65535
4.19889,51.99153,65535
4.19889,51.99153,0
4.19889,51.99154,2
4.19889,51.99155,7
4.1989,51.99155,7
4.1989,51.99155,6
4.19889,51.99155,4
4.19889,51.99155,4
4.1989,51.99155,4
4.1989,51.99155,5
4.1989,51.99155,6
4.1989,51.99155,7
4.19891,51.99155,9
4.19891,51.99154,7
4.19891,51.99154,6
4.1989,51.99154,5
4.1989,51.99154,5
4.1989,51.99154,4
4.19891,51.99159,14
4.19892,51.99159,15
4.19891,51.99158,14
4.19891,51.99159,14
4.19891,51.9916,14
4.1989,51.9916,14
4.1989,51.9916,13
4.1989,51.9916,12
4.1989,51.9916,11
4.19891,51.99159,10
4.19891,51.99158,9
4.19891,51.99158,9
4.19891,51.99158,11
4.19891,51.99159,11
4.19891,51.99159,11
4.1989,51.99158,9
4.1989,51.99158,8
4.19889,51.99157,8
4.19889,51.99157,8
4.19889,51.99158,8
4.19889,51.99158,7
4.1989,51.99158,10
4.19891,51.99158,12
4.19891,51.99158,13
4.19891,51.99158,11
4.1989,51.99158,10
4.19889,51.99158,9
4.19889,51.99157,8
4.19889,51.99157,7
4.19889,51.99157,7
4.1989,51.99156,7
4.1989,51.99155,5
4.1989,51.99155,5
4.1989,51.99155,6
4.1989,51.99156,8
4.1989,51.99157,9
4.1989,51.99157,9
4.1989,51.99157,8
4.1989,51.99156,7
4.1989,51.99153,3
4.19889,51.9915,0
4.19889,51.99149,65535
4.19889,51.99147,65531
4.19889,51.99147,65531
4.19889,51.99147,65531
4.1989,51.9915,65535
4.1989,51.99152,1
4.19891,51.99154,4
4.19891,51.99155,5
4.19891,51.99154,3
4.19891,51.99154,4
4.19892,51.99154,5
4.19892,51.99153,5
4.19893,51.99152,3
4.19894,51.99154,6
4.19894,51.99155,8
4.19895,51.99157,10
4.19894,51.99157,9
4.19893,51.99157,9
4.19894,51.99157,9
4.19895,51.99157,7
4.19895,51.99157,8
4.19894,51.99157,6
4.19894,51.99156,7
4.19893,51.99155,8
4.19893,51.99155,8
4.19894,51.99155,8
4.19894,51.99156,7
4.19896,51.99157,6
4.19894,51.99157,6
4.19895,51.99157,6
4.19895,51.99157,6
4.19896,51.99156,5
4.19897,51.99157,4
4.19896,51.99157,3
4.19898,51.99157,1
4.19897,51.99157,1
4.19897,51.99156,3
4.19898,51.99157,5
4.19898,51.99157,5
4.19896,51.99157,5
4.19893,51.99157,3
4.19892,51.99157,3
4.19892,51.99157,3
4.19893,51.99157,5
4.19893,51.99157,5
4.19894,51.99157,5
4.19895,51.99158,6
4.19894,51.99157,5
4.19893,51.99157,5
4.19892,51.99156,6
4.19893,51.99157,6
4.19893,51.99157,6
4.19893,51.99158,6
4.19892,51.99157,7
4.19891,51.99157,8
4.19892,51.99157,6
4.19893,51.99157,7
4.19892,51.99155,8
4.19894,51.99155,6
4.19894,51.99155,6
4.19894,51.99155,6
4.19893,51.99155,7
4.19894,51.99155,6
4.19893,51.99154,6
4.19892,51.99152,6
4.19892,51.99154,8
4.19891,51.99154,9
4.19889,51.99153,8
4.19889,51.99151,7
4.19888,51.99151,8
4.19889,51.99151,8
4.1989,51.99151,7
4.19891,51.99152,7
4.19894,51.99152,5
4.19894,51.99151,3
4.19894,51.9915,3
4.19894,51.9915,4
4.19892,51.9915,6
4.19891,51.99151,7
4.1989,51.99151,6
4.19889,51.99151,6
4.19887,51.99151,7
4.19888,51.99151,6
4.19889,51.99152,6
4.1989,51.99152,6
4.19893,51.99153,3
4.19894,51.99153,2
4.19893,51.99154,3
4.19897,51.99155,2
4.19895,51.99155,3
4.19897,51.99157,4
4.19897,51.99157,4
4.19898,51.99156,3
4.19898,51.99157,4
4.19897,51.99154,2
4.19896,51.99153,0
4.19896,51.99152,0
4.19894,51.99151,3
4.19894,51.99151,4
4.19895,51.99153,4
4.19895,51.99154,4
4.19894,51.99153,1
4.19893,51.99153,0
4.19893,51.99153,0
4.19892,51.99152,0
4.19892,51.99152,0
4.19892,51.99153,2
4.19892,51.99153,2
4.1989,51.99151,1
4.1989,51.9915,0
4.1989,51.9915,0
4.19888,51.9915,0
4.19892,51.99154,7
4.19893,51.99155,8
4.19894,51.99154,9
4.19895,51.99156,10
4.19895,51.99156,10
4.19896,51.99157,13
4.19895,51.99157,12
4.19894,51.99157,12
4.19895,51.99157,12
4.19899,51.99157,15
4.19899,51.99158,14
4.19897,51.99157,12
4.19897,51.99157,11
4.19898,51.99157,13
4.19899,51.99157,13
4.19899,51.99157,15
4.19899,51.99157,16
4.19898,51.99157,17
4.19898,51.99158,18
4.19898,51.99158,18
4.19898,51.99158,19
4.199,51.99159,19
4.199,51.9916,19
4.19899,51.9916,19
4.19896,51.99159,16
4.19896,51.99159,15
4.19895,51.99158,12
4.19896,51.99158,14
4.19896,51.99156,10
4.19897,51.99155,10
4.19899,51.99156,13
4.19899,51.99156,14
4.19898,51.99156,13
4.19896,51.99157,13
4.19896,51.99157,13
4.19895,51.99158,13
4.19894,51.99157,10
4.19893,51.99156,10
4.19893,51.99156,9
4.19893,51.99155,9
4.19894,51.99155,9
4.19894,51.99155,9
4.19893,51.99156,8
4.19894,51.99155,8
4.19893,51.99155,8
4.19893,51.99154,8
4.19893,51.99154,9
4.19894,51.99155,9
4.19894,51.99155,10
4.19894,51.99156,10
4.19894,51.99156,10
4.19893,51.99156,10
4.19894,51.99156,11
4.19894,51.99155,11
4.19893,51.99155,11
4.19892,51.99155,10
4.19892,51.99155,10
4.19892,51.99155,9
4.19892,51.99156,10
4.19892,51.99155,8
4.19894,51.99156,8
4.19894,51.99157,9
4.19894,51.99157,9
4.19893,51.99156,9
4.19893,51.99156,10
4.19893,51.99156,9
4.19892,51.99157,9
4.19892,51.99157,8
4.19892,51.99157,8
4.19892,51.99156,8
4.19892,51.99156,7
4.19892,51.99156,7
4.19891,51.99155,7
4.19891,51.99156,7
4.1989,51.99156,7
4.19891,51.99157,7
4.19892,51.99156,7
4.19892,51.99155,8
4.19891,51.99155,6
4.19891,51.99155,7
4.19891,51.99155,8
4.1989,51.99155,8
4.1989,51.99155,8
4.1989,51.99155,7
4.1989,51.99155,7
4.1989,51.99155,7
4.19889,51.99155,6
4.19889,51.99155,4
4.1989,51.99155,4
4.1989,51.99155,4
4.19891,51.99155,7
4.19891,51.99155,7
4.19891,51.99155,8
4.19892,51.99154,9
4.19892,51.99155,9
4.19893,51.99155,9
4.19892,51.99155,7
4.19892,51.99156,7
4.19892,51.99156,6
4.19891,51.99156,6
4.19891,51.99156,6
4.19891,51.99156,6
4.19891,51.99155,5
4.19891,51.99155,5
4.1989,51.99156,5
4.19891,51.99156,6
4.19891,51.99155,7
4.19891,51.99155,8
4.19892,51.99155,10
4.19892,51.99155,10
4.19892,51.99155,10
4.19892,51.99155,10
4.19891,51.99156,11
4.19891,51.99155,11
4.1989,51.99155,11
4.19891,51.99155,11
4.19891,51.99155,12
4.19891,51.99155,12
4.19891,51.99155,13
4.19891,51.99155,14
4.19891,51.99155,14
4.1989,51.99156,15
4.1989,51.99156,15
4.19892,51.99156,14
4.19892,51.99156,13
4.19892,51.99155,13
4.19892,51.99155,13
4.1989,51.99155,12
4.1989,51.99155,12
4.1989,51.99155,11
4.1989,51.99155,11
4.19889,51.99155,10
4.19889,51.99156,10
4.19889,51.99156,9
4.1989,51.99156,9
4.19889,51.99156,8
4.19889,51.99156,9
4.19888,51.99156,9
4.19889,51.99156,10
4.19889,51.99156,10
4.19889,51.99156,11
4.19889,51.99157,11
4.1989,51.99156,11
4.1989,51.99156,10
4.1989,51.99157,10
4.19889,51.99157,8
4.19889,51.99157,7
4.19889,51.99158,6
4.19889,51.99157,6
4.19889,51.99157,7
4.19889,51.99155,8
4.19889,51.99155,8
4.1989,51.99155,7
4.19891,51.99154,6
4.19891,51.99155,5
4.19891,51.99155,5
4.19889,51.99156,5
4.19889,51.99156,5
4.19889,51.99155,5
4.19889,51.99155,6
4.19889,51.99155,6
4.19889,51.99155,6
4.19891,51.99153,7
4.19891,51.99153,7
4.19891,51.99153,7
4.19892,51.99154,7
4.19892,51.99155,7
4.19892,51.99154,7
4.19892,51.99155,6
4.19891,51.99155,5
4.19891,51.99155,5
4.19892,51.99155,7
4.19892,51.99156,6
4.19891,51.99155,6
4.19891,51.99154,6
4.1989,51.99154,7
4.19889,51.99154,7
4.19888,51.99152,8
4.19887,51.99152,8
4.19887,51.99152,8
4.19888,51.99153,9
4.19888,51.99153,8
4.19888,51.99153,8
4.19887,51.99154,9
4.19886,51.99153,9
4.19886,51.99154,9
4.19886,51.99154,9
4.19886,51.99153,9
4.19886,51.99154,9
4.19886,51.99154,8
4.19886,51.99155,7
4.19886,51.99155,7
4.19885,51.99155,6
4.19885,51.99156,6
4.19885,51.99157,6
4.19886,51.99157,7
4.19886,51.99157,7
4.19887,51.99157,7
4.19887,51.99158,6
4.19887,51.99158,6
4.19887,51.99157,6
4.19887,51.99157,5
4.19887,51.99157,5
4.19887,51.99157,5
4.19888,51.99158,4
4.19888,51.99159,3
4.19888,51.99158,3
4.19889,51.99159,3
4.1989,51.99159,4
4.1989,51.99159,4
4.1989,51.99157,4
4.1989,51.99157,5
4.1989,51.99158,6
4.1989,51.99158,6
4.19889,51.99157,6
4.1989,51.99156,6
4.1989,51.99156,5
4.1989,51.99155,2
4.1989,51.99155,2
4.19891,51.99156,6
4.19891,51.99156,7
4.1989,51.99155,9
4.19891,51.99157,10
4.19891,51.99157,9
4.19891,51.99158,9
4.1989,51.9916,9
4.19889,51.99159,10
4.19889,51.99158,10
4.19888,51.99159,10
4.19888,51.99158,10
4.19888,51.99158,10
4.19888,51.99158,10
4.19888,51.99157,9
4.19888,51.99157,10
4.19888,51.99156,10
4.19888,51.99156,10
4.19888,51.99157,11
4.19887,51.99157,11
4.19887,51.99157,10
4.19888,51.99157,10
4.19888,51.99157,9
4.19888,51.99157,9
4.19888,51.99157,8
4.19889,51.99156,6
4.19889,51.99156,6
4.19889,51.99156,5
4.1989,51.99155,5
4.1989,51.99155,6
4.1989,51.99155,5
4.19891,51.99153,4
4.19891,51.99154,4
4.1989,51.99154,4
4.1989,51.99157,6
4.1989,51.99158,6
4.19891,51.99158,5
4.19891,51.99158,4
4.19892,51.99158,4
4.19892,51.99159,5
4.19892,51.99157,6
4.19892,51.99157,7
4.19892,51.99157,7
4.19891,51.99157,7
4.19891,51.99157,7
4.19891,51.99157,7
4.19892,51.99157,5
4.19892,51.99158,5
4.19892,51.99157,5
4.19891,51.99156,7
4.19891,51.99156,7
4.19892,51.99155,7
4.19892,51.99155,6
4.19892,51.99154,7
4.19892,51.99154,8
4.19892,51.99155,7
4.19891,51.99155,7
4.19891,51.99156,6
4.19891,51.99156,8
4.19891,51.99156,9
4.19891,51.99156,9
4.19892,51.99157,7
4.19892,51.99157,8
4.19892,51.99157,8
4.19892,51.99157,9
4.19891,51.99157,8
4.19891,51.99156,8
4.19891,51.99157,8
4.19891,51.99157,9
4.1989,51.99157,10
4.19889,51.99157,9
4.19889,51.99158,9
4.19889,51.99157,9
4.19888,51.99156,13
4.19888,51.99155,13
4.19888,51.99155,12
4.19889,51.99156,8
4.19889,51.99156,8
4.19889,51.99155,10
4.19889,51.99155,9
4.1989,51.99156,8
4.19889,51.99155,9
4.19889,51.99155,8
4.19889,51.99155,8
4.19891,51.99155,9
4.19892,51.99155,8
4.19892,51.99155,8
4.19892,51.99155,8
4.19891,51.99156,8
4.19891,51.99156,6
4.19891,51.99157,6
4.19891,51.99155,6
4.19891,51.99155,6
4.19891,51.99155,6
4.1989,51.99154,5
4.1989,51.99155,5
4.1989,51.99155,3
4.19889,51.99156,4
4.19889,51.99157,3
4.19889,51.99157,3
4.1989,51.99157,3
4.1989,51.99157,3
4.19889,51.99157,3
4.19889,51.99157,5
4.19889,51.99157,5
4.19889,51.99158,5
4.19889,51.99159,5
4.19889,51.99159,5
4.19889,51.99159,5
4.19889,51.9916,5
4.19889,51.99159,5
4.19889,51.99159,6
4.19889,51.9916,6
4.19889,51.9916,6
4.1989,51.99159,6
4.19891,51.9916,5
4.19891,51.9916,5
4.19891,51.99161,5
4.1989,51.99163,6
4.19891,51.99163,6
4.1989,51.99163,6
4.1989,51.99162,7
4.1989,51.99162,8
4.1989,51.99161,8
4.19889,51.99161,9
4.19889,51.99162,9
4.1989,51.99162,9
4.1989,51.99162,9
4.1989,51.99162,9
4.1989,51.99163,8
4.19891,51.99163,6
4.19891,51.99163,6
4.19892,51.99161,5
4.19892,51.99161,4
4.19892,51.99162,4
4.19892,51.99163,5
4.19891,51.9916,7
4.1989,51.99161,8
4.19889,51.99161,8
4.1989,51.99161,8
4.1989,51.99161,8
4.1989,51.99161,7
4.19891,51.99161,5
4.19891,51.99161,5
4.19892,51.9916,4
4.19892,51.99159,5
4.19892,51.99158,5
4.19892,51.99158,5
4.19891,51.9916,7
4.1989,51.99161,8
4.19889,51.99163,9
4.19889,51.9916,9
4.19889,51.9916,8
4.19889,51.9916,8
4.1989,51.99159,8
4.1989,51.9916,7
4.1989,51.99161,6
4.199,51.99165,6
4.19891,51.9916,5
4.19886,51.99157,2
4.19885,51.99156,1
4.19874,51.99147,0
4.19873,51.99146,0
4.19872,51.99145,0
4.19874,51.99146,0
4.19886,51.99155,13
4.19885,51.99155,13
4.19885,51.99155,13
4.19887,51.99155,12
4.19888,51.99154,11
4.19888,51.99154,11
4.19888,51.99155,13
4.19888,51.99155,14
4.19888,51.99155,15
4.19888,51.99155,16
4.19888,51.99155,16
4.19888,51.99155,16
4.19889,51.99156,15
4.19889,51.99157,16
4.1989,51.99157,15
4.1989,51.99157,14
4.1989,51.99157,13
4.1989,51.99157,13
4.1989,51.99155,12
4.1989,51.99155,12
4.1989,51.99155,12
4.1989,51.99156,12
4.1989,51.99156,12
4.19889,51.99156,13
4.19889,51.99156,15
4.19889,51.99156,14
4.19889,51.99156,14
4.19889,51.99156,13
4.19889,51.99156,13
4.19889,51.99156,14
4.19889,51.99156,12
4.19889,51.99156,12
4.19889,51.99155,11
4.19888,51.99155,11
4.19888,51.99155,11
4.19888,51.99155,11
4.19887,51.99153,9
4.19888,51.99153,9
4.19887,51.99152,9
4.19887,51.99152,7
4.19887,51.99152,7
4.19887,51.99152,7
4.19888,51.99151,6
4.19887,51.99151,5
4.19887,51.99151,4
4.19887,51.99151,5
4.19886,51.99151,5
4.19886,51.99151,5
4.19886,51.99149,3
4.19885,51.99148,1
4.19885,51.99147,0
4.19886,51.99148,2
4.19886,51.99148,2
4.19887,51.9915,4
4.19888,51.99152,7
4.19889,51.99154,8
4.1989,51.99155,10
4.1989,51.99156,10
4.19889,51.99157,10
4.19889,51.99157,10
4.19888,51.99158,10
4.19888,51.99158,10
4.19888,51.99157,10
4.19888,51.99157,9
4.19888,51.99157,8
4.19888,51.99155,8
4.19888,51.99155,6
4.19887,51.99155,6
4.19888,51.99155,6
4.19888,51.99155,5
4.19888,51.99155,6
4.19888,51.99155,6
4.19888,51.99155,6
4.19888,51.99155,7
4.19888,51.99155,7
4.19888,51.99155,7
4.19888,51.99155,8
4.19888,51.99155,8
4.19889,51.99154,7
4.19889,51.99154,6
4.19889,51.99154,7
4.19889,51.99155,9
4.19889,51.99155,9
4.19889,51.99155,10
4.1989,51.99156,10
4.19891,51.99157,8
4.19891,51.99157,8
4.19891,51.99157,8
4.19891,51.99157,8
4.19891,51.99157,9
4.19891,51.99157,8
4.19891,51.99157,9
4.19891,51.99157,9
4.19891,51.99157,9
4.19891,51.99157,8
4.19891,51.99157,8
4.1989,51.99156,7
4.1989,51.99155,6
4.1989,51.99155,6
4.1989,51.99156,5
4.19891,51.99156,5
4.19891,51.99156,6
4.19891,51.99155,8
4.19891,51.99155,8
4.19891,51.99155,8
4.19891,51.99155,9
4.19891,51.99155,8
4.19891,51.99155,8
4.19891,51.99155,9
4.1989,51.99155,9
4.19891,51.99155,9
4.1989,51.99155,10
4.1989,51.99155,10
4.1989,51.99155,11
4.1989,51.99155,11
4.1989,51.99155,10
4.1989,51.99155,10
4.19891,51.99155,10
4.19891,51.99155,10
4.19891,51.99155,10
4.19892,51.99156,8
4.19892,51.99157,8
4.19892,51.99157,8
4.19891,51.99157,6
4.19892,51.99157,7
4.19892,51.99157,8
4.1989,51.99157,11
4.1989,51.99157,11
4.1989,51.99157,10
4.1989,51.99158,9
4.1989,51.99158,9
4.1989,51.99157,8
4.1989,51.99157,8
4.19891,51.99157,8
4.19891,51.99157,7
4.19891,51.99157,8
4.1989,51.99157,10
4.1989,51.99157,10
4.1989,51.99156,8
4.19891,51.99155,8
4.19891,51.99155,8
4.19891,51.99155,8
4.19891,51.99155,8
4.19891,51.99155,7
4.19891,51.99155,9
4.19891,51.99155,9
4.19891,51.99155,8
4.19891,51.99154,7
4.19892,51.99154,8
4.19891,51.99154,9
4.19892,51.99155,10
4.19892,51.99155,10
4.19892,51.99155,10
4.19891,51.99155,10
4.19891,51.99156,10
4.19891,51.99156,11
4.19891,51.99155,10
4.19891,51.99155,10
4.19891,51.99155,10
4.19891,51.99155,10
4.19891,51.99155,9
4.1989,51.99155,9
4.1989,51.99155,10
4.1989,51.99156,10
4.1989,51.99156,10
4.19889,51.99155,9
4.19889,51.99155,9
4.19889,51.99155,9
4.19889,51.99155,10
4.19889,51.99155,10
4.19889,51.99155,10
4.1989,51.99155,10
4.1989,51.99155,11
4.19889,51.99155,10
4.19889,51.99155,8
4.19889,51.99155,8
4.19889,51.99155,8
4.19889,51.99155,8
4.19889,51.99154,7
4.19889,51.99154,7
4.19888,51.99153,7
4.19888,51.99154,8
4.19888,51.99154,8
4.19889,51.99154,8
4.19889,51.99154,9
4.19889,51.99154,9
4.19889,51.99154,10
4.1989,51.99155,10
4.1989,51.99155,10
4.19889,51.99155,10
4.19889,51.99155,11
4.19889,51.99155,11
4.19889,51.99156,12
4.19889,51.99156,11
4.19889,51.99155,10
4.19889,51.99156,12
4.19889,51.99155,12
4.19889,51.99155,11
4.1989,51.99155,11
4.1989,51.99155,11
4.19891,51.99154,11
4.19891,51.99154,9
4.19892,51.99154,10
4.19892,51.99154,10
4.19892,51.99154,10
4.19892,51.99154,10
4.19892,51.99154,9
4.19892,51.99154,8
4.19892,51.99154,9
4.19891,51.99154,10
4.19891,51.99154,12
4.1989,51.99154,11
4.1989,51.99154,10
4.19891,51.99154,10
4.19891,51.99154,10
4.19891,51.99154,10
4.19891,51.99154,9
4.19891,51.99154,9
4.19891,51.99155,9
4.19891,51.99155,10
4.19891,51.99155,9
4.19892,51.99155,9
4.19893,51.99155,9
4.19893,51.99155,9
4.19893,51.99155,9
4.19893,51.99154,9
4.19893,51.99154,8
4.19893,51.99154,9
4.19893,51.99155,9
4.19893,51.99155,10
4.19893,51.99155,10
4.19893,51.99155,10
4.19892,51.99155,10
4.19892,51.99154,9
4.19892,51.99154,9
4.19893,51.99155,8
4.19893,51.99155,8
4.19893,51.99155,8
4.19893,51.99155,7
4.19894,51.99155,6
4.19893,51.99155,7
4.19893,51.99156,8
4.19893,51.99156,8
4.19892,51.99156,8
4.19892,51.99156,8
4.19892,51.99156,7
4.19891,51.99156,6
4.19891,51.99157,6
4.1989,51.99157,6
4.1989,51.99157,8
4.1989,51.99157,8
4.1989,51.99157,8
4.1989,51.99157,8
4.1989,51.99157,8
4.1989,51.99157,9
4.19889,51.99157,9
4.19889,51.99156,9
4.19888,51.99155,8
4.19889,51.99156,8
4.1989,51.99157,8
4.1989,51.99157,9
4.1989,51.99157,8
4.19889,51.99156,8
4.19889,51.99157,7
4.19889,51.99157,6
4.19888,51.99156,6
4.19888,51.99156,7
4.19889,51.99155,7
4.19889,51.99155,8
4.19888,51.99155,8
4.19889,51.99155,8
4.19889,51.99155,9
4.1989,51.99156,8
4.1989,51.99156,9
4.1989,51.99156,9
4.19889,51.99155,10
4.19889,51.99155,9
4.19889,51.99155,9
4.19889,51.99155,9
4.1989,51.99155,9
4.1989,51.99155,9
4.1989,51.99155,9
4.19891,51.99155,8
4.19891,51.99155,9
4.19891,51.99155,9
4.1989,51.99155,10
4.1989,51.99155,10
4.1989,51.99155,10
4.19891,51.99155,9
4.19891,51.99155,9
4.1989,51.99154,10
4.1989,51.99154,10
4.1989,51.99154,10
4.1989,51.99153,10
4.1989,51.99154,9
4.1989,51.99154,9
4.1989,51.99154,9
4.1989,51.99154,9
4.19889,51.99154,8
4.19889,51.99154,7
4.19889,51.99154,8
4.19889,51.99154,7
4.1989,51.99155,7
4.19891,51.99155,6
4.19892,51.99156,7
4.19891,51.99156,8
4.19892,51.99156,7
4.19892,51.99156,6
4.19892,51.99157,6
4.19892,51.99157,7
4.19892,51.99156,7
4.19892,51.99157,6
4.19892,51.99157,6
4.19892,51.99157,7
4.19892,51.99157,6
4.19892,51.99157,6
4.19892,51.99157,6
4.19892,51.99157,9
4.19892,51.99157,10
4.19892,51.99157,10
4.19891,51.99157,10
4.19891,51.99157,10
4.19891,51.99157,9
4.19891,51.99157,10
4.19891,51.99157,10
4.19891,51.99157,11
4.19891,51.99157,11
4.1989,51.99157,10
4.1989,51.99157,11
4.19889,51.99157,12
4.19889,51.99157,12
4.19889,51.99157,11
4.19888,51.99158,12
4.19888,51.99158,11
4.19888,51.99158,11
4.19888,51.99157,9
4.19888,51.99157,9
4.19888,51.99157,10
4.19888,51.99157,11
4.19888,51.99157,11
4.19888,51.99157,12
4.19888,51.99157,13
4.19888,51.99157,13
4.19888,51.99157,13
4.19888,51.99157,14
4.19888,51.99157,14
4.19887,51.99157,14
4.19888,51.99157,13
4.19888,51.99157,13
4.19888,51.99157,13
4.19888,51.99157,13
4.19888,51.99157,13
4.19888,51.99157,13
4.19888,51.99158,11
4.19888,51.99158,12
4.19888,51.99158,13
4.19888,51.99158,13
4.19888,51.99158,14
4.19888,51.99157,13
4.19888,51.99157,12
4.19889,51.99156,12
4.19889,51.99156,12
4.19888,51.99157,11
4.19889,51.99156,11
4.19888,51.99155,12
4.19888,51.99156,12
4.19888,51.99155,12
4.19888,51.99155,12
4.19889,51.99155,11
4.19889,51.99155,10
4.19889,51.99155,10
4.19889,51.99155,10
4.19889,51.99155,10
4.19889,51.99155,10
4.19888,51.99156,11
4.19888,51.99157,11
4.19888,51.99156,12
4.19888,51.99156,11
4.19888,51.99156,11
4.19888,51.99155,12
4.19888,51.99156,11
4.19888,51.99157,11
4.19888,51.99157,11
4.19888,51.99156,11
4.19887,51.99157,10
4.19887,51.99156,11
4.19887,51.99156,12
4.19887,51.99156,13
4.19887,51.99156,13
4.19887,51.99155,14
4.19887,51.99156,16
4.19887,51.99155,14
4.19887,51.99156,13
4.19887,51.99156,14
4.19886,51.99155,13
4.19886,51.99156,12
4.19886,51.99155,13
4.19887,51.99155,13
4.19888,51.99152,11
4.19888,51.99153,11
4.19888,51.99153,11
4.19888,51.99155,12
4.19887,51.99155,12
4.19887,51.99155,13
4.19888,51.99155,12
4.19889,51.99155,11
4.19889,51.99155,11
4.19891,51.99152,9
4.19891,51.99153,9
4.19891,51.99153,9
4.1989,51.99153,11
4.1989,51.99153,10
4.19889,51.99153,11
4.19888,51.99155,13
4.19888,51.99156,12
4.19887,51.99156,11
4.19887,51.99155,10
4.19886,51.99154,8
4.19886,51.99155,9
4.19886,51.99155,11
4.19886,51.99155,12
4.19886,51.99155,12
4.19886,51.99155,11
4.19886,51.99155,9
4.19886,51.99155,9
4.19885,51.99155,9
4.19885,51.99155,9
4.19885,51.99155,9
4.19886,51.99155,12
4.19886,51.99156,13
4.19886,51.99157,14
4.19886,51.99156,13
4.19886,51.99157,13
4.19886,51.99157,12
4.19887,51.99157,10
4.19887,51.99157,11
4.19887,51.99157,12
4.19888,51.99158,12
4.19888,51.99157,12
4.19888,51.99157,12
4.19888,51.99157,12
4.19887,51.99155,12
4.19887,51.99155,13
4.19888,51.99158,12
4.19888,51.99158,10
4.19888,51.99157,10
4.19887,51.99157,10
4.19887,51.99156,11
4.19887,51.99157,11
4.19888,51.99157,10
4.19888,51.99156,10
4.19888,51.99155,9
4.19889,51.99155,7
4.1989,51.99155,7
4.1989,51.99156,8
4.1989,51.99155,5
4.1989,51.99155,6
4.1989,51.99155,5
4.1989,51.99155,6
4.1989,51.99155,6
4.19889,51.99154,6
4.19889,51.99154,7
4.19888,51.99155,8
4.19887,51.99154,8
4.19888,51.99155,8
4.19888,51.99155,7
4.19888,51.99155,6
4.19888,51.99155,7
4.19888,51.99155,9
4.19888,51.99155,10
4.19889,51.99156,9
4.19889,51.99156,10
4.19889,51.99156,10
4.1989,51.99155,10
4.1989,51.99155,10
4.1989,51.99155,10
4.1989,51.99157,9
4.1989,51.99157,9
4.19889,51.99156,10
4.19889,51.99156,11
4.19889,51.99156,11
4.1989,51.99156,12
4.1989,51.99157,13
4.19889,51.99156,13
4.19889,51.99156,13
4.19888,51.99157,12
4.19888,51.99157,12
4.19888,51.99157,11
4.19887,51.99157,11
4.19887,51.99157,11
4.19888,51.99157,12
4.19889,51.99156,11
4.19889,51.99156,12
4.19889,51.99156,12
4.19889,51.99156,11
4.19889,51.99156,11
4.19889,51.99156,10
4.1989,51.99157,10
4.1989,51.99157,11
4.1989,51.99157,11
4.1989,51.99157,12
4.1989,51.99157,11
4.1989,51.99157,10
4.1989,51.99157,9
4.1989,51.99157,9
4.1989,51.99157,9
4.1989,51.99157,9
4.1989,51.99157,10
4.1989,51.99158,9
4.1989,51.99158,9
4.1989,51.99158,10
4.19889,51.99158,11
4.19889,51.99158,11
4.19888,51.99158,11
4.19888,51.99158,11
4.19889,51.99158,11
4.19889,51.99158,10
4.19889,51.99158,9
4.19888,51.99158,10
4.19888,51.99157,10
4.19888,51.99157,11
4.19888,51.99157,12
4.19888,51.99157,12
4.19888,51.99157,12
4.19888,51.99157,13
4.19888,51.99157,13
4.19888,51.99158,13
4.19888,51.99157,12
4.19888,51.99158,12
4.19887,51.99158,13
4.19886,51.9916,14
4.19887,51.99159,14
4.19888,51.99159,14
4.19889,51.99158,13
4.19889,51.99158,12
4.19889,51.99157,11
4.1989,51.99157,11
4.1989,51.99157,12
4.1989,51.99157,12
4.1989,51.99157,12
4.1989,51.99157,11
4.1989,51.99157,10
4.1989,51.99157,9
4.1989,51.99157,9
4.1989,51.99157,10
4.19889,51.99157,10
4.19889,51.99156,11
4.19889,51.99155,11
4.19889,51.99155,10
4.19889,51.99155,8
4.19889,51.99155,8
4.19888,51.99155,9
4.19888,51.99155,9
4.19889,51.99155,9
4.1989,51.99154,9
4.1989,51.99154,8
4.1989,51.99154,8
4.1989,51.99153,7
4.1989,51.99153,8
4.1989,51.99153,8
4.1989,51.99154,9
4.1989,51.99154,10
4.1989,51.99154,9
4.19892,51.99155,7
4.19892,51.99155,7
4.19892,51.99155,7
4.19893,51.99155,5
4.19893,51.99155,6
4.19893,51.99155,6
4.19894,51.99155,5
4.19894,51.99155,5
4.19894,51.99155,5
4.19894,51.99155,5
4.19894,51.99155,5
4.19894,51.99155,5
4.19894,51.99155,7
4.19893,51.99155,8
4.19892,51.99155,8
4.19892,51.99155,10
4.19892,51.99155,10
4.19892,51.99155,9
4.19892,51.99155,9
4.19892,51.99156,9
4.19892,51.99156,9
4.19892,51.99156,10
4.19892,51.99156,10
4.19891,51.99156,11
4.19891,51.99156,11
4.19891,51.99156,10
4.19891,51.99156,10
4.19891,51.99155,9
4.19892,51.99155,8
4.19892,51.99155,8
4.19892,51.99155,8
4.19892,51.99154,8
4.19892,51.99154,8
4.19893,51.99154,8
4.19893,51.99154,9
4.19893,51.99154,9
4.19892,51.99155,10
4.19892,51.99155,10
4.19892,51.99155,11
4.19891,51.99155,11
4.19891,51.99155,11
4.19891,51.99155,11
4.1989,51.99155,11
4.1989,51.99155,11
4.1989,51.99155,11
4.1989,51.99156,10
4.19889,51.99157,10
4.19889,51.99157,10
4.19889,51.99158,10
4.19889,51.99158,11
4.19889,51.99157,11
4.19889,51.99157,11
4.19889,51.99157,11
4.19889,51.99157,12
4.19888,51.99157,13
4.19888,51.99157,13
4.19889,51.99157,13
4.1989,51.99156,11
4.1989,51.99156,11
4.1989,51.99156,11
4.1989,51.99157,13
4.19889,51.99157,13
4.19889,51.99157,13
4.1989,51.99157,13
4.1989,51.99157,12
4.1989,51.99157,12
4.19889,51.99157,13
4.19889,51.99157,14
4.19889,51.99157,14
4.19888,51.99157,13
4.19888,51.99157,14
4.19888,51.99157,13
4.19888,51.99157,13
4.19888,51.99156,13
4.19888,51.99155,13
4.19888,51.99155,14
4.19888,51.99155,14
4.19888,51.99155,14
4.19888,51.99155,13
4.19888,51.99155,13
4.19888,51.99155,11
4.19888,51.99155,10
4.19888,51.99155,10
4.19888,51.99155,10
4.19887,51.99154,8
4.19888,51.99154,9
4.19888,51.99154,8
4.19887,51.99154,9
4.19887,51.99155,10
4.19886,51.99155,10
4.19886,51.99155,10
4.19887,51.99155,10
4.19887,51.99156,10
4.19887,51.99156,10
4.19887,51.99155,11
4.19887,51.99155,11
4.19886,51.99155,13
4.19886,51.99155,13
4.19887,51.99155,13
4.19887,51.99155,13
4.19887,51.99155,14
4.19887,51.99155,13
4.19887,51.99155,13
4.19886,51.99155,14
4.19886,51.99154,14
4.19887,51.99154,14
4.19887,51.99154,14
4.19887,51.99154,13
4.19887,51.99154,13
4.19887,51.99154,12
4.19887,51.99154,12
4.19887,51.99154,11
4.19887,51.99155,11
4.19887,51.99154,11
4.19886,51.99154,11
4.19886,51.99154,12
4.19887,51.99154,11
4.19887,51.99154,10
4.19887,51.99154,9
4.19888,51.99154,9
4.19887,51.99153,11
4.19887,51.99153,11
4.19887,51.99153,11
4.19888,51.99154,10
4.19888,51.99154,10
4.19888,51.99154,11
4.19886,51.99154,11
4.19886,51.99154,12
4.19886,51.99154,12
4.19887,51.99154,12
4.19887,51.99155,12
4.19888,51.99155,11
4.19888,51.99156,11
4.19889,51.99156,11
4.19889,51.99156,11
4.19889,51.99156,12
4.1989,51.99156,12
4.1989,51.99156,13
4.19889,51.99157,13
4.19889,51.99157,12
4.19889,51.99157,12
4.19889,51.99157,12
4.19889,51.99157,11
4.1989,51.99157,11
4.1989,51.99156,11
4.19889,51.99156,12
4.19889,51.99156,12
4.19889,51.99156,12
4.1989,51.99156,11
4.1989,51.99157,11
4.19889,51.99157,11
4.19889,51.99157,10
4.19888,51.99157,11
4.19888,51.99156,11
4.19889,51.99155,11
4.19889,51.99155,12
4.1989,51.99155,11
4.19891,51.99155,10
4.19891,51.99155,9
4.19891,51.99156,9
4.19891,51.99156,9
4.19891,51.99156,9
4.19892,51.99155,9
4.19891,51.99155,9
4.19892,51.99155,10
4.19891,51.99154,9
4.1989,51.99155,7
4.1989,51.99155,7
4.1989,51.99157,7
4.19889,51.99157,7
4.19889,51.99157,7
4.19889,51.99157,6
4.19889,51.99157,6
4.19889,51.99157,6
4.19889,51.99158,6
4.19889,51.99158,6
4.19889,51.99158,7
4.19888,51.99157,8
4.19888,51.99157,8
4.19888,51.99157,8
4.19889,51.99157,8
4.19889,51.99158,9
4.19889,51.99158,9
4.19889,51.99157,9
4.19889,51.99157,9
4.19889,51.99155,9
4.19889,51.99156,9
4.1989,51.99156,10
4.1989,51.99156,11
4.19891,51.99157,11
4.19891,51.99157,10
4.1989,51.99157,10
4.1989,51.99157,9
4.19889,51.99158,10
4.19889,51.99157,11
4.19889,51.99157,10
4.19889,51.99157,10
4.19889,51.99157,10
4.19888,51.99158,10
4.19888,51.99158,11
4.19888,51.99158,11
4.19889,51.99158,12
4.19889,51.99158,12
4.1989,51.99157,11
4.1989,51.99158,12
4.1989,51.99158,12
4.19889,51.99159,12
4.19888,51.99158,10
4.19888,51.99157,11
4.19888,51.99157,10
4.19887,51.99157,10
4.19887,51.99157,10
4.19886,51.99157,10
4.19886,51.99157,11
4.19886,51.99157,10
4.19886,51.99157,10
4.19886,51.99157,10
4.19886,51.99157,10
4.19885,51.99157,10
4.19885,51.99157,12
4.19885,51.99157,12
4.19886,51.99157,12
4.19885,51.99157,11
4.19886,51.99157,11
4.19886,51.99156,10
4.19885,51.99157,10
4.19885,51.99157,10
4.19884,51.99157,10
4.19884,51.99157,11
4.19885,51.99157,11
4.19885,51.99157,11
4.19885,51.99157,10
4.19885,51.99157,10
4.19886,51.99157,11
4.19887,51.99156,11
4.19887,51.99155,11
4.19886,51.99155,10
4.19885,51.99155,10
4.19885,51.99155,10
4.19886,51.99155,10
4.19888,51.99155,11
4.19888,51.99155,11
4.19888,51.99155,11
4.19889,51.99154,12
4.19888,51.99154,11
4.19888,51.99154,11
4.19888,51.99153,10
4.19888,51.99153,10
4.19888,51.99154,10
4.19888,51.99154,9
4.19888,51.99154,9
4.19889,51.99154,9
4.19889,51.99155,8
4.19889,51.99155,8
4.19888,51.99155,7
4.19887,51.99156,6
4.19887,51.99156,7
4.19887,51.99156,7
4.19887,51.99157,8
4.19887,51.99156,7
4.19888,51.99155,8
4.19888,51.99156,8
4.19888,51.99156,9
4.19888,51.99156,8
4.19887,51.99156,9
4.19888,51.99156,10
4.19888,51.99156,10
4.19888,51.99157,9
4.19889,51.99157,10
4.19889,51.99155,10
4.19889,51.99155,11
4.19888,51.99155,11
4.19889,51.99155,11
4.19887,51.99155,11
4.19887,51.99155,11
4.19887,51.99155,11
4.19887,51.99155,10
4.19887,51.99155,11
4.19887,51.99155,11
4.19888,51.99154,13
4.19889,51.99154,13
4.1989,51.99155,13
4.19889,51.99154,13
4.19889,51.99154,14
4.19889,51.99154,14
4.19889,51.99153,15
4.19889,51.99154,15
4.19889,51.99154,15
4.19888,51.99153,15
4.19887,51.99154,15
4.19887,51.99154,15
4.19888,51.99153,15
4.19888,51.99153,14
4.19888,51.99152,14
4.19889,51.99152,14
4.19889,51.99152,15
4.19889,51.99152,14
4.19889,51.99152,16
4.19889,51.99152,16
4.1989,51.99152,16
4.1989,51.99153,16
4.19889,51.99153,15
4.19889,51.99153,15
4.19888,51.99152,15
4.19888,51.99152,15
4.19888,51.99153,15
4.19888,51.99153,16
4.19888,51.99153,16
4.19888,51.99153,15
4.19888,51.99152,14
4.19888,51.99153,14
4.19888,51.99153,14
4.19888,51.99153,14
4.19889,51.99153,13
4.19889,51.99153,13
4.19889,51.99154,14
4.19889,51.99153,14
4.19889,51.99153,14
4.1989,51.99154,14
4.1989,51.99153,14
4.1989,51.99154,15
4.19892,51.99153,15
4.19892,51.99154,15
4.19891,51.99154,14
4.1989,51.99154,15
4.1989,51.99153,16
4.19891,51.99152,16
4.19893,51.99151,14
4.19894,51.9915,13
4.19894,51.9915,14
4.19892,51.9915,16
4.19891,51.99151,16
4.19891,51.99151,15
4.19891,51.99153,15
4.1989,51.99153,16
4.1989,51.99153,17
4.1989,51.99153,18
4.19889,51.99153,18
4.19888,51.99153,18
4.19887,51.99152,18
4.19887,51.99152,17
4.19887,51.99152,16
4.19887,51.99153,13
4.19888,51.99153,13
4.19888,51.99153,12
4.19888,51.99153,12
4.19888,51.99153,12
4.19888,51.99153,11
4.19888,51.99153,10
4.19888,51.99153,10
4.19888,51.99153,11
4.19886,51.99152,10
4.19886,51.99152,10
4.19886,51.99151,10
4.19886,51.99151,10
4.19887,51.99152,12
4.19887,51.99152,13
4.19887,51.99153,13
4.19888,51.99154,14
4.19887,51.99154,15
4.19888,51.99154,13
4.19888,51.99154,13
4.19888,51.99154,13
4.19888,51.99154,14
4.19889,51.99154,13
4.19889,51.99153,12
4.1989,51.99154,12
4.1989,51.99154,13
4.1989,51.99155,14
4.1989,51.99155,13
4.19889,51.99155,12
4.19889,51.99155,13
4.19889,51.99155,15
4.19889,51.99155,15
4.19888,51.99155,15
4.19888,51.99155,13
4.19888,51.99155,13
4.19888,51.99155,13
4.19889,51.99155,14
4.19889,51.99155,13
4.19889,51.99156,13
4.1989,51.99157,14
4.1989,51.99157,14
4.19889,51.99156,14
4.19888,51.99155,14
4.19888,51.99155,13
4.19889,51.99155,13
4.1989,51.99155,13
4.1989,51.99155,12
4.1989,51.99155,12
4.1989,51.99154,11
4.1989,51.99154,10
4.1989,51.99154,10
4.19889,51.99154,10
4.19889,51.99154,10
4.19889,51.99153,10
4.19889,51.99154,10
4.1989,51.99154,10
4.1989,51.99154,11
4.19889,51.99154,9
4.19889,51.99154,9
4.19888,51.99154,8
4.19888,51.99153,9
4.19888,51.99153,9
4.19889,51.99153,10
4.19889,51.99153,9
4.19889,51.99154,9
4.19889,51.99154,8
4.19888,51.99153,8
4.19888,51.99153,7
4.19888,51.99153,7
4.19887,51.99153,6
4.19887,51.99153,6
4.19887,51.99153,6
4.19888,51.99153,6
4.19888,51.99153,7
4.19888,51.99154,8
4.19888,51.99154,7
4.19888,51.99155,7
4.19888,51.99155,8
4.19888,51.99154,8
4.19888,51.99154,8
4.19889,51.99154,8
4.1989,51.99155,9
4.1989,51.99155,9
4.1989,51.99155,9
4.19889,51.99154,9
4.19889,51.99154,9
4.19889,51.99154,9
4.1989,51.99154,9
4.1989,51.99154,8
4.19892,51.99154,8
4.19893,51.99155,8
4.19893,51.99156,10
4.19894,51.99157,10
4.19894,51.99157,10
4.19893,51.99157,10
4.19893,51.99157,9
4.19893,51.99157,10
4.19893,51.99157,10
4.19892,51.99157,9
4.19892,51.99157,9
4.19892,51.99157,9
4.19892,51.99158,10
4.19891,51.99157,10
4.19891,51.99158,11
4.19891,51.99158,10
4.19889,51.99155,5
4.19889,51.99155,5
4.19888,51.99155,6
4.19889,51.99155,4
4.19889,51.99155,4
4.19889,51.99155,5
4.1989,51.99156,8
4.1989,51.99157,9
4.19891,51.99157,10
4.19891,51.99157,9
4.1989,51.99157,8
4.19891,51.99157,8
4.1989,51.99155,7
4.19891,51.99156,8
4.19891,51.99156,9
4.1989,51.99157,9
4.1989,51.99156,8
4.19891,51.99157,9
4.19891,51.99156,7
4.19891,51.99155,6
4.19891,51.99156,6
4.19889,51.99154,3
4.19889,51.99155,3
4.1989,51.99155,3
4.1989,51.99155,3
4.1989,51.99155,3
4.1989,51.99156,3
4.1989,51.99155,3
4.1989,51.99155,3
4.1989,51.99155,2
4.19889,51.99155,2
4.19889,51.99155,3
4.1989,51.99155,3
4.1989,51.99155,2
4.1989,51.99155,3
4.1989,51.99155,3
4.1989,51.99155,3
4.1989,51.99156,3
4.19889,51.99156,3
4.1989,51.99155,3
4.1989,51.99155,2
4.1989,51.99155,2
4.19889,51.99156,4
4.1989,51.99157,5
4.1989,51.99157,5
4.1989,51.99157,4
4.19889,51.99157,4
4.19889,51.99157,4
4.19888,51.99157,5
4.19888,51.99157,4
4.19889,51.99157,4
4.1989,51.99156,5
4.19889,51.99156,5
4.19888,51.99157,4
4.19887,51.99157,4
4.19887,51.99157,4
4.19888,51.99157,5
4.19889,51.99157,7
4.1989,51.99157,9
4.1989,51.99157,9
4.19888,51.99157,7
4.19888,51.99157,7
4.19888,51.99157,8
4.19888,51.99156,8
4.19889,51.99156,8
4.19888,51.99157,8
4.19889,51.99157,9
4.19888,51.99157,9
4.19889,51.99158,11
4.1989,51.99158,12
4.19891,51.99158,11
4.1989,51.99158,10
4.1989,51.99158,9
4.1989,51.99158,9
4.1989,51.99159,10
4.19889,51.99159,8
4.19889,51.99159,7
4.19889,51.99159,6
4.19888,51.99158,4
4.19888,51.99157,4
4.19887,51.99157,3
4.19888,51.99157,4
4.19888,51.99156,4
4.19889,51.99156,5
4.19888,51.99155,4
4.19887,51.99156,3
4.19887,51.99156,3
4.19886,51.99156,2
4.19887,51.99156,4
4.19887,51.99157,5
4.19887,51.99157,7
4.19887,51.99157,6
4.19888,51.99157,5
4.19888,51.99156,5
4.19887,51.99156,3
4.19886,51.99156,4
4.19887,51.99155,4
4.19887,51.99155,5
4.19888,51.99155,5
4.19887,51.99155,5
4.19887,51.99154,5
4.19887,51.99154,5
4.19888,51.99154,6
4.19888,51.99154,6
4.19888,51.99155,6
4.19888,51.99154,6
4.19888,51.99154,6
4.19888,51.99154,6
4.19889,51.99154,7
4.19889,51.99154,7
4.19889,51.99154,8
4.19889,51.99155,8
4.19889,51.99155,8
4.1989,51.99155,8
4.1989,51.99155,8
4.19889,51.99155,8
4.19889,51.99155,8
4.19889,51.99155,8
4.19889,51.99155,8
4.19889,51.99155,8
4.19889,51.99155,8
4.19888,51.99155,8
4.19889,51.99155,8
4.19889,51.99155,7
4.19889,51.99155,7
4.19889,51.99155,7
4.19889,51.99155,6
4.19889,51.99155,6
4.19888,51.99155,5
4.19888,51.99156,5
4.19888,51.99156,6
4.19889,51.99156,6
4.19889,51.99155,6
4.1989,51.99155,7
4.1989,51.99155,8
4.19891,51.99157,8
4.19892,51.99157,8
4.19892,51.99157,8
4.19892,51.99157,8
4.19892,51.99156,8
4.19892,51.99156,8
4.19892,51.99157,8
4.19892,51.99157,9
4.19892,51.99157,10
4.19893,51.99157,10
4.19893,51.99157,10
4.19893,51.99157,10
4.19892,51.99157,9
4.19893,51.99157,9
4.19893,51.99157,9
4.19893,51.99157,10
4.19892,51.99157,11
4.19892,51.99157,10
4.19891,51.99157,10
4.1989,51.99156,9
4.1989,51.99156,10
4.1989,51.99156,10
4.1989,51.99156,10
4.1989,51.99155,10
4.1989,51.99155,9
4.1989,51.99155,9
4.1989,51.99155,9
4.1989,51.99154,9
4.1989,51.99154,9
4.1989,51.99154,9
4.1989,51.99153,10
4.1989,51.99153,9
4.1989,51.99153,9
4.19889,51.99153,9
4.19888,51.99153,9
4.19888,51.99153,9
4.19888,51.99154,8
4.19888,51.99154,7
4.19888,51.99153,7
4.19888,51.99153,7
4.19888,51.99153,7
4.19888,51.99153,7
4.19889,51.99152,8
4.19889,51.99152,8
4.19888,51.99152,8
4.19887,51.99152,7
4.19887,51.99153,7
4.19888,51.99153,7
4.19889,51.99153,8
4.19889,51.99153,7
4.19889,51.99153,7
4.19889,51.99154,6
4.1989,51.99154,7
4.1989,51.99153,7
4.1989,51.99153,9
4.1989,51.99153,9
4.1989,51.99153,7
4.19888,51.99152,5
4.19888,51.99153,5
4.19889,51.99153,5
4.1989,51.99153,7
4.19891,51.99154,8
4.19892,51.99154,9
4.19891,51.99154,8
4.19891,51.99154,8
4.19891,51.99153,8
4.19892,51.99154,9
4.19892,51.99154,8
4.19892,51.99153,8
4.19892,51.99154,8
4.19892,51.99154,7
4.19892,51.99155,6
4.19892,51.99155,6
4.19892,51.99155,7
4.19893,51.99156,8
4.19894,51.99157,8
            </coordinates>
          </LineString>
        </Placemark>
          </Folder>
          <Folder>
        <name>SA6BSS-8</name>

            <Placemark>
        <description><![CDATA[<b>Vehicle:</b> SA6BSS-8<br /><b>Time:</b> 2022-02-27 08:06:01<br /><b>Position:</b> 38.4586666667,142.480166667<br /><b>Altitude:</b> 12783.9216 m<br /></br><b>Data</b></br><hr/><b>comment: </b>Nr5 Kmh205 GPS9<br/>]]></description>
         <name>SA6BSS-8</name>
        <LookAt>
          <longitude>142.480166667</longitude>
          <latitude>38.4586666667</latitude>
          <altitude>12783.9216</altitude>
          <altitudeMode>absolute</altitudeMode>
          <range>20000</range>
          <tilt>25</tilt>
          <heading>0</heading>
        </LookAt>
        <visibility>1</visibility>
        <styleUrl>#balloon2</styleUrl>
        <Point>
          <extrude>0</extrude>
          <altitudeMode>absolute</altitudeMode>
          <coordinates>142.480166667,38.4586666667,12783.9216</coordinates>
        </Point>
        </Placemark>
            <Placemark>
          <name>Track Segment #1</name>
          <visibility>1</visibility>
          <Style>
            <LineStyle>
              <color>ff00ff00</color>
              <width>4</width>
            </LineStyle>
            <PolyStyle>
              <color>7fffffff</color>
            </PolyStyle>
          </Style>
          <LineString>
           <extrude>1</extrude>
            <tessellate>1</tessellate>
            <altitudeMode>absolute</altitudeMode>
            <coordinates>
133.641333333,38.125,12760.7568
133.679166667,38.1231666667,12792.7608
133.717333333,38.1215,12804.9528
133.755666667,38.12,12781.788
133.794333333,38.1188333333,12737.8968
133.9885,38.1111666667,12748.8696
136.312333333,38.1033333333,12787.884
136.348666667,38.1035,12790.932
136.366333333,38.1036666667,12819.888
136.375166667,38.104,12813.792
136.438333333,38.1048333333,12819.888
136.458666667,38.1051666667,12816.84
136.535,38.106,0
136.624,38.1061666667,12738.8112
136.638666667,38.1061666667,12731.8008
136.709833333,38.1056666667,12734.8488
136.7465,38.1056666667,12783.0072
136.801,38.1061666667,12806.7816
136.837333333,38.1063333333,12802.8192
136.873666667,38.1066666667,12800.9904
136.909833333,38.107,12818.9736
136.946,38.1073333333,12840.0048
137.018,38.1078333333,12820.8024
137.051333333,38.1081666667,12965.8872
137.0895,38.1085,12898.8312
137.199333333,38.1093333333,12866.8272
137.295333333,38.1105,12815.9256
137.3235,38.1108333333,0
137.359666667,38.1116666667,12847.9296
137.395833333,38.1126666667,12847.9296
137.531333333,38.117,12815.0112
137.5675,38.118,12852.8064
137.6035,38.119,12855.8544
137.639833333,38.1201666667,12824.7648
137.676333333,38.1211666667,12791.8464
137.712666667,38.1223333333,12770.8152
137.749166667,38.1236666667,12756.7944
137.863166667,38.128,12826.8984
137.899833333,38.1293333333,12812.8776
137.936666667,38.1306666667,12780.8736
137.973666667,38.132,12756.7944
138.011,38.1335,12772.0344
138.0485,38.135,12812.8776
138.085833333,38.1363333333,12822.0216
138.123333333,38.1375,12794.8944
138.160166667,38.1383333333,12775.9968
138.197666667,38.139,12768.9864
138.234833333,38.14,12785.7504
138.271833333,38.141,12824.7648
138.308666667,38.142,12863.7792
138.345166667,38.1431666667,12899.7456
138.381333333,38.1445,12926.8728
138.4175,38.1455,12939.9792
138.454,38.1461666667,12905.8416
138.4915,38.146,12783.9216
138.530333333,38.1456666667,12588.8496
138.57,38.1455,12427.9152
138.608166667,38.1466666667,12442.8504
138.645666667,38.1488333333,12669.012
138.681666667,38.1515,12924.7392
138.719,38.1535,12998.8056
138.757833333,38.1545,12836.9568
138.798333333,38.1548333333,12607.7472
138.838,38.1556666667,12505.0296
138.8625,38.1565,0
138.909833333,38.1585,12703.7592
138.946666667,38.1598333333,12810.744
138.984166667,38.1608333333,12762.8904
139.0225,38.161,12637.9224
139.0605,38.1615,12559.8936
139.097666667,38.1633333333,12549.8352
139.1345,38.1661666667,12573
139.172333333,38.1695,12612.9288
139.211833333,38.1726666667,12681.8136
139.2515,38.176,12718.9992
139.290666667,38.1795,12651.0288
139.328833333,38.1835,12550.7496
139.3665,38.1876666667,12543.7392
139.404,38.1921666667,12655.9056
139.441833333,38.1966666667,12777.8256
139.479,38.2008333333,12790.0176
139.516166667,38.2056666667,12606.8328
139.553166667,38.2098333333,12569.952
139.587333333,38.2148333333,12558.9792
139.623833333,38.2216666667,12654.9912
139.658333333,38.2285,12743.9928
139.727333333,38.2423333333,0
139.7615,38.249,12826.8984
139.795,38.2558333333,12817.7544
139.827666667,38.2626666667,12795.8088
139.859833333,38.2693333333,12790.0176
139.8915,38.2761666667,12823.8504
139.922333333,38.283,12898.8312
139.9825,38.2966666667,0
139.989166667,38.2981666667,0
140.005,38.3013333333,0
140.0625,38.3123333333,13001.8536
140.094833333,38.3188333333,12943.9416
140.125166667,38.3243333333,12913.7664
140.1555,38.3295,12911.9376
140.186666667,38.334,12919.8624
140.219,38.338,12918.0336
140.252333333,38.3418333333,12876.8856
140.2865,38.3453333333,12809.8296
140.321166667,38.349,12765.9384
140.3885,38.3571666667,0
140.422666667,38.3618333333,12816.84
140.456833333,38.3666666667,12791.8464
140.489,38.3713333333,0
140.4965,38.3723333333,0
140.528166667,38.3773333333,12761.976
140.548833333,38.3808333333,12802.8192
140.6425,38.3966666667,0
140.648666667,38.3976666667,0
140.671166667,38.4008333333,0
140.689833333,38.4033333333,0
140.699,38.4045,0
140.729833333,38.408,0
140.9135,38.4216666667,0
140.963666667,38.4241666667,13072.872
140.9725,38.4246666667,0
141.233666667,38.4391666667,12711.9888
141.266166667,38.4408333333,0
141.279166667,38.4415,12696.7488
141.3135,38.4436666667,12794.8944
141.8415,38.4576666667,12861.9504
142.0715,38.4635,12690.9576
142.0815,38.4636666667,12688.824
142.164333333,38.4636666667,12752.832
142.352166667,38.4603333333,12775.9968
142.395666667,38.4596666667,12756.7944
142.4385,38.4593333333,12741.8592
142.480166667,38.4586666667,12783.9216
            </coordinates>
          </LineString>
        </Placemark>
          </Folder>
          <Folder>
        <name>sammy-ttnv3</name>

            <Placemark>
        <description><![CDATA[<b>Vehicle:</b> sammy-ttnv3<br /><b>Time:</b> 2022-02-27 10:14:07<br /><b>Position:</b> 52.218,5.1629<br /><b>Altitude:</b> 0 m<br /></br><b>Data</b></br><hr/><b>satellites: </b>6<br/>]]></description>
         <name>sammy-ttnv3</name>
        <LookAt>
          <longitude>5.1629</longitude>
          <latitude>52.218</latitude>
          <altitude>0</altitude>
          <altitudeMode>absolute</altitudeMode>
          <range>20000</range>
          <tilt>25</tilt>
          <heading>0</heading>
        </LookAt>
        <visibility>1</visibility>
        <styleUrl>#balloon3</styleUrl>
        <Point>
          <extrude>0</extrude>
          <altitudeMode>absolute</altitudeMode>
          <coordinates>5.1629,52.218,0</coordinates>
        </Point>
        </Placemark>
            <Placemark>
          <name>Track Segment #1</name>
          <visibility>1</visibility>
          <Style>
            <LineStyle>
              <color>ff00ffff</color>
              <width>4</width>
            </LineStyle>
            <PolyStyle>
              <color>7fffffff</color>
            </PolyStyle>
          </Style>
          <LineString>
           <extrude>1</extrude>
            <tessellate>1</tessellate>
            <altitudeMode>absolute</altitudeMode>
            <coordinates>
5.163,52.2176,23
5.163,52.2179,70
5.1629,52.2178,48
5.1629,52.218,66
5.1629,52.218,75
5.1627,52.2178,0
5.163,52.2179,73
5.1629,52.2179,67
5.1627,52.2178,9
5.1635,52.2174,0
5.163,52.2175,0
5.1616,52.2191,0
5.1629,52.2171,0
5.1631,52.2192,223
5.163,52.2185,134
5.163,52.2177,32
5.1627,52.2177,0
5.1627,52.2177,18
5.163,52.2177,34
5.1628,52.2186,145
5.1628,52.2178,26
5.1624,52.2158,0
5.1629,52.2175,25
5.163,52.2178,58
5.1629,52.2173,4
5.1628,52.2175,0
5.1623,52.2179,0
5.1629,52.2175,23
5.1628,52.2182,12
5.1629,52.2177,36
5.163,52.218,78
5.1629,52.2179,65
5.1629,52.2179,52
5.1629,52.2176,11
5.1629,52.2178,29
5.1629,52.2179,46
5.1629,52.2179,53
5.163,52.2172,1
5.1629,52.2179,49
5.1629,52.2179,50
5.1629,52.2178,59
5.1625,52.2181,0
5.163,52.2176,38
5.1632,52.2175,0
5.163,52.2174,0
5.1629,52.2182,97
5.1627,52.2172,6
5.163,52.2178,56
5.163,52.2173,5
5.1629,52.2178,55
5.1625,52.2176,0
5.1625,52.2176,0
5.1625,52.2176,0
5.1625,52.2176,0
5.1625,52.2176,0
5.1629,52.2177,0
5.1629,52.2179,66
5.1629,52.218,0
            </coordinates>
          </LineString>
        </Placemark>
          </Folder>
          <Folder>
        <name>SP3IZN-12</name>

            <Placemark>
        <description><![CDATA[<b>Vehicle:</b> SP3IZN-12<br /><b>Time:</b> 2022-02-27 19:10:33<br /><b>Position:</b> 52.1910732601,16.4890347985<br /><b>Altitude:</b> 3748.7352 m<br /><b>Speed:</b> 120.38 km/h<br /></br><b>Data</b></br><hr/><b>comment: </b>Clb=0.97  V=2.91 SV=11  4FSK-437.600/APRS-432.500<br/>]]></description>
         <name>SP3IZN-12</name>
        <LookAt>
          <longitude>16.4890347985</longitude>
          <latitude>52.1910732601</latitude>
          <altitude>3748.7352</altitude>
          <altitudeMode>absolute</altitudeMode>
          <range>20000</range>
          <tilt>25</tilt>
          <heading>234</heading>
        </LookAt>
        <visibility>1</visibility>
        <styleUrl>#balloon4</styleUrl>
        <Point>
          <extrude>0</extrude>
          <altitudeMode>absolute</altitudeMode>
          <coordinates>16.4890347985,52.1910732601,3748.7352</coordinates>
        </Point>
        </Placemark>
            <Placemark>
          <name>Track Segment #1</name>
          <visibility>1</visibility>
          <Style>
            <LineStyle>
              <color>ffe600c7</color>
              <width>4</width>
            </LineStyle>
            <PolyStyle>
              <color>7fffffff</color>
            </PolyStyle>
          </Style>
          <LineString>
           <extrude>1</extrude>
            <tessellate>1</tessellate>
            <altitudeMode>absolute</altitudeMode>
            <coordinates>
16.8000567766,52.3065934066,2011.68
16.7918754579,52.3019010989,2092.7568
16.7829102564,52.2969358974,2163.7752
16.7738699634,52.2926080586,2224.7352
16.765525641,52.2892582418,2281.7328
16.7568333333,52.2865018315,2349.7032
16.7463919414,52.2839835165,2417.6736
16.7347747253,52.2813626374,2498.7504
16.7233131868,52.2788937729,2563.6728
16.7115549451,52.2759487179,2642.9208
16.6991483516,52.2723168498,2706.9288
16.687025641,52.2683864469,2777.6424
16.673047619,52.2638956044,2843.784
16.6585915751,52.2596153846,2915.7168
16.644456044,52.2546172161,2981.8584
16.6299175824,52.2491611722,3053.7912
16.6156556777,52.244018315,3127.8576
16.6003516484,52.23853663,3201.6192
16.5862014652,52.2331703297,3260.7504
16.5722399267,52.227514652,3321.7104
16.5593498168,52.2217509158,3387.852
16.5461575092,52.215967033,3457.6512
16.5325989011,52.2101373626,3532.632
16.5184615385,52.2042399267,3607.6128
16.5036190476,52.1979157509,3679.8504
16.4890347985,52.1910732601,3748.7352
            </coordinates>
          </LineString>
        </Placemark>
          </Folder>
          <Folder>
        <name>SP3IZN-4FSK</name>

            <Placemark>
        <description><![CDATA[<b>Vehicle:</b> SP3IZN-4FSK<br /><b>Time:</b> 2022-02-27 19:11:43<br /><b>Position:</b> 52.18479,16.47515<br /><b>Altitude:</b> 3815 m<br /></br><b>Data</b></br><hr/><b>battery: </b>2.9<br/><b>satellites: </b>11<br/><b>radio_temp: </b>-17<br/><b>gps_error: </b>5<br/>]]></description>
         <name>SP3IZN-4FSK</name>
        <LookAt>
          <longitude>16.47515</longitude>
          <latitude>52.18479</latitude>
          <altitude>3815</altitude>
          <altitudeMode>absolute</altitudeMode>
          <range>20000</range>
          <tilt>25</tilt>
          <heading>0</heading>
        </LookAt>
        <visibility>1</visibility>
        <styleUrl>#balloon5</styleUrl>
        <Point>
          <extrude>0</extrude>
          <altitudeMode>absolute</altitudeMode>
          <coordinates>16.47515,52.18479,3815</coordinates>
        </Point>
        </Placemark>
            <Placemark>
          <name>Track Segment #1</name>
          <visibility>1</visibility>
          <Style>
            <LineStyle>
              <color>ff0f8aff</color>
              <width>4</width>
            </LineStyle>
            <PolyStyle>
              <color>7fffffff</color>
            </PolyStyle>
          </Style>
          <LineString>
           <extrude>1</extrude>
            <tessellate>1</tessellate>
            <altitudeMode>absolute</altitudeMode>
            <coordinates>
16.9848,52.38598,190
16.97973,52.38434,240
16.97302,52.38274,305
16.96636,52.38084,365
16.96009,52.37882,435
16.94875,52.37426,554
16.94341,52.3717,618
16.93825,52.36906,683
16.93318,52.36604,744
16.92862,52.36303,806
16.92454,52.36018,870
16.92059,52.35719,935
16.91576,52.35401,995
16.90978,52.35111,1060
16.90272,52.34886,1130
16.89479,52.34634,1194
16.88697,52.34388,1263
16.88032,52.34164,1328
16.87332,52.33926,1405
16.86609,52.33695,1465
16.85826,52.3341,1522
16.8505,52.33119,1590
16.84161,52.32803,1672
16.83313,52.32424,1734
16.82532,52.32015,1800
16.81713,52.31581,1874
16.80881,52.31136,1935
16.80006,52.30659,2012
16.79188,52.3019,2093
16.78291,52.29694,2164
16.77387,52.29261,2225
16.76553,52.28926,2282
16.75684,52.2865,2350
16.74639,52.28399,2418
16.73478,52.28136,2499
16.72331,52.2789,2564
16.71156,52.27595,2643
16.69915,52.27232,2707
16.68703,52.26839,2778
16.67305,52.2639,2844
16.65859,52.25962,2916
16.64446,52.25462,2982
16.62992,52.24916,3054
16.61566,52.24402,3128
16.60035,52.23854,3202
16.5862,52.23317,3261
16.57224,52.22752,3322
16.55935,52.22175,3388
16.54616,52.21597,3458
16.5326,52.21014,3533
16.51846,52.20424,3608
16.50362,52.19792,3680
16.48903,52.19107,3749
16.47515,52.18479,3815
            </coordinates>
          </LineString>
        </Placemark>
          </Folder>
          <Folder>
        <name>SP6QKM</name>

            <Placemark>
        <description><![CDATA[<b>Vehicle:</b> SP6QKM<br /><b>Time:</b> 2022-02-27 19:06:37<br /><b>Position:</b> 50.25194,15.43369<br /><b>Altitude:</b> 8194 m<br /><b>Speed:</b> 67 km/h<br /></br><b>Data</b></br><hr/><b>battery: </b>2.69<br/><b>satellites: </b>11<br/><b>gps_lock: </b>3<br/><b>temperature: </b>-50.0<br/><b>ascentrate: </b>0.99<br/>]]></description>
         <name>SP6QKM</name>
        <LookAt>
          <longitude>15.43369</longitude>
          <latitude>50.25194</latitude>
          <altitude>8194</altitude>
          <altitudeMode>absolute</altitudeMode>
          <range>20000</range>
          <tilt>25</tilt>
          <heading>227</heading>
        </LookAt>
        <visibility>1</visibility>
        <styleUrl>#balloon6</styleUrl>
        <Point>
          <extrude>0</extrude>
          <altitudeMode>absolute</altitudeMode>
          <coordinates>15.43369,50.25194,8194</coordinates>
        </Point>
        </Placemark>
            <Placemark>
          <name>Track Segment #1</name>
          <visibility>1</visibility>
          <Style>
            <LineStyle>
              <color>ffcaff0f</color>
              <width>4</width>
            </LineStyle>
            <PolyStyle>
              <color>7fffffff</color>
            </PolyStyle>
          </Style>
          <LineString>
           <extrude>1</extrude>
            <tessellate>1</tessellate>
            <altitudeMode>absolute</altitudeMode>
            <coordinates>
16.23255,50.66716,4753
16.22027,50.6617,4834
16.20786,50.65615,4906
16.16835,50.63974,5050
16.14202,50.62988,5183
16.1289,50.62505,5268
16.08884,50.6103,5586
16.07591,50.60508,5691
16.02501,50.5792,6031
15.96387,50.54631,6305
15.94631,50.53716,6381
15.89539,50.50757,6649
15.8785,50.49797,6743
15.78794,50.45374,7079
15.76804,50.4443,7135
15.64433,50.37752,7541
15.60391,50.35405,7619
15.43369,50.25194,8194
            </coordinates>
          </LineString>
        </Placemark>
          </Folder>
          <Folder>
        <name>SP6QKM-4FSK</name>

            <Placemark>
        <description><![CDATA[<b>Vehicle:</b> SP6QKM-4FSK<br /><b>Time:</b> 2022-02-27 19:12:41<br /><b>Position:</b> 50.17743,15.30199<br /><b>Altitude:</b> 8571 m<br /></br><b>Data</b></br><hr/><b>battery: </b>2.67<br/><b>satellites: </b>11<br/><b>radio_temp: </b>-52<br/><b>gps_error: </b>12<br/>]]></description>
         <name>SP6QKM-4FSK</name>
        <LookAt>
          <longitude>15.30199</longitude>
          <latitude>50.17743</latitude>
          <altitude>8571</altitude>
          <altitudeMode>absolute</altitudeMode>
          <range>20000</range>
          <tilt>25</tilt>
          <heading>0</heading>
        </LookAt>
        <visibility>1</visibility>
        <styleUrl>#balloon0</styleUrl>
        <Point>
          <extrude>0</extrude>
          <altitudeMode>absolute</altitudeMode>
          <coordinates>15.30199,50.17743,8571</coordinates>
        </Point>
        </Placemark>
            <Placemark>
          <name>Track Segment #1</name>
          <visibility>1</visibility>
          <Style>
            <LineStyle>
              <color>ff0000ff</color>
              <width>4</width>
            </LineStyle>
            <PolyStyle>
              <color>7fffffff</color>
            </PolyStyle>
          </Style>
          <LineString>
           <extrude>1</extrude>
            <tessellate>1</tessellate>
            <altitudeMode>absolute</altitudeMode>
            <coordinates>
16.69585,50.89788,901
16.69545,50.89627,975
16.69348,50.89345,1054
16.69014,50.88972,1129
16.68684,50.88559,1178
16.68354,50.88172,1246
16.67969,50.87796,1330
16.67587,50.87423,1408
16.67177,50.87025,1471
16.66766,50.86637,1519
16.6587,50.85796,1646
16.65428,50.85391,1731
16.64848,50.84985,1806
16.64341,50.84587,1870
16.63739,50.84211,1939
16.63082,50.83797,2014
16.62377,50.83376,2093
16.61646,50.82946,2187
16.60974,50.82491,2263
16.60344,50.81995,2335
16.59651,50.81507,2402
16.58895,50.81007,2485
16.58163,50.80518,2569
16.57329,50.79998,2657
16.56531,50.79496,2735
16.5569,50.79005,2804
16.53769,50.78101,2932
16.52641,50.77617,3001
16.51441,50.77152,3083
16.50185,50.76619,3177
16.48864,50.76116,3271
16.47519,50.75633,3332
16.4626,50.75161,3390
16.45014,50.74649,3450
16.43804,50.74154,3528
16.42496,50.73672,3619
16.41142,50.73236,3701
16.39693,50.72757,3786
16.3826,50.72215,3881
16.36807,50.716,3982
16.35337,50.7096,4072
16.33911,50.70395,4151
16.32437,50.69885,4231
16.30996,50.69427,4308
16.29622,50.68982,4377
16.28245,50.68526,4447
16.26937,50.68093,4514
16.25685,50.67675,4585
16.24504,50.67244,4662
16.23315,50.66742,4750
16.22088,50.66197,4828
16.20847,50.65644,4899
16.19575,50.65078,4951
16.18249,50.6453,4991
16.1692,50.64009,5046
16.15632,50.63531,5104
16.14312,50.6303,5177
16.1298,50.62537,5260
16.11657,50.62071,5366
16.10287,50.61568,5478
16.0895,50.61057,5580
16.07677,50.60544,5686
16.06377,50.59976,5793
16.05136,50.59368,5884
16.03927,50.58699,5957
16.02573,50.5796,6029
16.01116,50.5717,6088
15.99616,50.5633,6164
15.98107,50.55523,6238
15.96444,50.5466,6302
15.94719,50.53764,6378
15.92955,50.52768,6457
15.91308,50.51783,6544
15.89622,50.50805,6646
15.87988,50.49874,6735
15.86304,50.48952,6818
15.84624,50.48093,6890
15.82731,50.47176,6962
15.80877,50.46322,7015
15.78891,50.45419,7078
15.76905,50.44479,7134
15.74817,50.43462,7206
15.72836,50.42428,7290
15.708,50.41309,7376
15.68727,50.40184,7444
15.66612,50.39001,7495
15.646,50.37848,7540
15.62571,50.36687,7574
15.60558,50.35505,7617
15.58481,50.34285,7670
15.56392,50.3303,7749
15.5426,50.31749,7847
15.52216,50.30478,7932
15.5011,50.29157,8007
15.47896,50.27822,8072
15.45691,50.26532,8130
15.43477,50.25257,8192
15.41253,50.24006,8250
15.39007,50.22769,8303
15.36805,50.21564,8364
15.34584,50.20303,8432
15.32378,50.19024,8505
15.30199,50.17743,8571
            </coordinates>
          </LineString>
        </Placemark>
          </Folder>
          <Folder>
        <name>SP9DEV-11</name>

            <Placemark>
        <description><![CDATA[<b>Vehicle:</b> SP9DEV-11<br /><b>Time:</b> 2022-02-26 11:19:48<br /><b>Position:</b> 50.0613333333,19.9066666667<br /><b>Altitude:</b> 9344.5584 m<br /><b>Speed:</b> 50.004 km/h<br /></br><b>Data</b></br><hr/><b>comment: </b>P1174S10T-9V2844C-12 JO90WB84TR29 - AGH Space Systems Payload #1!<br/>]]></description>
         <name>SP9DEV-11</name>
        <LookAt>
          <longitude>19.9066666667</longitude>
          <latitude>50.0613333333</latitude>
          <altitude>9344.5584</altitude>
          <altitudeMode>absolute</altitudeMode>
          <range>20000</range>
          <tilt>25</tilt>
          <heading>208</heading>
        </LookAt>
        <visibility>1</visibility>
        <styleUrl>#balloon1</styleUrl>
        <Point>
          <extrude>0</extrude>
          <altitudeMode>absolute</altitudeMode>
          <coordinates>19.9066666667,50.0613333333,9344.5584</coordinates>
        </Point>
        </Placemark>
            <Placemark>
          <name>Track Segment #1</name>
          <visibility>1</visibility>
          <Style>
            <LineStyle>
              <color>ffff0000</color>
              <width>4</width>
            </LineStyle>
            <PolyStyle>
              <color>7fffffff</color>
            </PolyStyle>
          </Style>
          <LineString>
           <extrude>1</extrude>
            <tessellate>1</tessellate>
            <altitudeMode>absolute</altitudeMode>
            <coordinates>
19.5453333333,50.3338333333,2216.2008
19.5453333333,50.3338333333,2216.2008
19.5453333333,50.3335,2310.384
19.5455,50.3331666667,2333.244
19.5475,50.3316666667,2710.2816
19.5478333333,50.3306666667,2803.2456
19.5478333333,50.3306666667,2803.2456
19.5478333333,50.3281666667,3097.0728
19.548,50.328,3121.152
19.5478333333,50.3273333333,3208.9344
19.5478333333,50.3265,3286.9632
19.5478333333,50.3265,3286.9632
19.548,50.3256666667,3364.992
19.5481666667,50.3255,3383.8896
19.548,50.323,3639.0072
19.548,50.323,3639.0072
19.548,50.3218333333,3722.8272
19.5481666667,50.3218333333,3730.752
19.548,50.321,3805.7328
19.548,50.321,3805.7328
19.5478333333,50.3203333333,3872.7888
19.5478333333,50.32,3894.7344
19.548,50.3191666667,3965.7528
19.548,50.3191666667,3965.7528
19.548,50.3181666667,4068.7752
19.548,50.3181666667,4068.7752
19.5475,50.3171666667,4155.6432
19.5473333333,50.3161666667,4228.7952
19.5471666667,50.3158333333,4245.864
19.547,50.3148333333,4317.7968
19.547,50.3148333333,4317.7968
19.547,50.3136666667,4401.6168
19.547,50.3136666667,4401.6168
19.547,50.3125,4480.56
19.547,50.3125,4480.56
19.5468333333,50.3111666667,4566.8184
19.5468333333,50.3111666667,4574.7432
19.5466666667,50.3101666667,4640.58
19.5465,50.3088333333,4719.5232
19.5463333333,50.3086666667,4732.6296
19.5461666667,50.3076666667,4797.552
19.5461666667,50.3076666667,4797.552
19.5458333333,50.3066666667,4868.5704
19.5456666667,50.3063333333,4886.5536
19.5451666667,50.3053333333,4957.572
19.5451666667,50.3053333333,4957.572
19.5445,50.304,5028.5904
19.5443333333,50.3038333333,5045.6592
19.5436666667,50.3025,5115.4584
19.5433333333,50.3013333333,5186.4768
19.5433333333,50.3013333333,5186.4768
19.5426666667,50.2998333333,5266.6392
19.5426666667,50.2998333333,5266.6392
19.5421666667,50.2985,5351.3736
19.542,50.2983333333,5360.5176
19.5415,50.2971666667,5429.4024
19.5415,50.2971666667,5429.4024
19.541,50.2958333333,5514.4416
19.5408333333,50.2956666667,5524.5
19.5403333333,50.2946666667,5589.4224
19.5403333333,50.2946666667,5589.4224
19.5398333333,50.2936666667,5659.5264
19.5396666667,50.2933333333,5677.5096
19.539,50.2925,5738.4696
19.5388333333,50.2921666667,5755.2336
19.5383333333,50.2911666667,5824.4232
19.5383333333,50.2911666667,5824.4232
19.5376666667,50.2901666667,5896.356
19.5375,50.2898333333,5913.4248
19.537,50.289,5977.4328
19.537,50.2888333333,5990.2344
19.5365,50.2878333333,6055.1568
19.5363333333,50.2878333333,6063.3864
19.5358333333,50.2868333333,6126.1752
19.5358333333,50.2868333333,6126.1752
19.535,50.2858333333,6203.2896
19.535,50.2858333333,6203.2896
19.5343333333,50.2846666667,6285.2808
19.5343333333,50.2846666667,6293.2056
19.5336666667,50.2836666667,6359.3472
19.5336666667,50.2836666667,6359.3472
19.5331666667,50.2828333333,6426.0984
19.5331666667,50.2826666667,6443.1672
19.5328333333,50.282,6501.0792
19.5326666667,50.2818333333,6517.2336
19.5321666667,50.281,6590.0808
19.5321666667,50.2808333333,6605.016
19.5311666667,50.28,6677.2536
19.5311666667,50.28,6677.2536
19.5308333333,50.2793333333,6768.9984
19.5308333333,50.2793333333,6768.9984
19.5306666667,50.2785,6860.1336
19.5306666667,50.2785,6860.1336
19.531,50.277,6954.012
19.531,50.2768333333,6964.0704
19.5306666667,50.2756666667,7025.0304
19.5296666667,50.274,7141.1592
19.5295,50.2738333333,7149.084
19.5286666667,50.272,7228.9416
19.5286666667,50.272,7228.9416
19.5271666667,50.2701666667,7306.9704
19.5271666667,50.2701666667,7306.9704
19.5251666667,50.2681666667,7378.9032
19.5248333333,50.2676666667,7395.0576
19.5233333333,50.266,7454.7984
19.523,50.2656666667,7471.8672
19.5215,50.2635,7536.7896
19.5215,50.2635,7536.7896
19.52,50.2615,7602.9312
19.5195,50.261,7620
19.518,50.2591666667,7684.008
19.5176666667,50.2588333333,7695.8952
19.5161666667,50.2568333333,7758.9888
19.5158333333,50.2566666667,7766.9136
19.5146666667,50.2546666667,7848.9048
19.5146666667,50.2546666667,7848.9048
19.5131666667,50.252,7941.8688
19.513,50.2518333333,7949.7936
19.5118333333,50.2496666667,8024.7744
19.5118333333,50.2496666667,8024.7744
19.5105,50.2473333333,8093.6592
19.51,50.2465,8115.9096
19.5085,50.2441666667,8181.7464
19.5085,50.2441666667,8181.7464
19.5068333333,50.2415,8252.7648
19.5063333333,50.2408333333,8270.748
19.5043333333,50.2381666667,8340.852
19.5043333333,50.2381666667,8340.852
19.502,50.2355,8423.7576
19.502,50.2355,8423.7576
19.4998333333,50.2331666667,8499.6528
19.4995,50.2326666667,8513.6736
19.4978333333,50.231,8585.6064
19.4976666667,50.2306666667,8594.7504
19.496,50.229,8659.6728
19.496,50.229,8659.6728
19.4943333333,50.227,8743.4928
19.4941666667,50.2268333333,8754.4656
19.493,50.2255,8824.5696
19.493,50.2255,8824.5696
19.492,50.224,8898.636
19.4916666667,50.2233333333,8937.6504
19.4906666667,50.2218333333,9021.4704
19.4895,50.219,9105.5952
19.4895,50.219,9105.5952
19.4878333333,50.216,9185.4528
19.4878333333,50.216,9185.4528
19.4865,50.2136666667,9250.3752
19.486,50.2131666667,9266.5296
19.485,50.2111666667,9322.6128
19.485,50.2111666667,9322.6128
19.4836666667,50.2086666667,9397.5936
19.4836666667,50.2086666667,9397.5936
19.482,50.206,9479.28
19.4818333333,50.2058333333,9489.3384
19.4806666667,50.2038333333,9557.3088
19.4806666667,50.2038333333,9557.3088
19.4788333333,50.2011666667,9653.3208
19.4771666667,50.199,9739.2744
19.4763333333,50.1971666667,9813.3408
19.4751666667,50.1946666667,9904.1712
19.4751666667,50.1946666667,9904.1712
19.4745,50.192,9997.44
19.4741666667,50.1896666667,10078.212
19.4741666667,50.1891666667,10107.168
19.4735,50.1876666667,10190.3784
19.4735,50.1876666667,10190.3784
19.4731666667,50.1856666667,10275.1128
19.4731666667,50.1856666667,10275.1128
19.4723333333,50.1833333333,10357.104
19.4723333333,50.1833333333,10357.104
19.4718333333,50.1813333333,10441.2288
19.4716666667,50.1811666667,10450.068
19.4716666667,50.18,10514.076
19.4716666667,50.18,10514.076
19.4715,50.1783333333,10594.2384
19.4715,50.1781666667,10603.0776
19.4711666667,50.177,10670.1336
19.4711666667,50.177,10670.1336
19.4705,50.1753333333,10747.248
19.4705,50.1753333333,10747.248
19.4698333333,50.1736666667,10827.1056
19.4698333333,50.1736666667,10827.1056
19.4686666667,50.172,10897.2096
19.4683333333,50.1716666667,10915.1928
19.4671666667,50.1698333333,10988.9544
19.4671666667,50.1698333333,10988.9544
19.4663333333,50.1681666667,11063.9352
19.4663333333,50.1681666667,11063.9352
19.4656666667,50.1663333333,11152.9368
19.4656666667,50.1663333333,11152.9368
19.4658333333,50.1643333333,11248.9488
19.4658333333,50.164,11259.0072
19.4658333333,50.1623333333,11331.8544
19.4658333333,50.1623333333,11331.8544
19.4658333333,50.1603333333,11423.904
19.4658333333,50.1601666667,11433.048
19.4655,50.1588333333,11503.7616
19.4655,50.1588333333,11503.7616
19.4651666667,50.1573333333,11577.828
19.465,50.157,11597.0304
19.4651666667,50.1558333333,11666.8296
19.4651666667,50.1556666667,11686.9464
19.465,50.1548333333,11756.7456
19.465,50.1548333333,11756.7456
19.4651666667,50.1541666667,11825.9352
19.4651666667,50.154,11842.6992
19.4655,50.1535,11906.7072
19.4655,50.1533333333,11918.8992
19.4663333333,50.1528333333,11975.8968
19.468,50.1521666667,12052.7064
19.4681666667,50.1521666667,12061.8504
19.4695,50.1513333333,12123.7248
19.4695,50.1513333333,12123.7248
19.4716666667,50.1505,12197.7912
19.4718333333,50.1503333333,12206.6304
19.4733333333,50.1493333333,12267.5904
19.4733333333,50.1493333333,12267.5904
19.4748333333,50.1481666667,12336.78
19.4751666667,50.1478333333,12354.7632
19.4761666667,50.1468333333,12416.6376
19.4765,50.1465,12433.7064
19.4776666667,50.1453333333,12510.516
19.4776666667,50.1453333333,12510.516
19.4786666667,50.1445,12590.6784
19.4788333333,50.1443333333,12609.576
19.4798333333,50.1436666667,12683.6424
19.4798333333,50.1436666667,12683.6424
19.4813333333,50.1428333333,12767.4624
19.4813333333,50.1428333333,12767.4624
19.4835,50.1418333333,12859.512
19.4835,50.1418333333,12859.512
19.4856666667,50.1408333333,12947.5992
19.4856666667,50.1408333333,12947.5992
19.4875,50.14,13040.5632
19.4878333333,50.14,13050.6216
19.4895,50.139,13123.4688
19.4895,50.139,13123.4688
19.4913333333,50.1378333333,13197.5352
19.4913333333,50.1378333333,13197.5352
19.4938333333,50.1365,13281.3552
19.4945,50.1361666667,13301.472
19.4963333333,50.1353333333,13361.5176
19.497,50.1351666667,13379.5008
19.4991666667,50.1341666667,13449.3
19.4991666667,50.1341666667,13449.3
19.5023333333,50.1326666667,13537.3872
19.5046666667,50.1316666667,13602.3096
19.5051666667,50.1315,13615.416
19.5071666667,50.1305,13676.376
19.5071666667,50.1305,13676.376
19.5095,50.1288333333,13762.3296
19.5098333333,50.1286666667,13771.4736
19.5123333333,50.1273333333,13841.2728
19.5151666667,50.1255,13930.2744
19.5155,50.1253333333,13940.3328
19.5173333333,50.1243333333,14016.228
19.5173333333,50.1243333333,14016.228
19.519,50.1231666667,14096.3904
19.5195,50.123,14116.2024
19.521,50.1218333333,14188.1352
19.523,50.1203333333,14284.1472
19.5235,50.1201666667,14306.0928
19.5256666667,50.1191666667,14393.2656
19.5256666667,50.1191666667,14393.2656
19.5281666667,50.118,14480.1336
19.5281666667,50.118,14480.1336
19.5306666667,50.1166666667,14576.1456
19.5306666667,50.1166666667,14576.1456
19.533,50.1153333333,14677.0344
19.5331666667,50.1151666667,14688.0072
19.5351666667,50.1138333333,14769.084
19.5353333333,50.1138333333,14779.1424
19.5368333333,50.1126666667,14852.904
19.537,50.1125,14869.0584
19.5381666667,50.1115,14940.0768
19.5381666667,50.1115,14940.0768
19.5393333333,50.1103333333,15016.8864
19.5393333333,50.1103333333,15016.8864
19.541,50.109,15109.8504
19.541,50.109,15109.8504
19.5425,50.1076666667,15184.8312
19.543,50.1075,15204.948
19.5445,50.1065,15279.0144
19.5445,50.1065,15279.0144
19.5461666667,50.106,15354.9096
19.5461666667,50.106,15354.9096
19.5481666667,50.1055,15444.8256
19.5481666667,50.1055,15444.8256
19.5501666667,50.1056666667,15534.7416
19.5501666667,50.1056666667,15534.7416
19.5526666667,50.1056666667,15632.8872
19.5528333333,50.1056666667,15643.86
19.555,50.1056666667,15722.8032
19.555,50.1056666667,15722.8032
19.5578333333,50.1061666667,15820.9488
19.5581666667,50.1061666667,15830.7024
19.5605,50.1066666667,15910.8648
19.5605,50.1066666667,15910.8648
19.5626666667,50.1068333333,15997.7328
19.5631666667,50.1068333333,16018.764
19.5656666667,50.1071666667,16102.584
19.5656666667,50.1071666667,16102.584
19.5686666667,50.1071666667,16198.596
19.5686666667,50.1071666667,16198.596
19.571,50.107,16277.5392
19.5715,50.1068333333,16298.5704
19.5738333333,50.1066666667,16374.7704
19.5743333333,50.1066666667,16389.7056
19.5768333333,50.1066666667,16464.6864
19.577,50.1068333333,16474.7448
19.5793333333,50.1068333333,16547.592
19.5793333333,50.1068333333,16547.592
19.582,50.1068333333,16638.7272
19.5823333333,50.1068333333,16647.5664
19.5845,50.1068333333,16724.6808
19.5848333333,50.1066666667,16732.6056
19.5958333333,50.1056666667,17051.4264
19.5958333333,50.1056666667,17051.4264
19.5991666667,50.1051666667,17141.3424
19.6101666667,50.1056666667,17395.5456
19.614,50.1058333333,17475.4032
19.6145,50.1058333333,17485.4616
19.618,50.106,17564.4048
19.618,50.106,17564.4048
19.6211666667,50.1063333333,17650.3584
19.622,50.1065,17678.4
19.6351666667,50.1075,18050.256
19.636,50.1075,18074.3352
19.639,50.1075,18158.1552
19.639,50.1075,18158.1552
19.6425,50.1071666667,18253.2528
19.643,50.1071666667,18269.1024
19.6461666667,50.1068333333,18358.104
19.6466666667,50.1068333333,18370.296
19.6496666667,50.1066666667,18458.0784
19.65,50.1066666667,18470.2704
19.6526666667,50.1066666667,18551.0424
19.6526666667,50.1066666667,18551.0424
19.6868333333,50.1068333333,19406.0064
19.6948333333,50.1063333333,19586.7528
19.6953333333,50.1061666667,19596.8112
19.6985,50.1061666667,19679.7168
19.7018333333,50.106,19767.804
19.7018333333,50.106,19767.804
19.7068333333,50.1061666667,19892.772
19.7103333333,50.1063333333,19980.8592
19.732,50.1038333333,20458.4808
19.7323333333,50.1038333333,20469.7584
19.7356666667,50.1031666667,20554.4928
19.7356666667,50.1031666667,20554.4928
19.7395,50.1025,20665.44
19.7428333333,50.1016666667,20767.548
19.7428333333,50.1016666667,20767.548
19.7463333333,50.1006666667,20875.4472
19.7498333333,50.0998333333,20984.5656
19.7535,50.0996666667,21093.3792
19.7535,50.0996666667,21093.3792
19.7571666667,50.0998333333,21184.5144
19.758,50.0998333333,21206.46
19.7618333333,50.0998333333,21299.424
19.7618333333,50.0998333333,21299.424
19.7655,50.1,21392.388
19.7655,50.1,21392.388
19.7698333333,50.1001666667,21496.3248
19.7698333333,50.1001666667,21496.3248
19.7746666667,50.1,21603.3096
19.7751666667,50.1,21614.2824
19.7786666667,50.0998333333,21695.3592
19.7786666667,50.0998333333,21695.3592
19.7826666667,50.0995,21801.1248
19.7831666667,50.0993333333,21813.3168
19.7863333333,50.0988333333,21896.2224
19.7868333333,50.0986666667,21913.2912
19.7901666667,50.0978333333,21996.1968
19.7901666667,50.0978333333,21996.1968
19.7938333333,50.097,22083.0648
19.7946666667,50.0968333333,22106.2296
19.8191666667,50.0936666667,23066.0448
19.8203333333,50.0935,23150.7792
19.8206666667,50.0936666667,23162.0568
19.8216666667,50.0936666667,23253.8016
19.8216666667,50.0936666667,23253.8016
19.8225,50.0938333333,23342.8032
19.824,50.0941666667,23455.884
19.825,50.0945,23550.6768
19.825,50.0945,23550.6768
19.8281666667,50.095,23605.8456
19.8936666667,50.0901666667,14417.04
19.9131666667,50.077,11581.7904
19.9118333333,50.0686666667,10330.2816
19.9118333333,50.0686666667,10330.2816
19.9113333333,50.0673333333,10109.3016
19.9111666667,50.0668333333,10054.1328
19.9101666667,50.0653333333,9869.424
19.91,50.0648333333,9817.3032
19.9088333333,50.0633333333,9608.5152
19.9088333333,50.0633333333,9608.5152
19.907,50.0618333333,9395.46
19.9066666667,50.0613333333,9344.5584
            </coordinates>
          </LineString>
        </Placemark>
          </Folder>
          <Folder>
        <name>SP9DEV-12</name>

            <Placemark>
        <description><![CDATA[<b>Vehicle:</b> SP9DEV-12<br /><b>Time:</b> 2022-02-26 10:38:54<br /><b>Position:</b> 50.0636666667,19.7888333333<br /><b>Altitude:</b> 1884.2736 m<br /><b>Speed:</b> 20.372 km/h<br /></br><b>Data</b></br><hr/><b>comment: </b>P895S10T-4V2789C-6 JO90VB45PH85 - AGH Space Systems Payload #2!<br/>]]></description>
         <name>SP9DEV-12</name>
        <LookAt>
          <longitude>19.7888333333</longitude>
          <latitude>50.0636666667</latitude>
          <altitude>1884.2736</altitude>
          <altitudeMode>absolute</altitudeMode>
          <range>20000</range>
          <tilt>25</tilt>
          <heading>202</heading>
        </LookAt>
        <visibility>1</visibility>
        <styleUrl>#balloon2</styleUrl>
        <Point>
          <extrude>0</extrude>
          <altitudeMode>absolute</altitudeMode>
          <coordinates>19.7888333333,50.0636666667,1884.2736</coordinates>
        </Point>
        </Placemark>
            <Placemark>
          <name>Track Segment #1</name>
          <visibility>1</visibility>
          <Style>
            <LineStyle>
              <color>ff00ff00</color>
              <width>4</width>
            </LineStyle>
            <PolyStyle>
              <color>7fffffff</color>
            </PolyStyle>
          </Style>
          <LineString>
           <extrude>1</extrude>
            <tessellate>1</tessellate>
            <altitudeMode>absolute</altitudeMode>
            <coordinates>
19.546,50.333,2024.4816
19.546,50.333,2024.4816
19.5465,50.3323333333,2128.4184
19.5468333333,50.3321666667,2152.1928
19.54,50.3345,1375.5624
19.5403333333,50.3345,1398.4224
19.5431666667,50.3343333333,1664.5128
19.5473333333,50.3316666667,2234.184
19.5475,50.3315,2259.1776
19.548,50.3308333333,2344.2168
19.548,50.3308333333,2344.2168
19.5486666667,50.3303333333,2431.0848
19.549,50.3301666667,2450.2872
19.5496666667,50.3295,2531.0592
19.5496666667,50.3295,2543.2512
19.5505,50.3291666667,2606.04
19.5505,50.3291666667,2615.184
19.5513333333,50.329,2669.1336
19.5513333333,50.329,2669.1336
19.5521666667,50.3283333333,2751.1248
19.5521666667,50.3283333333,2751.1248
19.5533333333,50.3278333333,2851.0992
19.5533333333,50.3276666667,2862.072
19.5538333333,50.3273333333,2928.2136
19.5541666667,50.327,2958.9984
19.5541666667,50.3265,3026.9688
19.554,50.3263333333,3047.0856
19.5538333333,50.326,3119.0184
19.554,50.3258333333,3140.964
19.5533333333,50.325,3224.1744
19.5533333333,50.325,3224.1744
19.5535,50.324,3308.9088
19.5535,50.324,3329.94
19.5528333333,50.3231666667,3408.8832
19.5526666667,50.323,3422.904
19.5528333333,50.322,3496.9704
19.5528333333,50.3218333333,3508.8576
19.5528333333,50.3213333333,3583.8384
19.5528333333,50.3213333333,3583.8384
19.5531666667,50.3205,3680.7648
19.5531666667,50.3203333333,3689.9088
19.5528333333,50.3198333333,3772.8144
19.5528333333,50.3198333333,3772.8144
19.553,50.319,3861.816
19.5526666667,50.3188333333,3889.8576
19.553,50.318,3970.9344
19.553,50.318,3970.9344
19.5528333333,50.3175,4066.9464
19.5528333333,50.3175,4066.9464
19.553,50.3166666667,4151.6808
19.553,50.3163333333,4172.712
19.5526666667,50.3156666667,4257.7512
19.5526666667,50.3156666667,4257.7512
19.5523333333,50.3145,4345.8384
19.5521666667,50.3143333333,4370.832
19.5516666667,50.3135,4452.8232
19.5516666667,50.3135,4452.8232
19.5511666667,50.312,4550.664
19.5511666667,50.312,4550.664
19.5511666667,50.3106666667,4655.5152
19.5511666667,50.3103333333,4666.7928
19.5508333333,50.3088333333,4746.6504
19.5508333333,50.3088333333,4746.6504
19.5506666667,50.3078333333,4835.652
19.5505,50.3073333333,4861.56
19.5501666667,50.3063333333,4938.6744
19.5501666667,50.3063333333,4938.6744
19.55,50.305,5035.6008
19.55,50.305,5035.6008
19.5496666667,50.3041666667,5140.452
19.5496666667,50.3041666667,5140.452
19.5495,50.3033333333,5225.4912
19.5495,50.3028333333,5245.608
19.5485,50.3016666667,5342.5344
19.5483333333,50.3015,5350.4592
19.5483333333,50.3001666667,5428.488
19.5481666667,50.2998333333,5444.3376
19.5476666667,50.2988333333,5527.548
19.5475,50.2986666667,5538.5208
19.5463333333,50.2976666667,5622.3408
19.5463333333,50.2976666667,5622.3408
19.5455,50.2963333333,5728.4112
19.5453333333,50.2961666667,5737.2504
19.5446666667,50.2953333333,5822.2896
19.5446666667,50.2953333333,5822.2896
19.5435,50.2948333333,5908.2432
19.543,50.2945,5936.2848
19.5421666667,50.2931666667,6023.4576
19.5421666667,50.2931666667,6023.4576
19.541,50.2918333333,6132.2712
19.541,50.2918333333,6132.2712
19.5398333333,50.2903333333,6241.3896
19.5398333333,50.2903333333,6241.3896
19.5396666667,50.2896666667,6343.1928
19.5396666667,50.2896666667,6343.1928
19.5395,50.2886666667,6445.3008
19.5395,50.2886666667,6445.3008
19.5386666667,50.2876666667,6556.248
19.5386666667,50.2875,6568.1352
19.5381666667,50.2866666667,6666.2808
19.5381666667,50.2865,6679.9968
19.5376666667,50.286,6768.084
19.5376666667,50.286,6768.084
19.5375,50.2855,6878.1168
19.5375,50.2853333333,6888.1752
19.5376666667,50.2841666667,6985.1016
19.5373333333,50.2835,7071.0552
19.5373333333,50.2833333333,7096.9632
19.5365,50.2815,7189.9272
19.5353333333,50.2795,7279.8432
19.5351666667,50.2788333333,7299.96
19.5341666667,50.2766666667,7396.8864
19.5341666667,50.2766666667,7396.8864
19.5336666667,50.275,7489.8504
19.5335,50.2746666667,7507.8336
19.5328333333,50.2726666667,7600.7976
19.5326666667,50.2723333333,7613.904
19.532,50.2705,7695.8952
19.532,50.2705,7695.8952
19.531,50.2681666667,7800.7464
19.5308333333,50.2678333333,7812.9384
19.5301666667,50.2656666667,7896.7584
19.5301666667,50.2656666667,7896.7584
19.5283333333,50.2636666667,7983.9312
19.5281666667,50.2631666667,8016.8496
19.5271666667,50.2613333333,8092.7448
19.5271666667,50.2613333333,8092.7448
19.5258333333,50.2585,8209.788
19.5258333333,50.2585,8209.788
19.5243333333,50.2558333333,8320.7352
19.5238333333,50.2551666667,8343.5952
19.5216666667,50.2526666667,8444.7888
19.5216666667,50.2526666667,8444.7888
19.5193333333,50.2501666667,8540.8008
19.5193333333,50.2501666667,8540.8008
19.518,50.2476666667,8655.7104
19.518,50.2476666667,8655.7104
19.5161666667,50.2451666667,8751.7224
19.5161666667,50.2448333333,8768.4864
19.5153333333,50.2438333333,8859.6216
19.5141666667,50.2426666667,8983.6752
19.5141666667,50.2425,8995.5624
19.5138333333,50.241,9103.4616
19.5138333333,50.241,9103.4616
19.513,50.239,9196.4256
19.5126666667,50.2385,9227.5152
19.512,50.2368333333,9320.4792
19.512,50.2368333333,9320.4792
19.5121666667,50.2341666667,9434.4744
19.5121666667,50.2341666667,9434.4744
19.5111666667,50.2325,9528.3528
19.511,50.2318333333,9551.5176
19.5093333333,50.2298333333,9645.396
19.5093333333,50.2298333333,9645.396
19.5076666667,50.2275,9741.408
19.5076666667,50.2275,9741.408
19.5065,50.2251666667,9842.2968
19.5061666667,50.2228333333,9970.3128
19.5015,50.1908333333,12322.7592
19.5015,50.1908333333,12322.7592
19.5033333333,50.19,12442.5456
19.5033333333,50.19,12442.5456
19.505,50.1886666667,12537.6432
19.5053333333,50.1883333333,12562.6368
19.5065,50.1866666667,12659.5632
19.5065,50.1866666667,12659.5632
19.5076666667,50.1855,12744.6024
19.5093333333,50.1841666667,12850.6728
19.5093333333,50.1841666667,12850.6728
19.511,50.1831666667,12937.5408
19.511,50.1831666667,12937.5408
19.5128333333,50.1823333333,13034.4672
19.5131666667,50.1821666667,13051.536
19.5153333333,50.1815,13149.3768
19.5156666667,50.1813333333,13160.3496
19.5211666667,50.179,13355.4216
19.5215,50.179,13368.528
19.5243333333,50.1781666667,13453.2624
19.5243333333,50.1781666667,13453.2624
19.5275,50.177,13545.312
19.541,50.1703333333,13980.2616
19.5416666667,50.1698333333,14002.2072
19.544,50.1683333333,14092.1232
19.5443333333,50.168,14111.3256
19.5493333333,50.1646666667,14305.1784
19.556,50.162,14493.24
19.556,50.162,14493.24
19.5588333333,50.1605,14579.1936
19.5596666667,50.16,14606.016
19.5615,50.1586666667,14684.0448
19.562,50.1583333333,14705.9904
19.5675,50.154,15016.8864
19.5675,50.154,15016.8864
19.5696666667,50.1538333333,15171.1152
19.5718333333,50.1541666667,15297.912
19.5718333333,50.1541666667,15297.912
19.5745,50.1546666667,15418.9176
19.5748333333,50.1548333333,15433.8528
19.5766666667,50.1553333333,15530.7792
19.5766666667,50.1553333333,15530.7792
19.5788333333,50.1563333333,15652.6992
19.5791666667,50.1561666667,15666.72
19.581,50.1568333333,15777.6672
19.581,50.1568333333,15777.6672
19.5825,50.1573333333,15866.6688
19.5828333333,50.1573333333,15892.8816
19.5848333333,50.1576666667,15996.8184
19.5856666667,50.1578333333,16017.8496
19.5881666667,50.1583333333,16119.6528
19.5881666667,50.1583333333,16119.6528
19.5906666667,50.1583333333,16229.6856
19.5913333333,50.1585,16250.7168
19.5938333333,50.1583333333,16333.6224
19.5941666667,50.1583333333,16349.7768
19.5965,50.1585,16450.6656
19.5968333333,50.1586666667,16461.6384
19.5991666667,50.1588333333,16551.5544
19.6025,50.1583333333,16662.5016
19.6028333333,50.1583333333,16675.608
19.6053333333,50.1578333333,16768.572
19.6053333333,50.1578333333,16768.572
19.608,50.1576666667,16864.584
19.6088333333,50.1576666667,16896.588
19.6118333333,50.1576666667,17000.5248
19.6118333333,50.1576666667,17000.5248
19.6158333333,50.1571666667,17111.472
19.6158333333,50.1571666667,17111.472
19.619,50.1565,17213.58
19.6196666667,50.1563333333,17238.5736
19.6228333333,50.156,17341.2912
19.6228333333,50.156,17341.2912
19.6261666667,50.1558333333,17446.4472
19.6261666667,50.1558333333,17446.4472
19.6305,50.1558333333,17575.3776
19.6305,50.1558333333,17575.3776
19.635,50.1561666667,17688.4584
19.6355,50.1561666667,17701.26
19.6388333333,50.1563333333,17800.32
19.6388333333,50.1563333333,17800.32
19.6431666667,50.1565,17918.2776
19.6436666667,50.1565,17927.1168
19.6471666667,50.1568333333,18004.2312
19.6471666667,50.1568333333,18004.2312
19.6508333333,50.157,18098.1096
19.6516666667,50.1566666667,18123.1032
19.655,50.1565,18209.0568
19.6596666667,50.1556666667,18341.0352
19.6596666667,50.1556666667,18341.0352
19.6635,50.1548333333,18433.9992
19.6641666667,50.1548333333,18461.1264
19.6676666667,50.1545,18558.9672
19.6713333333,50.1543333333,18679.9728
19.6718333333,50.1541666667,18693.9936
19.675,50.154,18828.1056
19.675,50.154,18828.1056
19.6786666667,50.154,18953.0736
19.6786666667,50.154,18953.0736
19.6831666667,50.1535,19079.8704
19.6836666667,50.1535,19089.9288
19.6876666667,50.1531666667,19186.8552
19.6911666667,50.1536666667,19304.8128
19.699,50.1535,19584.924
19.699,50.1535,19584.924
19.7031666667,50.1536666667,19699.8336
19.7065,50.1538333333,19795.8456
19.7098333333,50.1538333333,19907.7072
19.7098333333,50.1538333333,19907.7072
19.7135,50.154,20021.7024
19.714,50.154,20034.8088
19.7176666667,50.1543333333,20141.7936
19.7176666667,50.1543333333,20141.7936
19.7231666667,50.1545,20263.7136
19.7236666667,50.1543333333,20281.6968
19.7273333333,50.1545,20390.5104
19.7305,50.1536666667,20510.6016
19.7546666667,50.1526666667,18100.2432
19.7823333333,50.15,14609.9784
19.7893333333,50.1456666667,13772.388
19.7925,50.144,13460.2728
19.797,50.1421666667,12977.4696
19.7985,50.1415,12753.4416
19.7988333333,50.1415,12696.7488
19.8,50.1406666667,12492.5328
19.8036666667,50.1381666667,11981.688
19.8036666667,50.1381666667,11981.688
19.8066666667,50.1341666667,11210.8488
19.802,50.1198333333,9529.2672
19.7991666667,50.1131666667,8747.76
19.7973333333,50.1115,8542.6296
19.7871666667,50.0943333333,6952.1832
19.787,50.0918333333,6461.1504
19.7846666667,50.073,3604.8696
19.7848333333,50.0706666667,3174.1872
19.7856666667,50.069,2905.9632
19.7868333333,50.0675,2660.2944
19.7888333333,50.0636666667,1884.2736
            </coordinates>
          </LineString>
        </Placemark>
          </Folder>
          <Folder>
        <name>SP9DEV-13</name>

            <Placemark>
        <description><![CDATA[<b>Vehicle:</b> SP9DEV-13<br /><b>Time:</b> 2022-02-26 11:24:56<br /><b>Position:</b> 50.0425,19.8705<br /><b>Altitude:</b> 2749.296 m<br /><b>Speed:</b> 9.26 km/h<br /></br><b>Data</b></br><hr/><b>comment: </b>P1191S10T04V2790C-9 JO90WB40LF12 - AGH Space Systems Payload #3!<br/>]]></description>
         <name>SP9DEV-13</name>
        <LookAt>
          <longitude>19.8705</longitude>
          <latitude>50.0425</latitude>
          <altitude>2749.296</altitude>
          <altitudeMode>absolute</altitudeMode>
          <range>20000</range>
          <tilt>25</tilt>
          <heading>139</heading>
        </LookAt>
        <visibility>1</visibility>
        <styleUrl>#balloon3</styleUrl>
        <Point>
          <extrude>0</extrude>
          <altitudeMode>absolute</altitudeMode>
          <coordinates>19.8705,50.0425,2749.296</coordinates>
        </Point>
        </Placemark>
            <Placemark>
          <name>Track Segment #1</name>
          <visibility>1</visibility>
          <Style>
            <LineStyle>
              <color>ff00ffff</color>
              <width>4</width>
            </LineStyle>
            <PolyStyle>
              <color>7fffffff</color>
            </PolyStyle>
          </Style>
          <LineString>
           <extrude>1</extrude>
            <tessellate>1</tessellate>
            <altitudeMode>absolute</altitudeMode>
            <coordinates>
19.5445,50.3345,2084.2224
19.5445,50.3345,2084.2224
19.5448333333,50.3341666667,2178.4056
19.5448333333,50.3341666667,2190.2928
19.5468333333,50.332,2659.0752
19.5468333333,50.332,2659.0752
19.5471666667,50.3318333333,2733.1416
19.5473333333,50.3313333333,2771.2416
19.5473333333,50.3296666667,2950.1592
19.5475,50.3295,2973.0192
19.5473333333,50.328,3151.9368
19.5473333333,50.328,3151.9368
19.5473333333,50.3273333333,3240.024
19.5473333333,50.3273333333,3240.024
19.5473333333,50.3265,3343.0464
19.5471666667,50.3246666667,3511.9056
19.5473333333,50.3263333333,3354.9336
19.5471666667,50.3246666667,3511.9056
19.5468333333,50.3235,3617.976
19.5468333333,50.3235,3617.976
19.5466666667,50.3228333333,3689.9088
19.5465,50.3225,3711.8544
19.5463333333,50.3218333333,3774.948
19.5463333333,50.3216666667,3803.904
19.5463333333,50.321,3881.9328
19.5463333333,50.321,3881.9328
19.5463333333,50.3201666667,3960.876
19.5463333333,50.3201666667,3960.876
19.5465,50.3191666667,4057.8024
19.5465,50.3191666667,4057.8024
19.5463333333,50.318,4143.756
19.5463333333,50.3178333333,4152.9
19.5461666667,50.3168333333,4232.7576
19.5461666667,50.3168333333,4232.7576
19.5461666667,50.3156666667,4321.7592
19.5461666667,50.3155,4330.5984
19.546,50.3146666667,4415.6376
19.546,50.3146666667,4415.6376
19.5458333333,50.3135,4508.6016
19.5458333333,50.3131666667,4533.5952
19.5455,50.3121666667,4605.528
19.5455,50.3121666667,4605.528
19.5455,50.311,4715.5608
19.5455,50.311,4715.5608
19.5453333333,50.3098333333,4794.504
19.5453333333,50.3096666667,4816.7544
19.5448333333,50.3085,4903.6224
19.5448333333,50.3085,4903.6224
19.5441666667,50.3071666667,4985.6136
19.5441666667,50.3068333333,5001.4632
19.5438333333,50.3055,5073.7008
19.543,50.3045,5160.5688
19.5421666667,50.303,5261.4576
19.542,50.3028333333,5271.516
19.5416666667,50.3018333333,5362.3464
19.5415,50.3016666667,5372.4048
19.541,50.3006666667,5454.396
19.541,50.3006666667,5454.396
19.5408333333,50.2996666667,5536.3872
19.5406666667,50.2993333333,5558.3328
19.5403333333,50.2985,5649.468
19.5405,50.2981666667,5671.4136
19.5396666667,50.2971666667,5759.5008
19.5396666667,50.2971666667,5759.5008
19.539,50.2958333333,5863.4376
19.539,50.2958333333,5863.4376
19.5383333333,50.2946666667,5950.3056
19.5383333333,50.2946666667,5950.3056
19.538,50.2935,6056.376
19.538,50.2935,6056.376
19.537,50.2925,6152.388
19.5368333333,50.2925,6159.3984
19.5361666667,50.2915,6238.3416
19.5361666667,50.2915,6238.3416
19.5351666667,50.2905,6336.1824
19.5351666667,50.2905,6345.3264
19.5345,50.2895,6415.1256
19.5345,50.2895,6415.1256
19.534,50.2886666667,6499.2504
19.534,50.2886666667,6499.2504
19.5333333333,50.2878333333,6577.2792
19.5333333333,50.2878333333,6577.2792
19.5323333333,50.287,6665.0616
19.532,50.2868333333,6689.1408
19.532,50.286,6774.18
19.532,50.286,6774.18
19.5318333333,50.2851666667,6849.1608
19.5318333333,50.2851666667,6849.1608
19.5321666667,50.2835,6954.9264
19.5321666667,50.2835,6954.9264
19.5318333333,50.282,7050.9384
19.5318333333,50.2818333333,7068.0072
19.5308333333,50.2801666667,7149.9984
19.5308333333,50.2801666667,7149.9984
19.5295,50.2781666667,7238.0856
19.5295,50.2778333333,7248.144
19.5283333333,50.2763333333,7309.104
19.5276666667,50.2758333333,7332.8784
19.5263333333,50.274,7406.9448
19.5263333333,50.274,7406.9448
19.5245,50.2718333333,7516.0632
19.5245,50.2718333333,7516.0632
19.523,50.2698333333,7620.9144
19.5226666667,50.2693333333,7636.764
19.5208333333,50.2673333333,7710.8304
19.5208333333,50.2673333333,7710.8304
19.519,50.2651666667,7786.7256
19.5186666667,50.2648333333,7805.928
19.5173333333,50.2625,7915.9608
19.5163333333,50.2601666667,8000.6952
19.516,50.26,8010.7536
19.5145,50.2576666667,8082.6864
19.5143333333,50.2575,8091.8304
19.513,50.2551666667,8175.6504
19.513,50.2551666667,8175.6504
19.511,50.2523333333,8258.8608
19.511,50.2523333333,8258.8608
19.509,50.2496666667,8338.7184
19.509,50.2496666667,8338.7184
19.5061666667,50.2465,8443.5696
19.5041666667,50.2443333333,8525.5608
19.5041666667,50.2443333333,8525.5608
19.5023333333,50.2425,8604.504
19.5018333333,50.242,8622.792
19.5003333333,50.2403333333,8694.7248
19.5003333333,50.2403333333,8694.7248
19.499,50.2386666667,8774.5824
19.499,50.2386666667,8774.5824
19.4978333333,50.237,8865.7176
19.4978333333,50.237,8865.7176
19.497,50.2348333333,8992.5144
19.497,50.2345,9009.5832
19.496,50.2325,9103.4616
19.496,50.2325,9103.4616
19.4945,50.2296666667,9199.4736
19.4943333333,50.2293333333,9209.532
19.4931666667,50.2275,9271.4064
19.4926666667,50.2266666667,9294.5712
19.4916666667,50.2248333333,9351.5688
19.4913333333,50.2243333333,9369.552
19.4901666667,50.2225,9431.4264
19.4898333333,50.222,9446.3616
19.4885,50.2198333333,9514.332
19.4885,50.2198333333,9514.332
19.487,50.2178333333,9581.388
19.4866666667,50.2173333333,9597.5424
19.4853333333,50.2155,9658.5024
19.4853333333,50.2155,9658.5024
19.4838333333,50.2135,9725.2536
19.4838333333,50.2135,9725.2536
19.4823333333,50.2111666667,9802.368
19.4823333333,50.211,9810.2928
19.4813333333,50.209,9872.472
19.4813333333,50.209,9872.472
19.4801666667,50.2063333333,9950.196
19.4801666667,50.206,9958.4256
19.4796666667,50.204,10023.348
19.4796666667,50.204,10023.348
19.4791666667,50.2021666667,10122.408
19.4785,50.2001666667,10214.1528
19.4783333333,50.1996666667,10235.184
19.4776666667,50.1976666667,10318.0896
19.4776666667,50.1976666667,10318.0896
19.4768333333,50.1958333333,10395.204
19.4766666667,50.1955,10414.1016
19.4763333333,50.1941666667,10482.072
19.4763333333,50.194,10497.312
19.4761666667,50.1928333333,10561.0152
19.4761666667,50.1928333333,10561.0152
19.4758333333,50.1913333333,10652.1504
19.4758333333,50.1911666667,10663.1232
19.4753333333,50.1898333333,10734.1416
19.4753333333,50.1898333333,10734.1416
19.4746666667,50.188,10826.1912
19.4745,50.1878333333,10835.9448
19.4736666667,50.1863333333,10903.9152
19.4736666667,50.1863333333,10903.9152
19.4723333333,50.1846666667,10977.0672
19.4723333333,50.1846666667,10977.0672
19.4715,50.1826666667,11058.144
19.4713333333,50.1823333333,11076.1272
19.471,50.1806666667,11153.8512
19.471,50.1806666667,11153.8512
19.4711666667,50.179,11227.9176
19.4711666667,50.1785,11248.0344
19.4713333333,50.177,11315.0904
19.4713333333,50.1765,11333.0736
19.4713333333,50.175,11408.9688
19.4713333333,50.175,11408.9688
19.471,50.1733333333,11491.8744
19.471,50.1733333333,11491.8744
19.4708333333,50.1716666667,11583.0096
19.4708333333,50.1716666667,11583.0096
19.4706666667,50.1701666667,11692.7376
19.4706666667,50.17,11702.796
19.4706666667,50.1693333333,11782.9584
19.4706666667,50.1691666667,11799.7224
19.4708333333,50.1686666667,11875.9224
19.4708333333,50.1686666667,11875.9224
19.4716666667,50.168,11985.6504
19.4728333333,50.1675,12066.7272
19.4731666667,50.1673333333,12089.892
19.4741666667,50.1666666667,12166.7016
19.4745,50.1665,12188.6472
19.4763333333,50.1655,12270.6384
19.4763333333,50.1655,12270.6384
19.4778333333,50.1645,12348.6672
19.4778333333,50.1645,12348.6672
19.4795,50.163,12434.6208
19.4795,50.163,12434.6208
19.4808333333,50.1615,12520.5744
19.481,50.1613333333,12529.7184
19.482,50.1605,12597.6888
19.482,50.1605,12597.6888
19.4833333333,50.1595,12686.6904
19.4835,50.1593333333,12694.6152
19.4843333333,50.1588333333,12744.6024
19.485,50.1583333333,12774.4728
19.4868333333,50.1575,12839.7
19.4868333333,50.1575,12839.7
19.4891666667,50.1565,12921.6912
19.4891666667,50.1565,12921.6912
19.4908333333,50.1558333333,12997.5864
19.4908333333,50.1558333333,12997.5864
19.493,50.1548333333,13085.3688
19.4935,50.1546666667,13104.5712
19.4953333333,50.1535,13179.552
19.4956666667,50.1533333333,13194.4872
19.4976666667,50.1521666667,13270.3824
19.4981666667,50.152,13280.4408
19.5001666667,50.151,13357.5552
19.5001666667,50.151,13357.5552
19.5028333333,50.1498333333,13453.2624
19.5031666667,50.1496666667,13465.4544
19.5055,50.1486666667,13544.3976
19.5055,50.1486666667,13544.3976
19.5081666667,50.1475,13627.3032
19.5088333333,50.1471666667,13652.2968
19.511,50.146,13730.3256
19.511,50.146,13730.3256
19.5135,50.1445,13820.2416
19.5161666667,50.143,13899.1848
19.5168333333,50.1425,13918.3872
19.5193333333,50.141,13992.1488
19.5193333333,50.141,13992.1488
19.5213333333,50.1398333333,14063.1672
19.5213333333,50.1398333333,14063.1672
19.5231666667,50.1385,14148.2064
19.5231666667,50.1385,14148.2064
19.5251666667,50.137,14228.064
19.5251666667,50.137,14228.064
19.5276666667,50.1356666667,14314.3224
19.528,50.1355,14324.076
19.5301666667,50.1343333333,14396.3136
19.5301666667,50.1343333333,14396.3136
19.5326666667,50.1331666667,14472.2088
19.5326666667,50.1331666667,14472.2088
19.5348333333,50.132,14552.9808
19.5348333333,50.132,14552.9808
19.5373333333,50.1303333333,14658.1368
19.5378333333,50.13,14680.0824
19.5393333333,50.129,14757.1968
19.5396666667,50.1286666667,14780.0568
19.541,50.1273333333,14872.1064
19.541,50.1273333333,14872.1064
19.5423333333,50.1261666667,14966.8992
19.5426666667,50.1258333333,14990.9784
19.544,50.1246666667,15082.1136
19.5443333333,50.1245,15098.8776
19.5458333333,50.1233333333,15190.9272
19.5461666667,50.1231666667,15202.8144
19.5476666667,50.1223333333,15294.864
19.5476666667,50.1223333333,15294.864
19.5498333333,50.1216666667,15414.0408
19.55,50.1218333333,15425.0136
19.5518333333,50.1216666667,15510.9672
19.5518333333,50.1216666667,15510.9672
19.554,50.1216666667,15603.9312
19.5568333333,50.1221666667,15714.8784
19.5568333333,50.1221666667,15714.8784
19.5593333333,50.1226666667,15806.928
19.5593333333,50.1226666667,15806.928
19.5618333333,50.1233333333,15887.7
19.5623333333,50.1235,15907.8168
19.5646666667,50.1238333333,15984.6264
19.5668333333,50.124,16072.7136
19.5673333333,50.124,16087.6488
19.5698333333,50.1241666667,16162.6296
19.5701666667,50.1241666667,16172.688
19.5726666667,50.124,16248.5832
19.5726666667,50.124,16248.5832
19.5755,50.1236666667,16347.6432
19.5758333333,50.1236666667,16358.616
19.5781666667,50.1236666667,16438.7784
19.5781666667,50.1236666667,16438.7784
19.5808333333,50.1236666667,16525.6464
19.5816666667,50.1236666667,16552.4688
19.5836666667,50.1235,16636.5936
19.5861666667,50.1235,16740.5304
19.5861666667,50.1235,16740.5304
19.5885,50.1233333333,16831.6656
19.589,50.1233333333,16855.44
19.5915,50.1231666667,16949.6232
19.5915,50.1231666667,16949.6232
19.5945,50.1228333333,17043.5016
19.5945,50.1228333333,17043.5016
19.5975,50.1221666667,17146.524
19.5975,50.1221666667,17146.524
19.6006666667,50.1218333333,17245.584
19.6006666667,50.1218333333,17245.584
19.6045,50.1216666667,17348.3016
19.6048333333,50.1216666667,17359.2744
19.6081666667,50.122,17437.3032
19.6081666667,50.122,17437.3032
19.6118333333,50.1221666667,17520.5136
19.6118333333,50.1221666667,17520.5136
19.616,50.1223333333,17608.296
19.616,50.1223333333,17608.296
19.62,50.1225,17694.2496
19.6206666667,50.1225,17712.2328
19.6235,50.1226666667,17782.3368
19.6241666667,50.1228333333,17802.1488
19.6381666667,50.1226666667,18190.1592
19.6385,50.1226666667,18202.0464
19.6418333333,50.1221666667,18299.2776
19.6421666667,50.1221666667,18310.2504
19.6448333333,50.1218333333,18403.2144
19.6546666667,50.1225,18732.0936
19.6546666667,50.1225,18732.0936
19.6485,50.122,18528.1824
19.6578333333,50.123,18843.9552
19.6578333333,50.123,18843.9552
19.6605,50.1233333333,18945.1488
19.6611666667,50.1235,18968.9232
19.6768333333,50.1218333333,19363.0296
19.6773333333,50.1216666667,19374.9168
19.6811666667,50.1215,19458.7368
19.6811666667,50.1215,19458.7368
19.6856666667,50.1215,19562.9784
19.6861666667,50.1215,19573.9512
19.6896666667,50.1213333333,19653.8088
19.6896666667,50.1213333333,19653.8088
19.693,50.1211666667,19742.8104
19.6938333333,50.1211666667,19764.756
19.697,50.1211666667,19841.8704
19.6978333333,50.1211666667,19861.6824
19.7013333333,50.1211666667,19949.7696
19.7341666667,50.1168333333,20766.6336
19.741,50.1151666667,20987.6136
19.741,50.1151666667,20987.6136
19.7371666667,50.116,20865.3888
19.745,50.1151666667,21107.4
19.7483333333,50.1153333333,21195.4872
19.7483333333,50.1153333333,21195.4872
19.752,50.1155,21295.4616
19.752,50.1155,21295.4616
19.7561666667,50.1156666667,21400.3128
19.7561666667,50.1156666667,21400.3128
19.7765,50.114,21919.3872
19.7765,50.114,21919.3872
19.7801666667,50.113,22026.0672
19.7801666667,50.113,22026.0672
19.7841666667,50.112,22135.1856
19.7841666667,50.112,22135.1856
19.7875,50.1113333333,22234.2456
19.7881666667,50.1111666667,22259.2392
19.791,50.1108333333,22356.1656
19.791,50.1108333333,22356.1656
19.7936666667,50.1103333333,22457.0544
19.7936666667,50.1103333333,22457.0544
19.7966666667,50.1098333333,22570.1352
19.7966666667,50.1098333333,22570.1352
19.7995,50.1091666667,22687.1784
19.7998333333,50.1091666667,22699.0656
19.8016666667,50.109,22788.9816
19.8016666667,50.109,22788.9816
19.8035,50.1088333333,22895.9664
19.8035,50.1088333333,22895.9664
19.8053333333,50.109,22988.9304
19.8058333333,50.109,23017.8864
19.8075,50.1088333333,23105.9736
19.8075,50.1088333333,23105.9736
19.809,50.1088333333,23214.7872
19.809,50.1088333333,23214.7872
19.8103333333,50.1086666667,23325.7344
19.8103333333,50.1086666667,23325.7344
19.8116666667,50.1088333333,23428.7568
19.8121666667,50.109,23454.9696
19.8135,50.109,23562.8688
19.8135,50.109,23562.8688
19.8151666667,50.1091666667,23683.8744
19.8155,50.1091666667,23706.7344
19.817,50.1095,23817.6816
19.8171666667,50.1095,23832.6168
19.8398333333,50.11,20017.74
19.843,50.11,19566.9408
19.847,50.11,19039.9416
19.8473333333,50.11,18982.0296
19.85,50.1106666667,18563.2344
19.8538333333,50.1105,18046.2936
19.8571666667,50.1108333333,17591.2272
19.8616666667,50.1108333333,17121.5304
19.8643333333,50.1106666667,16702.4304
19.87,50.1106666667,15902.6352
19.8706666667,50.1106666667,15810.8904
19.8726666667,50.111,15461.8944
19.8786666667,50.107,13967.1552
19.8786666667,50.107,13967.1552
19.8803333333,50.1056666667,13607.4912
19.8803333333,50.1056666667,13607.4912
19.8833333333,50.1038333333,13236.5496
19.8836666667,50.1036666667,13198.4496
19.8855,50.1026666667,12908.5848
19.8873333333,50.1018333333,12616.5864
19.8878333333,50.1015,12527.5848
19.889,50.1003333333,12266.676
19.889,50.1003333333,12266.676
19.891,50.099,11959.7424
19.891,50.099,11959.7424
19.892,50.0978333333,11691.8232
19.8921666667,50.0973333333,11626.9008
19.8921666667,50.0958333333,11369.9544
19.8921666667,50.0958333333,11369.9544
19.8921666667,50.0941666667,11116.9704
19.8921666667,50.0941666667,11116.9704
19.8916666667,50.0925,10820.0952
19.8916666667,50.0925,10820.0952
19.8915,50.0908333333,10522.3056
19.8915,50.0908333333,10522.3056
19.891,50.0891666667,10228.1736
19.8898333333,50.0868333333,9895.332
19.8885,50.0851666667,9622.536
19.887,50.0838333333,9386.316
19.8855,50.082,9160.4592
19.8826666667,50.0765,8395.716
19.8821666667,50.0761666667,8342.6808
19.8805,50.0745,8158.8864
19.879,50.0721666667,7946.7456
19.8786666667,50.0718333333,7905.9024
19.8775,50.07,7682.7888
19.8775,50.0698333333,7656.8808
19.8763333333,50.0685,7467.9048
19.8751666667,50.0668333333,7256.9832
19.875,50.0666666667,7232.904
19.874,50.0651666667,7046.976
19.874,50.0651666667,7046.976
19.8736666667,50.0638333333,6847.0272
19.8738333333,50.0635,6788.2008
19.8741666667,50.0625,6622.0848
19.8741666667,50.0625,6622.0848
19.874,50.0618333333,6418.1736
19.874,50.0618333333,6418.1736
19.8735,50.0611666667,6235.2936
19.8735,50.061,6189.2688
19.8731666667,50.06,6005.1696
19.8731666667,50.06,6005.1696
19.8728333333,50.059,5828.3856
19.8728333333,50.0586666667,5784.4944
19.8725,50.0576666667,5622.3408
19.8721666667,50.0553333333,5252.6184
19.8705,50.0511666667,4506.7728
19.8703333333,50.0486666667,4130.6496
19.8705,50.0425,2749.296
            </coordinates>
          </LineString>
        </Placemark>
          </Folder>
          <Folder>
        <name>SQ9GIN-V2</name>

            <Placemark>
        <description><![CDATA[<b>Vehicle:</b> SQ9GIN-V2<br /><b>Time:</b> 2022-02-27 11:21:37<br /><b>Position:</b> 50.32601,19.12291<br /><b>Altitude:</b> 271 m<br /></br><b>Data</b></br><hr/><b>battery: </b>2.65<br/><b>satellites: </b>8<br/><b>temperature_internal: </b>37<br/>]]></description>
         <name>SQ9GIN-V2</name>
        <LookAt>
          <longitude>19.12291</longitude>
          <latitude>50.32601</latitude>
          <altitude>271</altitude>
          <altitudeMode>absolute</altitudeMode>
          <range>20000</range>
          <tilt>25</tilt>
          <heading>0</heading>
        </LookAt>
        <visibility>1</visibility>
        <styleUrl>#balloon4</styleUrl>
        <Point>
          <extrude>0</extrude>
          <altitudeMode>absolute</altitudeMode>
          <coordinates>19.12291,50.32601,271</coordinates>
        </Point>
        </Placemark>
            <Placemark>
          <name>Track Segment #1</name>
          <visibility>1</visibility>
          <Style>
            <LineStyle>
              <color>ffe600c7</color>
              <width>4</width>
            </LineStyle>
            <PolyStyle>
              <color>7fffffff</color>
            </PolyStyle>
          </Style>
          <LineString>
           <extrude>1</extrude>
            <tessellate>1</tessellate>
            <altitudeMode>absolute</altitudeMode>
            <coordinates>
61.56986,27.67165,4606
19.1229,50.32602,269
19.12291,50.32602,269
19.12291,50.32602,269
19.12291,50.32602,270
19.12292,50.32602,271
19.12292,50.32601,272
19.1229,50.326,273
19.1229,50.32601,272
19.1229,50.32601,272
19.1229,50.32601,271
19.1229,50.32601,271
19.12291,50.32601,271
            </coordinates>
          </LineString>
        </Placemark>
          </Folder>
          <Folder>
        <name>SR0FLY</name>

            <Placemark>
        <description><![CDATA[<b>Vehicle:</b> SR0FLY<br /><b>Time:</b> 2022-02-27 14:13:48<br /><b>Position:</b> 53.15614,19.31709<br /><b>Altitude:</b> 91 m<br /></br><b>Data</b></br><hr/><b>goodsatframes: </b>4935<br/><b>temperature: </b>15<br/><b>battery: </b>2.85<br/><b>badsatframes: </b>3<br/><b>controlsum: </b>80<br/><b>satellites: </b>11<br/>]]></description>
         <name>SR0FLY</name>
        <LookAt>
          <longitude>19.31709</longitude>
          <latitude>53.15614</latitude>
          <altitude>91</altitude>
          <altitudeMode>absolute</altitudeMode>
          <range>20000</range>
          <tilt>25</tilt>
          <heading>0</heading>
        </LookAt>
        <visibility>1</visibility>
        <styleUrl>#balloon5</styleUrl>
        <Point>
          <extrude>0</extrude>
          <altitudeMode>absolute</altitudeMode>
          <coordinates>19.31709,53.15614,91</coordinates>
        </Point>
        </Placemark>
            <Placemark>
          <name>Track Segment #1</name>
          <visibility>1</visibility>
          <Style>
            <LineStyle>
              <color>ff0f8aff</color>
              <width>4</width>
            </LineStyle>
            <PolyStyle>
              <color>7fffffff</color>
            </PolyStyle>
          </Style>
          <LineString>
           <extrude>1</extrude>
            <tessellate>1</tessellate>
            <altitudeMode>absolute</altitudeMode>
            <coordinates>
19.53982,53.59297,916
19.5367,53.5928,1048
19.53501,53.59273,1116
19.53345,53.59275,1195
19.53185,53.59263,1277
19.53017,53.59222,1369
19.52887,53.59157,1448
19.52725,53.59094,1522
19.526,53.59028,1601
19.52465,53.58961,1677
19.52331,53.58891,1749
19.52157,53.58821,1829
19.52,53.58751,1901
19.51836,53.5867,1975
19.51668,53.58613,2044
19.51476,53.58535,2111
19.51302,53.58472,2184
19.51114,53.58389,2252
19.5093,53.58327,2323
19.50746,53.58253,2397
19.50504,53.58149,2485
19.50253,53.58041,2569
19.50002,53.57918,2646
19.49715,53.57803,2723
19.49439,53.57692,2798
19.49128,53.57553,2888
19.48843,53.57447,2961
19.48575,53.57329,3034
19.48306,53.57201,3110
19.48004,53.57083,3184
19.47684,53.56937,3270
19.47362,53.56799,3339
19.47093,53.56658,3408
19.46773,53.56526,3477
19.46393,53.56351,3557
19.46107,53.56228,3623
19.45758,53.56097,3714
19.45405,53.55965,3792
19.45133,53.55826,3865
19.44831,53.55668,3944
19.44494,53.55477,4030
19.44212,53.55324,4109
19.4392,53.55174,4182
19.43604,53.55007,4272
19.43352,53.54865,4349
19.43052,53.54711,4434
19.42764,53.54563,4510
19.42421,53.54386,4597
19.42097,53.5423,4678
19.41769,53.54097,4757
19.41402,53.53918,4845
19.41097,53.53777,4920
19.4074,53.5361,5010
19.40387,53.53458,5095
19.40082,53.53306,5173
19.39801,53.53174,5257
19.39489,53.52975,5344
19.39221,53.52801,5423
19.38968,53.52622,5495
19.38618,53.52412,5581
19.3829,53.52222,5659
19.37945,53.52023,5738
19.37608,53.51858,5809
19.37233,53.51639,5903
19.36878,53.51429,5980
19.36512,53.51232,6063
19.36082,53.50972,6151
19.35713,53.50705,6223
19.35365,53.50447,6294
19.34931,53.50169,6374
19.34507,53.49881,6449
19.34148,53.49595,6512
19.33735,53.49282,6580
19.33307,53.48969,6664
19.32945,53.48678,6729
19.32553,53.48397,6789
19.32155,53.48086,6858
19.31757,53.47767,6946
19.31375,53.47483,7009
19.31009,53.47108,7083
19.30632,53.46795,7149
19.3025,53.46522,7215
19.29872,53.46189,7276
19.29473,53.45861,7357
19.29071,53.45551,7429
19.2869,53.45207,7495
19.28247,53.44877,7580
19.27864,53.44566,7645
19.27502,53.44282,7709
19.2704,53.43987,7783
19.26625,53.4371,7863
19.26204,53.43406,7931
19.25717,53.43074,8008
19.25296,53.42767,8082
19.24878,53.42507,8149
19.24503,53.42246,8224
19.24009,53.41947,8305
19.23556,53.41722,8382
19.23099,53.41489,8456
19.22643,53.41251,8526
19.22151,53.40996,8590
19.21608,53.40732,8663
19.21105,53.40478,8725
19.2054,53.40182,8800
19.20046,53.39934,8861
19.19545,53.39661,8923
19.19029,53.39399,8982
19.18447,53.39088,9053
19.17937,53.38827,9114
19.17394,53.38552,9180
19.16887,53.38301,9239
19.1637,53.38052,9300
19.15762,53.37764,9370
19.15222,53.3751,9431
19.14698,53.37259,9495
19.14159,53.37016,9551
19.13623,53.36787,9609
19.12998,53.3651,9681
19.12423,53.36265,9754
19.11885,53.3602,9819
19.11276,53.35744,9895
19.10736,53.355,9955
19.10192,53.35255,10014
19.0956,53.3498,10084
19.0902,53.34752,10142
19.0841,53.34493,10205
19.0774,53.34226,10276
19.07155,53.33996,10337
19.06548,53.33768,10393
19.05874,53.33497,10461
19.05282,53.33275,10520
19.0467,53.33048,10583
19.03989,53.32791,10657
19.03353,53.32565,10745
19.0279,53.32402,10821
19.02269,53.32186,10897
19.01775,53.31998,10961
19.01251,53.318,11035
19.00824,53.31595,11099
19.00408,53.31394,11166
18.99968,53.31144,11243
18.9957,53.30885,11312
18.992,53.30632,11368
18.98794,53.30321,11438
18.98415,53.30012,11501
18.98098,53.29693,11563
18.97772,53.29362,11626
18.97411,53.29026,11685
18.96997,53.28676,11760
18.96479,53.28322,11841
18.96078,53.28097,11922
18.95703,53.279,12009
18.95394,53.27735,12070
18.95156,53.27591,12138
18.94935,53.27413,12212
18.94766,53.27254,12273
18.94626,53.27059,12335
18.94413,53.26802,12411
18.94184,53.26595,12475
18.93929,53.26405,12540
18.93632,53.2623,12612
18.93383,53.26103,12675
18.93147,53.26001,12746
18.92901,53.25929,12818
18.92732,53.25862,12884
18.92528,53.25824,12960
18.9241,53.25786,13023
18.92285,53.25735,13091
18.92173,53.25648,13167
18.92041,53.25568,13228
18.91966,53.25507,13291
18.91923,53.25416,13368
18.91933,53.25343,13420
18.91957,53.25202,13503
18.91986,53.25077,13575
18.91998,53.24899,13646
18.92024,53.24715,13719
18.92011,53.2451,13785
18.91946,53.24298,13860
18.91851,53.24109,13926
18.91759,53.23953,13998
18.91586,53.23811,14074
18.91434,53.23703,14137
18.913,53.23617,14202
18.91153,53.23555,14278
18.91033,53.23534,14346
18.90928,53.23505,14408
18.9081,53.23483,14499
18.90769,53.23492,14569
18.90702,53.23498,14665
18.90665,53.23525,14733
18.90673,53.2354,14817
18.90718,53.23565,14884
18.90767,53.23567,14949
18.90875,53.23556,15022
18.90979,53.23537,15084
18.91159,53.23494,15160
18.91299,53.23439,15227
18.91471,53.2334,15300
18.91665,53.23232,15379
18.91865,53.23114,15439
18.9211,53.22965,15530
18.92267,53.2285,15595
18.92442,53.22744,15671
18.92553,53.22678,15738
18.92649,53.22648,15812
18.92782,53.22625,15897
18.92904,53.22617,15958
18.93054,53.22599,16018
18.93208,53.22563,16090
18.93341,53.22523,16155
18.93487,53.22456,16224
18.93671,53.2237,16301
18.9385,53.2229,16372
18.94054,53.22242,16437
18.94274,53.22195,16511
18.94522,53.22194,16574
18.94775,53.22183,16640
18.95048,53.22138,16714
18.95268,53.22109,16796
18.95505,53.22067,16875
18.95699,53.22021,16945
18.95858,53.2199,17013
18.96027,53.21936,17091
18.96181,53.21889,17161
18.96345,53.21834,17230
18.96591,53.21751,17307
18.96828,53.21678,17374
18.97062,53.21616,17450
18.97328,53.21533,17529
18.97534,53.21467,17611
18.97664,53.2139,17675
18.97816,53.21328,17755
18.97927,53.21241,17826
18.98014,53.21156,17907
18.98117,53.21104,17980
18.98254,53.21084,18070
18.98431,53.21065,18146
18.98602,53.21053,18218
18.98855,53.21031,18298
18.99062,53.21002,18372
18.99264,53.20957,18450
18.99494,53.20889,18548
18.99655,53.20828,18635
18.99878,53.2077,18714
19.00081,53.20735,18792
19.00339,53.20686,18872
19.00583,53.20603,18942
19.00814,53.20512,19012
19.01062,53.20427,19093
19.01281,53.20356,19170
19.01528,53.20295,19246
19.01761,53.20239,19316
19.02048,53.20187,19392
19.02367,53.20145,19483
19.02563,53.20101,19570
19.02811,53.20112,19645
19.0305,53.20114,19719
19.03309,53.20133,19795
19.03579,53.20172,19881
19.03793,53.20188,19955
19.0407,53.2022,20050
19.04274,53.20242,20133
19.04498,53.20235,20225
19.04751,53.20193,20316
19.04991,53.20142,20390
19.05255,53.20106,20458
19.0554,53.2006,20539
19.05774,53.20041,20612
19.06054,53.20052,20701
19.06307,53.20081,20776
19.06663,53.2011,20861
19.06981,53.2011,20931
19.07341,53.20108,21002
19.07707,53.20108,21075
19.08108,53.20088,21158
19.08438,53.20072,21233
19.08769,53.20039,21315
19.09035,53.20019,21400
19.0927,53.20006,21478
19.09535,53.2001,21565
19.09776,53.20054,21642
19.1009,53.20103,21723
19.10466,53.20159,21807
19.10842,53.20188,21883
19.11261,53.20219,21966
19.11642,53.20237,22038
19.12101,53.20209,22127
19.12554,53.20183,22200
19.12934,53.20182,22274
19.13337,53.20173,22355
19.13653,53.20167,22430
19.13925,53.20141,22506
19.14208,53.20128,22585
19.14538,53.20138,22678
19.14848,53.2014,22748
19.15245,53.20164,22841
19.15624,53.20164,22914
19.16007,53.20166,22989
19.16426,53.20165,23081
19.16808,53.2013,23168
19.17199,53.20086,23255
19.17519,53.20113,23337
19.17878,53.20137,23435
19.18235,53.20154,23519
19.18584,53.20142,23610
19.18946,53.20177,23708
19.19242,53.20251,23796
19.19512,53.20356,23883
19.19799,53.20487,23978
19.20118,53.20616,24074
19.20436,53.20725,24161
19.2078,53.20803,24249
19.21209,53.20862,24351
19.21603,53.20911,24434
19.21955,53.20938,24523
19.22338,53.20969,24617
19.22622,53.20991,24704
19.22901,53.21035,24802
19.23119,53.21088,24884
19.23334,53.21179,24966
19.23587,53.21256,25051
19.23907,53.21313,25147
19.24176,53.21371,25240
19.24437,53.21448,25327
19.24738,53.2156,25432
19.25042,53.21673,25515
19.2534,53.21797,25604
19.25604,53.21862,25684
19.25871,53.21927,25768
19.26148,53.22013,25862
19.26451,53.22128,25940
19.26786,53.2224,26029
19.27166,53.22358,26115
19.27576,53.22529,26205
19.27914,53.22696,26292
19.28298,53.22822,26374
19.28736,53.22956,26478
19.29092,53.23073,26560
19.29448,53.23159,26647
19.29828,53.23243,26732
19.302,53.23338,26835
19.30472,53.2343,26919
19.30816,53.23509,27001
19.31157,53.2362,27101
19.31438,53.23729,27192
19.31686,53.23846,27278
19.31991,53.2398,27371
19.32315,53.24071,27457
19.32743,53.24163,27564
19.33126,53.24224,27640
19.33483,53.24293,27721
19.33809,53.24347,27809
19.342,53.24391,27899
19.34548,53.24466,27984
19.34928,53.24551,28057
19.35297,53.24678,28149
19.35622,53.24797,28241
19.35972,53.2493,28328
19.36306,53.25059,28413
19.36653,53.25195,28517
19.36947,53.25287,28608
19.37272,53.25374,28697
19.37645,53.25431,28800
19.37907,53.25515,28891
19.3815,53.25574,28987
19.38437,53.25705,29077
19.38788,53.25832,29183
19.39167,53.25987,29274
19.39556,53.26123,29363
19.40004,53.26262,29461
19.40364,53.26341,29546
19.40796,53.26486,29641
19.41186,53.26648,29735
19.4154,53.26782,29825
19.41986,53.26967,29920
19.42368,53.27147,29998
19.42787,53.27287,30082
19.4319,53.27457,30169
19.43674,53.27694,30271
19.4411,53.27884,30359
19.44588,53.28091,30463
19.45141,53.28359,30561
19.45657,53.28604,30648
19.46081,53.28838,30737
19.46468,53.29098,30820
19.46881,53.29333,30920
19.47213,53.29533,31011
19.47459,53.29707,31099
19.47804,53.29871,31207
19.48058,53.29958,31295
19.48384,53.30024,31384
19.48745,53.30106,31472
19.49238,53.30229,31575
19.49581,53.30381,31655
19.50027,53.30569,31759
19.50371,53.30741,31849
19.50767,53.30929,31946
19.51119,53.31145,32048
19.51372,53.31363,32138
19.51661,53.31611,32232
19.51911,53.31855,32324
19.52167,53.32093,32413
19.52431,53.32387,32515
19.52647,53.3262,32604
19.52852,53.32863,32700
19.53065,53.33061,32790
19.53236,53.33266,32878
19.5347,53.33526,32980
19.53748,53.33738,33073
19.54002,53.33923,33165
19.54215,53.34096,33253
19.54392,53.34279,33341
19.54579,53.34497,33381
19.54812,53.34753,32466
19.55102,53.34967,31578
19.55438,53.35117,30788
19.55946,53.35366,30006
19.56382,53.35549,29312
19.56628,53.35653,28653
19.56935,53.35755,28018
19.57328,53.35927,27306
19.57689,53.36046,26637
19.58042,53.36141,26066
19.58375,53.36234,25526
19.5867,53.36344,25007
19.5899,53.36419,24472
19.59432,53.36495,23926
19.59771,53.36572,23469
19.60165,53.36571,22994
19.60592,53.36589,22502
19.60936,53.36563,22086
19.61358,53.36536,21686
19.61685,53.3651,21242
19.62081,53.36517,20885
19.62391,53.36542,20470
19.626,53.3653,20139
19.62936,53.36574,19726
19.63177,53.3656,19361
19.63398,53.36527,19027
19.63603,53.36458,18687
19.63783,53.36415,18373
19.63992,53.36374,18028
19.64097,53.36315,17730
19.64253,53.36224,17422
19.64467,53.3615,17116
19.64634,53.36089,16834
19.64898,53.3601,16522
19.65157,53.35952,16256
19.65327,53.35887,15960
19.65505,53.35803,15733
19.65632,53.3574,15484
19.65869,53.3561,15199
19.66075,53.35556,14939
19.66147,53.35543,14699
19.66137,53.35545,14428
19.66042,53.35522,14200
19.65914,53.35448,13983
19.65819,53.35302,13739
19.65817,53.35165,13536
19.65864,53.35006,13331
19.65795,53.34856,13076
19.65691,53.34736,12873
19.65466,53.34627,12690
19.65117,53.34465,12480
19.64896,53.34274,12303
19.64628,53.34103,12094
19.64245,53.33945,11904
19.63823,53.33661,11716
19.6341,53.33255,11493
19.63072,53.32954,11324
19.62604,53.32713,11169
19.6202,53.32443,10976
19.61429,53.32225,10804
19.60709,53.31957,10653
19.60047,53.31702,10483
19.59396,53.31409,10311
19.5866,53.3109,10122
19.58097,53.30824,9960
19.5756,53.30546,9805
19.5705,53.30259,9651
19.56439,53.29929,9489
19.55929,53.29644,9348
19.55433,53.29315,9205
19.54986,53.29011,9061
19.54436,53.28695,8908
19.53932,53.28365,8754
19.5345,53.28082,8627
19.53039,53.27786,8488
19.52533,53.27498,8354
19.52098,53.27212,8233
19.51653,53.26949,8109
19.51147,53.26615,7969
19.50698,53.26294,7839
19.50282,53.26014,7712
19.49822,53.25722,7585
19.49407,53.25436,7452
19.48995,53.25086,7323
19.48629,53.24795,7200
19.48275,53.24536,7083
19.47896,53.24291,6976
19.47473,53.24,6847
19.47089,53.23712,6720
19.46724,53.23475,6611
19.46329,53.23163,6490
19.45932,53.22918,6384
19.4555,53.22713,6277
19.45204,53.22499,6150
19.44782,53.2227,6007
19.44415,53.22076,5889
19.44062,53.21853,5774
19.43726,53.21627,5670
19.43411,53.21398,5569
19.43047,53.21204,5453
19.42762,53.20993,5342
19.42432,53.20811,5243
19.42118,53.20649,5135
19.41732,53.20448,5012
19.41403,53.20284,4908
19.41086,53.20126,4801
19.40722,53.19957,4686
19.40444,53.19812,4579
19.40138,53.1967,4464
19.39829,53.19532,4366
19.39496,53.19343,4247
19.39162,53.19158,4135
19.38856,53.18987,4028
19.38504,53.18805,3914
19.38206,53.18639,3819
19.37901,53.18532,3719
19.37605,53.1841,3612
19.37262,53.18266,3495
19.36954,53.18122,3395
19.36669,53.17967,3279
19.3638,53.17799,3163
19.36126,53.17668,3065
19.35821,53.17533,2967
19.35537,53.17411,2870
19.35249,53.17299,2774
19.34952,53.17199,2667
19.34674,53.17118,2568
19.34383,53.17026,2444
19.34191,53.16939,2343
19.34006,53.16858,2235
19.3382,53.16769,2109
19.33677,53.16693,1999
19.33534,53.16605,1889
19.33399,53.16519,1779
19.33239,53.16429,1657
19.33073,53.16353,1543
19.32906,53.16295,1434
19.32761,53.16255,1314
19.32647,53.16217,1212
19.32533,53.1617,1107
19.32419,53.16113,1001
19.32312,53.16038,881
19.32217,53.15989,779
19.32123,53.15946,676
19.32041,53.15901,588
19.31953,53.15844,491
19.31882,53.1579,397
19.31814,53.15738,295
19.3171,53.15615,88
19.31709,53.15615,91
19.31709,53.15615,90
19.31709,53.15615,91
19.31709,53.15615,91
19.31709,53.15614,91
19.31709,53.15614,91
            </coordinates>
          </LineString>
        </Placemark>
          </Folder>
          <Folder>
        <name>SR0FLY-12</name>

            <Placemark>
        <description><![CDATA[<b>Vehicle:</b> SR0FLY-12<br /><b>Time:</b> 2022-02-27 14:07:36<br /><b>Position:</b> 53.1641666667,19.3323333333<br /><b>Altitude:</b> 1656.2832 m<br /></br><b>Data</b></br><hr/><b>comment: </b>P82S10T13V283Misja stratosferyczna Ilawa 27 02 2022<br/>]]></description>
         <name>SR0FLY-12</name>
        <LookAt>
          <longitude>19.3323333333</longitude>
          <latitude>53.1641666667</latitude>
          <altitude>1656.2832</altitude>
          <altitudeMode>absolute</altitudeMode>
          <range>20000</range>
          <tilt>25</tilt>
          <heading>0</heading>
        </LookAt>
        <visibility>1</visibility>
        <styleUrl>#balloon6</styleUrl>
        <Point>
          <extrude>0</extrude>
          <altitudeMode>absolute</altitudeMode>
          <coordinates>19.3323333333,53.1641666667,1656.2832</coordinates>
        </Point>
        </Placemark>
            <Placemark>
          <name>Track Segment #1</name>
          <visibility>1</visibility>
          <Style>
            <LineStyle>
              <color>ffcaff0f</color>
              <width>4</width>
            </LineStyle>
            <PolyStyle>
              <color>7fffffff</color>
            </PolyStyle>
          </Style>
          <LineString>
           <extrude>1</extrude>
            <tessellate>1</tessellate>
            <altitudeMode>absolute</altitudeMode>
            <coordinates>
19.483,53.572,3108.96
19.4575,53.5608333333,3712.7688
19.4335,53.5485,4347.6672
19.4073333333,53.536,5008.4736
19.3828333333,53.5221666667,5657.3928
19.3535,53.5043333333,6292.2912
19.3215,53.4808333333,6856.1712
19.2906666667,53.4555,7427.0616
19.2571666667,53.4306666667,8005.8768
19.2215,53.4098333333,8587.74
19.1793333333,53.3881666667,9111.3864
19.1361666667,53.3678333333,9606.3816
19.0901666667,53.3475,10139.172
19.0398333333,53.3278333333,10653.9792
18.9996666667,53.3113333333,11240.1096
18.9698333333,53.2866666667,11756.7456
18.9461666667,53.2705,12331.5984
18.9271666667,53.2585,12880.5432
18.9193333333,53.2533333333,13416.3816
18.9175,53.2395,13994.2824
18.9076666667,53.2348333333,14565.1728
18.9115,53.2348333333,15155.8752
18.9255,53.2266666667,15733.776
18.9366666667,53.2236666667,16296.7416
18.955,53.2206666667,16870.68
18.9705,53.216,17445.5328
18.9825,53.2108333333,18065.1912
18.9986666667,53.2076666667,18708.9288
19.0175,53.2023333333,19310.9088
19.0378333333,53.2018333333,19949.7696
19.0576666667,53.2003333333,20606.6136
19.0843333333,53.2006666667,21227.4912
19.1083333333,53.2018333333,21877.3248
19.1391666667,53.2013333333,22500.0312
19.168,53.2011666667,23162.0568
19.195,53.2035,23876.8128
19.2233333333,53.2096666667,24610.4664
19.2443333333,53.2143333333,25320.3456
19.2678333333,53.2223333333,26022.3
19.2981666667,53.2323333333,26724.864
19.323,53.2406666667,27449.6784
19.3528333333,53.2466666667,28141.5744
19.379,53.255,28883.4576
19.4078333333,53.2648333333,29633.2656
19.441,53.2788333333,30351.0696
19.4745,53.297,31090.8192
19.5036666667,53.3073333333,31840.6272
19.5263333333,53.3261666667,32595.6168
19.5438333333,53.3426666667,33332.3184
19.5693333333,53.3575,28010.8152
19.5693333333,53.3575,28010.8152
19.5976666667,53.3656666667,23462.8944
19.626,53.3651666667,20133.564
19.6425,53.3621666667,17417.4912
19.6586666667,53.356,15194.8896
19.6585,53.35,13327.38
19.6381666667,53.3365,11712.8544
19.5938333333,53.314,10308.336
19.5498333333,53.29,9058.656
19.4788333333,53.2428333333,6974.1288
19.4788333333,53.2428333333,6974.1288
19.4476666667,53.2226666667,6005.1696
19.4211666667,53.2063333333,5133.4416
19.3948333333,53.1933333333,4245.864
19.3695,53.1811666667,3393.948
19.3466666667,53.1711666667,2567.3304
19.3323333333,53.1641666667,1656.2832
            </coordinates>
          </LineString>
        </Placemark>
          </Folder>
          <Folder>
        <name>SSI098-11</name>

            <Placemark>
        <description><![CDATA[<b>Vehicle:</b> SSI098-11<br /><b>Time:</b> 2022-02-27 19:10:42<br /><b>Position:</b> 36.7093333333,-121.375166667<br /><b>Altitude:</b> 5515.356 m<br /><b>Speed:</b> 35.188 km/h<br /></br><b>Data</b></br><hr/><b>comment: </b>045TxC  -4.10C  516.42hPa  6.04V 05S http://www.lightaprs.com<br/>]]></description>
         <name>SSI098-11</name>
        <LookAt>
          <longitude>-121.375166667</longitude>
          <latitude>36.7093333333</latitude>
          <altitude>5515.356</altitude>
          <altitudeMode>absolute</altitudeMode>
          <range>20000</range>
          <tilt>25</tilt>
          <heading>152</heading>
        </LookAt>
        <visibility>1</visibility>
        <styleUrl>#balloon0</styleUrl>
        <Point>
          <extrude>0</extrude>
          <altitudeMode>absolute</altitudeMode>
          <coordinates>-121.375166667,36.7093333333,5515.356</coordinates>
        </Point>
        </Placemark>
            <Placemark>
          <name>Track Segment #1</name>
          <visibility>1</visibility>
          <Style>
            <LineStyle>
              <color>ff0000ff</color>
              <width>4</width>
            </LineStyle>
            <PolyStyle>
              <color>7fffffff</color>
            </PolyStyle>
          </Style>
          <LineString>
           <extrude>1</extrude>
            <tessellate>1</tessellate>
            <altitudeMode>absolute</altitudeMode>
            <coordinates>
-121.451166667,36.8008333333,2242.7184
-121.452333333,36.796,2395.1184
-121.453833333,36.7923333333,2550.5664
-121.454833333,36.7886666667,2689.2504
-121.451833333,36.7801666667,2995.2696
-121.448333333,36.7763333333,3130.9056
-121.443,36.7721666667,3288.4872
-121.436833333,36.768,3448.812
-121.430666667,36.7633333333,3619.5
-121.423833333,36.7585,3797.808
-121.416833333,36.7541666667,3941.9784
-121.409666667,36.7501666667,4080.9672
-121.4035,36.747,4222.0896
-121.399166667,36.7438333333,4365.3456
-121.395166667,36.7401666667,4525.0608
-121.392833333,36.7363333333,4686.6048
-121.391,36.7325,4828.6416
-121.389,36.7285,4971.8976
-121.386333333,36.7241666667,5114.544
-121.383,36.7193333333,5240.1216
-121.375166667,36.7093333333,5515.356
            </coordinates>
          </LineString>
        </Placemark>
          </Folder>
          <Folder>
        <name>VE3KCL-28</name>

            <Placemark>
        <description><![CDATA[<b>Vehicle:</b> VE3KCL-28<br /><b>Time:</b> 2022-02-27 16:15:52<br /><b>Position:</b> 52.8135,-13.5423333333<br /><b>Altitude:</b> 11719.8648 m<br /></br><b>Data</b></br><hr/><b>comment: </b>IO32FT -7C 3.3V To:44 Up:-0.02m/s V:97Km/h Sun:24 WSPR PicoBalloon http://lu7aa.org/wspr.asp?other=ve3kcl&launch=20220205190000&SSID=28&banda=20m&balloonid=04&timeslot=0&tracker=qrplabs<br/>]]></description>
         <name>VE3KCL-28</name>
        <LookAt>
          <longitude>-13.5423333333</longitude>
          <latitude>52.8135</latitude>
          <altitude>11719.8648</altitude>
          <altitudeMode>absolute</altitudeMode>
          <range>20000</range>
          <tilt>25</tilt>
          <heading>0</heading>
        </LookAt>
        <visibility>1</visibility>
        <styleUrl>#balloon1</styleUrl>
        <Point>
          <extrude>0</extrude>
          <altitudeMode>absolute</altitudeMode>
          <coordinates>-13.5423333333,52.8135,11719.8648</coordinates>
        </Point>
        </Placemark>
            <Placemark>
          <name>Track Segment #1</name>
          <visibility>1</visibility>
          <Style>
            <LineStyle>
              <color>ffff0000</color>
              <width>4</width>
            </LineStyle>
            <PolyStyle>
              <color>7fffffff</color>
            </PolyStyle>
          </Style>
          <LineString>
           <extrude>1</extrude>
            <tessellate>1</tessellate>
            <altitudeMode>absolute</altitudeMode>
            <coordinates>
-106.7965,37.983,11739.9816
-106.542333333,38.051,11640.0072
-106.288166667,38.1358333333,11739.9816
-106.034,38.2205,11619.8904
-105.7965,38.3051666667,11700.0528
-105.457666667,38.3558333333,11760.0984
-105.2035,38.4406666667,11560.1496
-104.966,38.4746666667,11679.936
-104.711833333,38.5593333333,11679.936
-104.457666667,38.6441666667,11660.124
-104.2035,38.7288333333,11700.0528
-103.966,38.8135,11700.0528
-102.373,39.3558333333,11660.124
-102.118833333,39.4406666667,11679.936
-101.7965,39.5253333333,11679.936
-101.7965,39.5253333333,11679.936
-101.7965,39.5253333333,11679.936
-101.7965,39.5253333333,11679.936
-101.7965,39.5253333333,11679.936
-101.7965,39.5253333333,11679.936
-101.7965,39.5253333333,11679.936
-101.7965,39.5253333333,11679.936
-101.7965,39.5253333333,11679.936
-101.7965,39.5253333333,11679.936
-101.7965,39.5253333333,11679.936
-101.7965,39.5253333333,11679.936
-101.7965,39.5253333333,11679.936
-101.7965,39.5253333333,11679.936
-101.7965,39.5253333333,11679.936
-101.7965,39.5253333333,11679.936
-101.7965,39.5253333333,11679.936
-101.7965,39.5253333333,11679.936
-101.7965,39.5253333333,11679.936
-101.7965,39.5253333333,11679.936
-101.7965,39.5253333333,11679.936
-101.7965,39.5253333333,11679.936
-101.7965,39.5253333333,11679.936
-101.7965,39.5253333333,11679.936
-101.7965,39.5253333333,11679.936
-101.7965,39.5253333333,11679.936
-101.7965,39.5253333333,11679.936
-101.7965,39.5253333333,11679.936
-101.7965,39.5253333333,11679.936
-101.7965,39.5253333333,11679.936
-101.7965,39.5253333333,11679.936
-101.7965,39.5253333333,11679.936
-101.7965,39.5253333333,11679.936
-101.7965,39.5253333333,11679.936
-101.7965,39.5253333333,11679.936
-101.7965,39.5253333333,11679.936
-101.7965,39.5253333333,11679.936
-101.7965,39.5253333333,11679.936
-101.7965,39.5253333333,11679.936
-101.7965,39.5253333333,11679.936
-101.7965,39.5253333333,11679.936
-101.7965,39.5253333333,11679.936
-101.7965,39.5253333333,11679.936
-101.7965,39.5253333333,11679.936
-101.7965,39.5253333333,11679.936
-101.7965,39.5253333333,11679.936
-101.7965,39.5253333333,11679.936
-101.7965,39.5253333333,11679.936
-101.7965,39.5253333333,11679.936
-101.7965,39.5253333333,11679.936
-101.7965,39.5253333333,11679.936
-101.7965,39.5253333333,11679.936
-101.7965,39.5253333333,11679.936
-101.7965,39.5253333333,11679.936
-101.7965,39.5253333333,11679.936
-101.7965,39.5253333333,11679.936
-101.7965,39.5253333333,11679.936
-101.7965,39.5253333333,11679.936
-101.7965,39.5253333333,11679.936
-101.7965,39.5253333333,11679.936
-101.7965,39.5253333333,11679.936
-101.7965,39.5253333333,11679.936
-101.7965,39.5253333333,11679.936
-101.7965,39.5253333333,11679.936
-101.7965,39.5253333333,11679.936
-101.7965,39.5253333333,11679.936
-101.7965,39.5253333333,11679.936
-101.7965,39.5253333333,11679.936
-101.7965,39.5253333333,11679.936
-101.7965,39.5253333333,11679.936
-101.7965,39.5253333333,11679.936
-101.7965,39.5253333333,11679.936
-101.7965,39.5253333333,11679.936
-101.7965,39.5253333333,11679.936
-101.7965,39.5253333333,11679.936
-101.7965,39.5253333333,11679.936
-101.7965,39.5253333333,11679.936
-101.7965,39.5253333333,11679.936
-101.7965,39.5253333333,11679.936
-101.7965,39.5253333333,11679.936
-101.7965,39.5253333333,11679.936
-101.7965,39.5253333333,11679.936
-101.7965,39.5253333333,11679.936
-101.7965,39.5253333333,11679.936
-66.373,41.7288333333,11560.1496
-65.7965,41.6948333333,11540.0328
-65.373,41.6441666667,11540.0328
-65.034,41.6441666667,11540.0328
-65.034,41.6441666667,11540.0328
-65.034,41.6441666667,11540.0328
-65.034,41.6441666667,11540.0328
-63.373,41.5593333333,11560.1496
-63.034,41.5253333333,11579.9616
-62.7118333333,41.5253333333,11600.0784
-62.2881666667,41.5253333333,11619.8904
-61.7965,41.5253333333,11619.8904
-61.373,41.5253333333,11619.8904
-60.966,41.4746666667,11600.0784
-60.6271666667,41.4746666667,11600.0784
-60.2035,41.4746666667,11579.9616
-59.373,41.4746666667,11660.124
-58.966,41.4746666667,11600.0784
-58.966,41.4746666667,11600.0784
-58.966,41.4746666667,11600.0784
-58.1188333333,41.5253333333,11600.0784
-57.7118333333,41.5253333333,11579.9616
-56.034,41.61,11619.8904
-55.6271666667,41.61,11600.0784
-54.7965,41.6441666667,11600.0784
-54.373,41.6441666667,11600.0784
-53.966,41.6441666667,11600.0784
-53.5423333333,41.6948333333,11579.9616
-53.034,41.6948333333,11600.0784
-52.5423333333,41.6948333333,11560.1496
-52.1188333333,41.7288333333,11560.1496
-52.1188333333,41.7288333333,11560.1496
-52.1188333333,41.7288333333,11560.1496
-52.1188333333,41.7288333333,11560.1496
-52.1188333333,41.7288333333,11560.1496
-52.1188333333,41.7288333333,11560.1496
-52.1188333333,41.7288333333,11560.1496
-52.1188333333,41.7288333333,11560.1496
-52.1188333333,41.7288333333,11560.1496
-52.1188333333,41.7288333333,11560.1496
-52.1188333333,41.7288333333,11560.1496
-52.1188333333,41.7288333333,11560.1496
-52.1188333333,41.7288333333,11560.1496
-52.1188333333,41.7288333333,11560.1496
-52.1188333333,41.7288333333,11560.1496
-52.1188333333,41.7288333333,11560.1496
-52.1188333333,41.7288333333,11560.1496
-52.1188333333,41.7288333333,11560.1496
-52.1188333333,41.7288333333,11560.1496
-52.1188333333,41.7288333333,11560.1496
-52.1188333333,41.7288333333,11560.1496
-52.1188333333,41.7288333333,11560.1496
-52.1188333333,41.7288333333,11560.1496
-52.1188333333,41.7288333333,11560.1496
-52.1188333333,41.7288333333,11560.1496
-52.1188333333,41.7288333333,11560.1496
-52.1188333333,41.7288333333,11560.1496
-52.1188333333,41.7288333333,11560.1496
-52.1188333333,41.7288333333,11560.1496
-52.1188333333,41.7288333333,11560.1496
-52.1188333333,41.7288333333,11560.1496
-52.1188333333,41.7288333333,11560.1496
-52.1188333333,41.7288333333,11560.1496
-52.1188333333,41.7288333333,11560.1496
-52.1188333333,41.7288333333,11560.1496
-52.1188333333,41.7288333333,11560.1496
-52.1188333333,41.7288333333,11560.1496
-52.1188333333,41.7288333333,11560.1496
-52.1188333333,41.7288333333,11560.1496
-52.1188333333,41.7288333333,11560.1496
-52.1188333333,41.7288333333,11560.1496
-52.1188333333,41.7288333333,11560.1496
-52.1188333333,41.7288333333,11560.1496
-52.1188333333,41.7288333333,11560.1496
-52.1188333333,41.7288333333,11560.1496
-52.1188333333,41.7288333333,11560.1496
-52.1188333333,41.7288333333,11560.1496
-52.1188333333,41.7288333333,11560.1496
-52.1188333333,41.7288333333,11560.1496
-52.1188333333,41.7288333333,11560.1496
-52.1188333333,41.7288333333,11560.1496
-52.1188333333,41.7288333333,11560.1496
-52.1188333333,41.7288333333,11560.1496
-52.1188333333,41.7288333333,11560.1496
-52.1188333333,41.7288333333,11560.1496
-52.1188333333,41.7288333333,11560.1496
-52.1188333333,41.7288333333,11560.1496
-52.1188333333,41.7288333333,11560.1496
-52.1188333333,41.7288333333,11560.1496
-52.1188333333,41.7288333333,11560.1496
-52.1188333333,41.7288333333,11560.1496
-52.1188333333,41.7288333333,11560.1496
-52.1188333333,41.7288333333,11560.1496
-52.1188333333,41.7288333333,11560.1496
-52.1188333333,41.7288333333,11560.1496
-52.1188333333,41.7288333333,11560.1496
-52.1188333333,41.7288333333,11560.1496
-20.7965,47.7795,11560.1496
-20.7965,47.7795,11560.1496
-20.7965,47.7795,11560.1496
-19.966,48.3051666667,11739.9816
-19.966,48.3051666667,11739.9816
-19.966,48.3051666667,11739.9816
-19.4576666667,48.6948333333,11700.0528
-18.5423333333,49.39,11739.9816
-18.2881666667,49.5593333333,11760.0984
-18.034,49.7288333333,11739.9816
-17.7965,49.8641666667,11739.9816
-17.7965,49.8641666667,11739.9816
-17.7965,49.8641666667,11739.9816
-17.7965,49.8641666667,11739.9816
-17.7965,49.8641666667,11719.8648
-17.7965,49.8641666667,11739.9816
-17.7965,49.8641666667,11739.9816
-16.034,51.1016666667,11700.0528
-15.7965,51.2711666667,11760.0984
-15.5423333333,51.4406666667,11700.0528
-15.2881666667,51.61,11700.0528
-15.034,51.7795,11739.9816
-14.7965,51.949,11739.9816
-14.6271666667,52.051,11719.8648
-14.373,52.2205,11719.8648
-14.1188333333,52.39,11719.8648
-13.8813333333,52.61,11739.9816
-13.8813333333,52.61,11739.9816
-13.5423333333,52.8135,11719.8648
-13.5423333333,52.8135,11719.8648
-13.5423333333,52.8135,11719.8648
-13.5423333333,52.8135,11719.8648
-13.5423333333,52.8135,11719.8648
-13.5423333333,52.8135,11719.8648
-13.5423333333,52.8135,11719.8648
-13.5423333333,52.8135,11719.8648
            </coordinates>
          </LineString>
        </Placemark>
          </Folder>
          <Folder>
        <name>W3UAV-12</name>

            <Placemark>
        <description><![CDATA[<b>Vehicle:</b> W3UAV-12<br /><b>Time:</b> 2022-02-27 15:25:39<br /><b>Position:</b> 32.1025,25.0723333333<br /><b>Altitude:</b> 8948.3184 m<br /><b>Speed:</b> 114.824 km/h<br /></br><b>Data</b></br><hr/><b>comment: </b>337TxC -12.30C  320.62hPa  5.13V 11S http://k3ae.org  SPCG Shrewsbury PA<br/>]]></description>
         <name>W3UAV-12</name>
        <LookAt>
          <longitude>25.0723333333</longitude>
          <latitude>32.1025</latitude>
          <altitude>8948.3184</altitude>
          <altitudeMode>absolute</altitudeMode>
          <range>20000</range>
          <tilt>25</tilt>
          <heading>105</heading>
        </LookAt>
        <visibility>1</visibility>
        <styleUrl>#balloon2</styleUrl>
        <Point>
          <extrude>0</extrude>
          <altitudeMode>absolute</altitudeMode>
          <coordinates>25.0723333333,32.1025,8948.3184</coordinates>
        </Point>
        </Placemark>
            <Placemark>
          <name>Track Segment #1</name>
          <visibility>1</visibility>
          <Style>
            <LineStyle>
              <color>ff00ff00</color>
              <width>4</width>
            </LineStyle>
            <PolyStyle>
              <color>7fffffff</color>
            </PolyStyle>
          </Style>
          <LineString>
           <extrude>1</extrude>
            <tessellate>1</tessellate>
            <altitudeMode>absolute</altitudeMode>
            <coordinates>
-12.1341666667,31.2606666667,8931.5544
-12.007,31.3446666667,8890.4064
-11.671,31.6113333333,8891.016
-11.6578333333,31.623,8889.7968
-11.6446666667,31.6346666667,8955.3288
-10.332,33.1498333333,8962.0344
-10.3193333333,33.1641666667,8971.1784
-10.294,33.1926666667,8976.0552
-10.2165,33.2781666667,8966.9112
-10.1186666667,33.3856666667,8942.832
-10.0936666667,33.4136666667,8956.548
-10.0688333333,33.4421666667,8969.3496
-10.0561666667,33.4568333333,8962.3392
-10.0441666667,33.4708333333,8980.0176
-10.0316666667,33.485,8965.3872
-10.0193333333,33.4995,8967.5208
-10.004,33.5183333333,9183.0144
-9.99066666667,33.5333333333,8982.456
-9.97833333333,33.5478333333,8982.1512
-9.96616666667,33.5621666667,8979.408
-9.954,33.5765,8983.0656
-9.94166666667,33.5913333333,8989.1616
-9.91716666667,33.6206666667,8981.5416
-9.905,33.6351666667,8955.6336
-9.89316666667,33.6496666667,8959.596
-9.88066666667,33.6645,8951.0616
-9.86833333333,33.6795,8944.9656
-9.85616666667,33.694,8949.5376
-9.844,33.7085,8985.8088
-9.83166666667,33.7233333333,8965.0824
-9.80683333333,33.7528333333,8958.3768
-9.74333333333,33.8261666667,8959.9008
-9.69216666667,33.8855,8956.8528
-9.63916666667,33.9455,8942.832
-9.62616666667,33.9601666667,8947.404
-9.613,33.9746666667,8937.9552
-9.59983333333,33.9893333333,8923.02
-9.57316666667,34.0176666667,8938.8696
-9.55916666667,34.0326666667,8955.6336
-9.54516666667,34.0468333333,8956.8528
-9.53166666667,34.061,8956.8528
-9.51766666667,34.0751666667,8945.2704
-9.50366666667,34.0895,8960.2056
-9.48983333333,34.1036666667,8966.3016
-9.44816666667,34.146,8949.8424
-9.43416666667,34.16,8941.6128
-9.40583333333,34.1881666667,8950.1472
-9.3915,34.2018333333,9001.6584
-9.37733333333,34.2156666667,8981.5416
-9.36316666667,34.229,8950.7568
-9.34883333333,34.2431666667,8915.0952
-9.30483333333,34.285,9025.128
-9.2755,34.3126666667,8913.876
-9.26066666667,34.3263333333,8917.5336
-9.24583333333,34.3401666667,8952.8904
-9.23083333333,34.3536666667,8955.9384
-9.21583333333,34.3671666667,8951.976
-9.1695,34.4071666667,8935.212
-9.123,34.4466666667,8942.5272
-9.06116666667,34.498,8983.3704
-9.0455,34.5108333333,8939.784
-9.0295,34.5245,8947.0992
-9.01316666667,34.5386666667,8959.2912
-8.99783333333,34.5518333333,8983.0656
-8.98216666667,34.565,8972.0928
-8.95033333333,34.5916666667,8917.2288
-8.9345,34.6048333333,8956.548
-8.9185,34.6181666667,8967.216
-8.86816666667,34.6591666667,8962.3392
-8.85183333333,34.6721666667,8967.8256
-8.83533333333,34.6851666667,8958.9864
-8.60733333333,34.8551666667,8976.6648
-8.5905,34.8666666667,8986.7232
-8.57416666667,34.8778333333,8953.8048
-8.54016666667,34.9008333333,8943.4416
-8.519,34.9151666667,8940.0888
-8.5015,34.9266666667,8950.452
-8.46716666667,34.9495,8974.2264
-8.45016666667,34.9608333333,8987.6376
-8.43316666667,34.9723333333,8986.1136
-8.41616666667,34.9836666667,8985.8088
-8.36483333333,35.0181666667,8948.6232
-8.3315,35.0408333333,8965.9968
-8.31433333333,35.0523333333,8923.6296
-8.297,35.064,8953.8048
-8.27966666667,35.0755,8958.3768
-8.2625,35.0865,8938.8696
-8.24466666667,35.098,8939.4792
-8.227,35.1091666667,8925.1536
-8.2095,35.1201666667,8941.9176
-8.19166666667,35.1313333333,8949.5376
-8.1735,35.1425,8951.3664
-8.13816666667,35.1645,8962.644
-8.12066666667,35.1755,8937.3456
-8.10283333333,35.1863333333,8962.3392
-8.08466666667,35.1973333333,8958.9864
-8.06633333333,35.2083333333,8961.12
-8.04833333333,35.2191666667,8944.9656
-8.02983333333,35.2301666667,8959.9008
-8.01183333333,35.241,8961.7296
-7.99333333333,35.2521666667,8969.3496
-7.975,35.2633333333,8956.8528
-7.957,35.2741666667,8990.9904
-7.9385,35.2855,8978.4936
-7.902,35.3081666667,8960.2056
-7.88416666667,35.3193333333,8947.0992
-7.866,35.3303333333,8962.3392
-7.84716666667,35.3416666667,8965.3872
-7.8115,35.363,8976.0552
-7.79316666667,35.374,9013.8504
-7.77466666667,35.3853333333,8960.8152
-7.75616666667,35.3965,8955.9384
-7.738,35.4073333333,8973.312
-7.72,35.4183333333,8949.2328
-7.702,35.4293333333,8960.8152
-7.68383333333,35.4403333333,8971.788
-7.6655,35.4513333333,8984.8944
-7.64716666667,35.4621666667,8973.312
-7.6285,35.4731666667,8978.7984
-7.57333333333,35.5046666667,8974.5312
-7.53566666667,35.5261666667,9006.2304
-7.5165,35.5371666667,8966.9112
-7.49816666667,35.5475,8963.8632
-7.4795,35.558,8964.7776
-7.46066666667,35.5685,8964.168
-7.44216666667,35.5788333333,8971.1784
-7.42366666667,35.5893333333,8952.5856
-7.405,35.5998333333,8980.932
-7.38616666667,35.6105,8976.0552
-7.348,35.6321666667,9008.9736
-7.32983333333,35.6425,8981.2368
-7.311,35.6533333333,8985.8088
-7.29116666667,35.6643333333,8968.1304
-7.26116666667,35.6811666667,8961.7296
-7.12316666667,35.7581666667,8946.1848
-7.08566666667,35.7795,8969.9592
-7.03333333333,35.8083333333,8953.5
-7.01466666667,35.8186666667,8973.9216
-6.96083333333,35.8483333333,8952.2808
-6.94183333333,35.859,8942.832
-6.923,35.8695,8952.8904
-6.8855,35.8906666667,8951.6712
-6.86683333333,35.9011666667,8972.3976
-6.848,35.9118333333,8958.9864
-6.82933333333,35.9221666667,8965.0824
-6.81066666667,35.9325,8962.3392
-6.79183333333,35.9431666667,8988.552
-6.77283333333,35.9535,8976.0552
-6.73566666667,35.9738333333,8967.8256
-6.71666666667,35.9841666667,8954.1096
-6.69766666667,35.9945,8965.9968
-6.67933333333,36.0045,8968.74
-6.6605,36.0148333333,8972.3976
-6.64116666667,36.0255,8959.2912
-6.62233333333,36.0358333333,8962.0344
-6.60316666667,36.0463333333,8947.0992
-6.5845,36.0565,8935.8216
-6.56516666667,36.0671666667,8947.404
-6.54616666667,36.0778333333,8937.9552
-6.52733333333,36.0883333333,8935.212
-6.461,36.1263333333,8894.6736
-6.41966666667,36.1503333333,8916.6192
-6.38016666667,36.1726666667,8947.0992
-6.25716666667,36.2403333333,8933.0784
-6.19816666667,36.2721666667,8936.1264
-6.17883333333,36.2825,8948.6232
-6.15883333333,36.293,8985.8088
-6.13916666667,36.3035,8978.4936
-6.11966666667,36.3141666667,8962.644
-6.10033333333,36.325,8965.9968
-6.081,36.3358333333,8965.9968
-6.06183333333,36.3466666667,8965.9968
-6.04266666667,36.3576666667,8962.644
-6.024,36.3686666667,8958.3768
-5.98483333333,36.3915,8954.7192
-5.96583333333,36.4026666667,8942.2224
-5.94633333333,36.4138333333,8949.5376
-5.92766666667,36.4248333333,8957.1576
-5.90833333333,36.436,8960.5104
-5.85033333333,36.4693333333,8976.0552
-5.831,36.4805,8941.308
-5.81183333333,36.4916666667,8922.7152
-5.792,36.5028333333,8926.9824
-5.773,36.5131666667,8937.0408
-5.75333333333,36.5238333333,8930.3352
-5.734,36.5346666667,8930.3352
-5.7145,36.5456666667,8925.4584
-5.6755,36.5675,8952.5856
-5.656,36.5783333333,8963.8632
-5.63616666667,36.5891666667,8976.0552
-5.561,36.6296666667,8956.548
11.9103333333,36.4338333333,8878.5192
12.7311666667,36.1411666667,8845.296
12.8356666667,36.1048333333,8916.0096
13.0106666667,36.0448333333,8931.8592
13.0828333333,36.0213333333,8951.3664
13.1178333333,36.0101666667,8940.0888
13.226,35.9755,8889.7968
13.2618333333,35.9638333333,8897.112
13.2973333333,35.9523333333,8889.492
13.336,35.9398333333,8865.108
13.4436666667,35.9055,8879.7384
13.606,35.8531666667,8894.9784
13.6773333333,35.8305,8921.1912
13.9286666667,35.753,8901.3792
13.9643333333,35.742,8925.4584
14.0005,35.7306666667,8886.444
14.0356666667,35.72,8902.5984
14.0721666667,35.7091666667,8884.3104
14.1425,35.688,8896.1976
14.1775,35.6776666667,8907.4752
14.2851666667,35.6453333333,8885.5296
14.3221666667,35.6343333333,8863.584
14.3936666667,35.6128333333,8872.4232
14.429,35.6023333333,8873.6424
14.4638333333,35.5918333333,8872.1184
14.4993333333,35.5815,8907.4752
14.536,35.5708333333,8929.116
14.572,35.5603333333,8935.212
14.6086666667,35.5496666667,8968.74
14.6453333333,35.539,8919.6672
14.6798333333,35.5288333333,8919.6672
14.7151666667,35.5183333333,8919.6672
14.7506666667,35.5076666667,8928.2016
14.7856666667,35.4971666667,8935.8216
14.8213333333,35.4863333333,8933.688
14.8561666667,35.4758333333,8933.9928
14.9313333333,35.4528333333,8961.4248
14.9681666667,35.4416666667,8946.7944
15.0053333333,35.4305,8961.12
15.0416666667,35.4198333333,8939.1744
15.0785,35.409,8948.928
15.1148333333,35.3981666667,8954.7192
15.1865,35.3768333333,8949.2328
15.2248333333,35.3655,8940.0888
15.2623333333,35.3543333333,8944.356
15.3005,35.3431666667,8961.4248
15.3373333333,35.3325,8980.0176
15.3528333333,35.326,15562.1736
17.4385,34.6925,8925.1536
17.5428333333,34.6601666667,8905.3416
23.6653333333,32.4756666667,8952.5856
23.6901666667,32.4686666667,8985.504
24.1235,32.3448333333,9113.52
24.442,32.2583333333,8899.5504
24.5958333333,32.2173333333,8929.7256
24.619,32.2115,8957.7672
24.6428333333,32.2056666667,9016.5936
24.666,32.1998333333,8936.1264
24.6898333333,32.194,8941.308
24.8143333333,32.1635,8946.7944
24.8378333333,32.158,8933.688
24.861,32.1525,8924.8488
25.0723333333,32.1025,8948.3184
            </coordinates>
          </LineString>
        </Placemark>
          </Folder>
          <Folder>
        <name>W6SUN</name>

            <Placemark>
        <description><![CDATA[<b>Vehicle:</b> W6SUN<br /><b>Time:</b> 2022-02-26 18:39:33<br /><b>Position:</b> 32.53464,-116.1513<br /><b>Altitude:</b> 1113 m<br /><b>Speed:</b> 26 km/h<br /></br><b>Data</b></br><hr/><b>battery: </b>2.71<br/><b>satellites: </b>11<br/><b>temperature_internal: </b>4<br/>]]></description>
         <name>W6SUN</name>
        <LookAt>
          <longitude>-116.1513</longitude>
          <latitude>32.53464</latitude>
          <altitude>1113</altitude>
          <altitudeMode>absolute</altitudeMode>
          <range>20000</range>
          <tilt>25</tilt>
          <heading>0</heading>
        </LookAt>
        <visibility>1</visibility>
        <styleUrl>#balloon3</styleUrl>
        <Point>
          <extrude>0</extrude>
          <altitudeMode>absolute</altitudeMode>
          <coordinates>-116.1513,32.53464,1113</coordinates>
        </Point>
        </Placemark>
            <Placemark>
          <name>Track Segment #1</name>
          <visibility>1</visibility>
          <Style>
            <LineStyle>
              <color>ff00ffff</color>
              <width>4</width>
            </LineStyle>
            <PolyStyle>
              <color>7fffffff</color>
            </PolyStyle>
          </Style>
          <LineString>
           <extrude>1</extrude>
            <tessellate>1</tessellate>
            <altitudeMode>absolute</altitudeMode>
            <coordinates>
-117.12038,32.96639,185
-117.12038,32.96639,187
-117.12038,32.96639,188
-117.12038,32.96639,189
-117.12037,32.96639,189
-117.12037,32.96638,190
-117.12037,32.96639,190
-117.12037,32.96641,188
-117.12037,32.96641,189
-117.12037,32.96641,189
-117.12037,32.9664,190
-117.12037,32.9664,190
-117.12036,32.96641,189
-117.12036,32.96642,188
-117.12036,32.96643,187
-117.12036,32.96643,187
-117.12036,32.96643,187
-117.12036,32.96644,187
-117.12036,32.96643,188
-117.12036,32.96641,189
-117.12036,32.96641,190
-117.12036,32.9664,189
-117.12036,32.9664,190
-117.12036,32.96639,191
-117.12036,32.96639,191
-117.12036,32.96638,192
-117.12036,32.96638,192
-117.12036,32.96639,192
-117.12036,32.96639,192
-117.12036,32.9664,192
-117.12037,32.96641,193
-117.12037,32.96642,193
-117.12037,32.96642,194
-117.12037,32.96643,194
-117.12037,32.96643,193
-117.12037,32.96644,193
-117.12037,32.96644,194
-117.12037,32.96643,194
-117.12037,32.96642,194
-117.12038,32.96641,194
-117.1204,32.96642,192
-117.1204,32.96641,190
-117.12038,32.9664,189
-117.12038,32.9664,189
-117.12038,32.96641,190
-117.12037,32.96641,190
-117.12037,32.96642,187
-117.12038,32.96642,186
-117.12037,32.96641,185
-117.12037,32.9664,187
-117.12035,32.96639,189
-117.12036,32.9664,192
-117.12036,32.9664,193
-117.12035,32.9664,193
-117.12035,32.9664,193
-117.12035,32.9664,192
-117.12035,32.9664,192
-117.12035,32.9664,191
-117.12035,32.9664,189
-117.12036,32.9664,189
-117.12036,32.96639,189
-117.12036,32.96639,189
-117.12036,32.96639,190
-117.12036,32.96639,190
-117.12036,32.96639,190
-117.12036,32.96639,190
-117.12036,32.96639,190
-117.12036,32.96639,191
-117.12036,32.96639,191
-117.12036,32.96639,191
-117.12036,32.96639,191
-117.12036,32.96639,192
-117.12036,32.96639,191
-117.12036,32.96639,191
-117.12036,32.96639,191
-117.12037,32.9664,190
-117.12037,32.9664,190
-117.12038,32.9664,190
-117.12038,32.9664,191
-117.12038,32.9664,191
-117.12038,32.9664,191
-117.12038,32.96641,191
-117.1204,32.96641,191
-117.12038,32.96641,190
-117.12038,32.96641,190
-117.12041,32.96642,189
-117.12041,32.96642,188
-117.12041,32.96642,187
-117.12041,32.96642,187
-117.12041,32.96642,187
-117.12041,32.96642,187
-117.12041,32.96642,187
-117.12041,32.96642,187
-117.12041,32.96642,187
-117.12041,32.96642,187
-117.12041,32.96642,187
-117.12041,32.96642,186
-117.12041,32.96642,186
-117.12041,32.96642,186
-117.12041,32.96642,187
-117.12041,32.96642,187
-117.12041,32.96642,187
-117.1204,32.96642,188
-117.1204,32.96642,189
-117.1204,32.96642,189
-117.1204,32.96642,190
-117.1204,32.96642,190
-117.1204,32.96642,190
-117.1204,32.96642,189
-117.1204,32.96641,189
-117.1204,32.96641,189
-117.1204,32.96642,189
-117.1204,32.96642,189
-117.1204,32.96642,189
-117.1204,32.96641,189
-117.1204,32.96641,189
-117.1204,32.96641,189
-117.1204,32.96641,189
-117.1204,32.96641,189
-117.1204,32.96641,189
-117.1204,32.96641,189
-117.1204,32.96641,189
-117.1204,32.96641,190
-117.1204,32.96641,189
-117.1204,32.96641,189
-117.1204,32.96641,189
-117.12038,32.96641,189
-117.12038,32.96641,189
-117.12038,32.96641,189
-117.12038,32.96641,188
-117.12038,32.96641,188
-117.12038,32.96641,188
-117.12038,32.96641,188
-117.12038,32.96641,189
-117.12038,32.96641,189
-117.12038,32.96641,188
-117.12038,32.96641,188
-117.12038,32.96641,187
-117.12038,32.96641,187
-117.12038,32.96642,186
-117.12038,32.96642,186
-117.12038,32.96642,186
-117.12038,32.96642,186
-117.12038,32.96642,186
-117.12038,32.96642,186
-117.1204,32.96642,186
-117.1204,32.96642,186
-117.1204,32.96642,186
-117.1204,32.96642,186
-117.1204,32.96642,186
-117.1204,32.96642,186
-117.1204,32.96642,186
-117.1204,32.96642,186
-117.1204,32.96642,186
-117.1204,32.96642,186
-117.1204,32.96642,186
-117.1204,32.96643,186
-117.1204,32.96643,186
-117.1204,32.96643,186
-117.1204,32.96643,186
-117.1204,32.96642,186
-117.1204,32.96642,185
-117.1204,32.96642,185
-117.1204,32.96642,185
-117.1204,32.96642,185
-117.1204,32.96642,185
-117.12038,32.96642,185
-117.12038,32.96641,187
-117.12037,32.96641,188
-117.12037,32.9664,189
-117.12037,32.9664,189
-117.12036,32.96641,188
-117.12036,32.96641,187
-117.12033,32.9664,187
-117.12032,32.96638,187
-117.12031,32.96635,189
-117.12029,32.96633,189
-117.12031,32.9663,190
-117.12031,32.96629,190
-117.12032,32.96625,190
-117.12033,32.96622,190
-117.12033,32.96619,190
-117.12033,32.96618,191
-117.12033,32.96618,191
-117.12033,32.96618,191
-117.12033,32.96618,191
-117.12033,32.96618,191
-117.12033,32.96618,191
-117.12033,32.96618,191
-117.12032,32.96618,191
-117.12032,32.96618,191
-117.12032,32.96617,191
-117.12032,32.96617,192
-117.12032,32.96617,193
-117.12032,32.96617,194
-117.12032,32.96617,193
-117.12032,32.96617,192
-117.12031,32.96616,192
-117.12031,32.96617,192
-117.12031,32.96617,192
-117.12029,32.96617,192
-117.12029,32.96617,192
-117.12029,32.96617,193
-117.12031,32.96622,215
-117.12033,32.96609,230
-117.12044,32.96612,240
-117.12038,32.96621,258
-117.12046,32.96624,266
-117.12051,32.96619,285
-117.12051,32.96627,292
-117.12061,32.96623,314
-117.12063,32.96618,323
-117.12073,32.96624,343
-117.12068,32.96629,351
-117.12077,32.96629,373
-117.1209,32.96637,381
-117.12105,32.96647,393
-117.12109,32.96651,399
-117.12125,32.96658,411
-117.12137,32.96663,417
-117.12154,32.96668,428
-117.12157,32.96673,435
-117.12177,32.9668,447
-117.12178,32.96682,452
-117.12195,32.96687,463
-117.12197,32.9669,469
-117.12209,32.96696,481
-117.12216,32.96698,487
-117.12229,32.96703,498
-117.12237,32.96702,504
-117.1225,32.96708,515
-117.12255,32.96707,520
-117.12269,32.96712,533
-117.12276,32.9671,539
-117.12288,32.96712,552
-117.12295,32.96712,558
-117.12309,32.96714,570
-117.12316,32.96717,576
-117.12329,32.96719,589
-117.12331,32.9672,595
-117.12343,32.96722,607
-117.1235,32.96723,614
-117.12358,32.96727,626
-117.12366,32.96729,634
-117.12378,32.96734,650
-117.12386,32.96732,657
-117.12398,32.96737,670
-117.12403,32.9674,677
-117.12416,32.96745,689
-117.12425,32.96746,695
-117.12437,32.96752,707
-117.12447,32.96754,717
-117.1245,32.96758,723
-117.12462,32.96759,736
-117.12466,32.96761,742
-117.12476,32.96766,753
-117.12485,32.96767,760
-117.12495,32.96769,773
-117.12502,32.96771,779
-117.12516,32.96771,794
-117.12521,32.96772,801
-117.12535,32.96772,819
-117.12543,32.9677,831
-117.12563,32.96762,856
-117.12571,32.96762,862
-117.12585,32.9676,874
-117.1259,32.96762,881
-117.12603,32.96762,892
-117.12609,32.96761,898
-117.12622,32.96762,909
-117.12627,32.96764,916
-117.12639,32.96764,927
-117.12644,32.96764,933
-117.12654,32.96764,946
-117.12659,32.96763,952
-117.12671,32.96762,964
-117.12675,32.96763,970
-117.12688,32.9676,982
-117.12694,32.9676,987
-117.12704,32.9676,1000
-117.12709,32.96758,1006
-117.1272,32.96756,1018
-117.12726,32.96758,1024
-117.12735,32.96756,1036
-117.12743,32.96754,1041
-117.12753,32.96752,1053
-117.1276,32.96749,1059
-117.12772,32.96746,1071
-117.12775,32.96745,1077
-117.12791,32.96744,1088
-117.12798,32.96741,1094
-117.12813,32.96738,1106
-117.12817,32.9674,1112
-117.1283,32.96736,1124
-117.12836,32.96732,1130
-117.12851,32.96732,1142
-117.12859,32.96732,1148
-117.12873,32.9673,1159
-117.12881,32.96728,1166
-117.12894,32.96723,1178
-117.129,32.96723,1184
-117.12914,32.96719,1197
-117.12918,32.96719,1203
-117.12932,32.96715,1216
-117.12938,32.96717,1221
-117.12951,32.96714,1234
-117.12956,32.96712,1240
-117.12968,32.9671,1252
-117.12975,32.96709,1258
-117.12985,32.96705,1270
-117.12992,32.96705,1276
-117.13004,32.96703,1289
-117.13006,32.967,1295
-117.13017,32.96698,1307
-117.13024,32.96698,1313
-117.13033,32.96695,1325
-117.13037,32.96694,1332
-117.13047,32.96693,1344
-117.13051,32.96694,1351
-117.13064,32.96693,1363
-117.13068,32.96692,1369
-117.13077,32.96693,1381
-117.13083,32.96691,1387
-117.13094,32.96691,1399
-117.13097,32.9669,1405
-117.13107,32.96691,1418
-117.13113,32.96688,1424
-117.13123,32.96687,1436
-117.13126,32.96688,1443
-117.13136,32.96686,1456
-117.13142,32.96687,1462
-117.13149,32.96687,1475
-117.13155,32.96687,1481
-117.13164,32.96685,1493
-117.13168,32.96685,1500
-117.13175,32.96685,1513
-117.13179,32.96685,1520
-117.13189,32.96685,1533
-117.13193,32.96685,1540
-117.13204,32.96684,1555
-117.13207,32.96683,1562
-117.1322,32.96683,1577
-117.13226,32.9668,1584
-117.1324,32.96678,1599
-117.13245,32.9668,1606
-117.1326,32.96679,1622
-117.13264,32.96682,1629
-117.13277,32.96677,1645
-117.13285,32.96677,1654
-117.13302,32.96673,1669
-117.13306,32.96675,1676
-117.13323,32.96673,1689
-117.13332,32.96671,1696
-117.13345,32.96669,1709
-117.13354,32.96667,1716
-117.13367,32.96667,1730
-117.13375,32.96666,1738
-117.13385,32.96663,1752
-117.13398,32.96663,1759
-117.13409,32.96658,1773
-117.13413,32.96657,1781
-117.13423,32.96653,1797
-117.13432,32.96652,1804
-117.13455,32.96645,1833
-117.1347,32.96638,1850
-117.1347,32.96637,1857
-117.13489,32.96631,1874
-117.13493,32.96631,1881
-117.13504,32.96626,1895
-117.13508,32.96622,1906
-117.13515,32.96622,1914
-117.13525,32.96618,1928
-117.13523,32.96615,1935
-117.13532,32.96611,1949
-117.13538,32.96606,1957
-117.13541,32.966,1971
-117.13542,32.96602,1978
-117.13553,32.96595,1993
-117.13557,32.96595,2003
-117.13568,32.96581,2024
-117.13568,32.96581,2031
-117.13574,32.96569,2043
-117.13572,32.96566,2050
-117.13577,32.96557,2062
-117.13578,32.96551,2068
-117.13581,32.96541,2080
-117.13583,32.96535,2086
-117.13587,32.96526,2099
-117.13586,32.96521,2105
-117.13589,32.96511,2118
-117.13589,32.96508,2123
-117.13593,32.96498,2137
-117.13595,32.96496,2144
-117.13595,32.96487,2155
-117.13593,32.9648,2164
-117.13593,32.96476,2170
-117.13595,32.96466,2183
-117.13597,32.96462,2189
-117.136,32.9645,2201
-117.13596,32.96445,2207
-117.13596,32.96431,2219
-117.13596,32.96423,2225
-117.13593,32.96407,2237
-117.13591,32.96397,2243
-117.13589,32.96379,2255
-117.13586,32.96371,2261
-117.13586,32.96352,2273
-117.13587,32.96341,2279
-117.13586,32.96319,2291
-117.13587,32.96309,2297
-117.13587,32.96288,2309
-117.13583,32.96279,2315
-117.13583,32.96257,2328
-117.13582,32.96245,2334
-117.13583,32.9623,2342
-117.13583,32.96208,2354
-117.13581,32.96199,2360
-117.1358,32.96176,2372
-117.13581,32.96166,2377
-117.13581,32.96144,2389
-117.13578,32.9613,2394
-117.13581,32.96108,2405
-117.13581,32.96094,2410
-117.13583,32.96069,2422
-117.13586,32.96058,2428
-117.13587,32.96032,2440
-117.13589,32.96021,2446
-117.13589,32.95997,2457
-117.13589,32.95982,2463
-117.13593,32.95957,2474
-117.13595,32.95945,2481
-117.13593,32.95922,2492
-117.13593,32.95909,2498
-117.13589,32.95884,2509
-117.13587,32.95873,2515
-117.13585,32.95851,2526
-117.13585,32.95837,2532
-117.13581,32.95814,2544
-117.1358,32.95801,2551
-117.13578,32.95773,2565
-117.13577,32.95763,2572
-117.13573,32.95734,2585
-117.13568,32.95717,2591
-117.13563,32.95692,2603
-117.13559,32.95675,2609
-117.1355,32.95648,2622
-117.13548,32.95634,2628
-117.13538,32.95606,2640
-117.13528,32.95592,2647
-117.13517,32.95563,2659
-117.1351,32.95548,2665
-117.135,32.95519,2677
-117.13496,32.95503,2683
-117.13483,32.95475,2694
-117.13477,32.9546,2700
-117.13466,32.95431,2712
-117.13459,32.95416,2718
-117.13448,32.95385,2730
-117.13445,32.95372,2736
-117.13435,32.95342,2748
-117.1343,32.95328,2754
-117.13419,32.95299,2766
-117.13417,32.95283,2772
-117.13404,32.95224,2797
-117.13395,32.95193,2809
-117.13393,32.95177,2815
-117.13383,32.95147,2828
-117.13379,32.95131,2835
-117.13372,32.951,2847
-117.13366,32.95084,2853
-117.13359,32.95052,2866
-117.13357,32.95037,2872
-117.13348,32.95002,2883
-117.13342,32.94985,2889
-117.1334,32.9497,2895
-117.13323,32.94931,2910
-117.13319,32.94913,2915
-117.13311,32.94878,2928
-117.13303,32.94862,2934
-117.13293,32.94825,2945
-117.13289,32.94812,2951
-117.13277,32.94777,2963
-117.1327,32.94761,2969
-117.13257,32.94727,2981
-117.13251,32.9471,2987
-117.13239,32.94674,2998
-117.13229,32.94656,3004
-117.13213,32.94622,3016
-117.13208,32.94602,3022
-117.13194,32.94569,3034
-117.13183,32.94549,3040
-117.13168,32.94513,3052
-117.13157,32.94493,3059
-117.13142,32.94456,3071
-117.13134,32.94437,3077
-117.13116,32.94403,3090
-117.13106,32.94387,3096
-117.13088,32.94355,3109
-117.13081,32.94335,3114
-117.1306,32.94302,3126
-117.13053,32.94286,3133
-117.13036,32.94254,3145
-117.13024,32.94237,3151
-117.13004,32.94206,3163
-117.12996,32.9419,3169
-117.12975,32.9416,3181
-117.12965,32.94144,3187
-117.12945,32.94114,3200
-117.12933,32.94099,3205
-117.12913,32.94069,3217
-117.12904,32.94055,3224
-117.12882,32.94027,3236
-117.1287,32.94013,3242
-117.12847,32.93986,3255
-117.12835,32.93972,3261
-117.12811,32.93946,3273
-117.128,32.93929,3278
-117.12772,32.93896,3290
-117.12759,32.93882,3295
-117.12731,32.93849,3307
-117.1272,32.93835,3313
-117.1269,32.93804,3325
-117.12673,32.93788,3331
-117.12648,32.93758,3343
-117.12632,32.93744,3349
-117.12605,32.93714,3361
-117.12592,32.93698,3367
-117.12565,32.93669,3380
-117.12549,32.93655,3386
-117.12525,32.93626,3399
-117.12511,32.9361,3405
-117.12482,32.93579,3418
-117.12467,32.93563,3423
-117.12439,32.93531,3436
-117.12425,32.93515,3443
-117.12394,32.93481,3456
-117.12376,32.93467,3462
-117.12343,32.93432,3475
-117.12326,32.93415,3481
-117.12288,32.93381,3493
-117.12273,32.93363,3500
-117.12234,32.93328,3513
-117.12216,32.93314,3518
-117.12178,32.93283,3531
-117.12159,32.93266,3537
-117.12123,32.93235,3549
-117.12105,32.93219,3556
-117.12068,32.9319,3568
-117.12052,32.93177,3574
-117.12016,32.93145,3588
-117.11995,32.93129,3595
-117.11955,32.93098,3608
-117.11935,32.93084,3615
-117.11893,32.93053,3626
-117.11871,32.93035,3633
-117.1183,32.93003,3646
-117.11812,32.92987,3652
-117.1177,32.92955,3664
-117.11749,32.92937,3671
-117.11708,32.92904,3684
-117.11687,32.92886,3691
-117.1164,32.92852,3704
-117.11619,32.92837,3711
-117.11526,32.92776,3737
-117.11479,32.92743,3749
-117.11455,32.92726,3756
-117.1141,32.92691,3768
-117.11387,32.92675,3774
-117.11338,32.9264,3786
-117.11314,32.92622,3793
-117.11264,32.92587,3806
-117.11242,32.92569,3812
-117.11196,32.92535,3825
-117.11173,32.92516,3831
-117.11126,32.9248,3843
-117.11102,32.92461,3849
-117.11054,32.92422,3862
-117.11026,32.92403,3868
-117.10975,32.92367,3880
-117.1095,32.9235,3886
-117.109,32.92314,3899
-117.10875,32.92298,3905
-117.10825,32.92259,3917
-117.10801,32.9224,3923
-117.10747,32.92202,3935
-117.10725,32.92182,3942
-117.10674,32.92143,3954
-117.10648,32.92121,3960
-117.10597,32.92081,3973
-117.10574,32.92062,3979
-117.10526,32.92019,3992
-117.10499,32.91996,3999
-117.10448,32.91956,4011
-117.10419,32.91935,4018
-117.10368,32.91893,4030
-117.10345,32.91872,4036
-117.1029,32.91834,4049
-117.10262,32.91811,4055
-117.1021,32.91772,4068
-117.10184,32.91753,4074
-117.1013,32.91713,4087
-117.10106,32.91691,4094
-117.10053,32.91651,4106
-117.10023,32.91632,4113
-117.0997,32.91593,4125
-117.09946,32.91573,4132
-117.09889,32.91533,4144
-117.09865,32.91515,4151
-117.09811,32.91476,4164
-117.09783,32.91457,4170
-117.09729,32.91416,4182
-117.09702,32.91396,4188
-117.09651,32.91356,4201
-117.09624,32.91336,4208
-117.09573,32.91295,4220
-117.09549,32.91275,4226
-117.09498,32.91233,4239
-117.0947,32.91214,4245
-117.09422,32.91174,4258
-117.09394,32.91154,4265
-117.09347,32.91116,4278
-117.09324,32.91093,4284
-117.09272,32.91055,4298
-117.09251,32.91035,4305
-117.09203,32.90997,4318
-117.09177,32.90977,4325
-117.09135,32.90938,4338
-117.09113,32.90917,4344
-117.09065,32.90881,4357
-117.09045,32.90859,4364
-117.09001,32.90823,4378
-117.08978,32.90804,4384
-117.08937,32.90764,4399
-117.08918,32.90747,4406
-117.08875,32.90709,4420
-117.08858,32.90687,4426
-117.08817,32.90649,4439
-117.08796,32.90632,4445
-117.08756,32.90593,4458
-117.08736,32.90575,4465
-117.08694,32.90536,4478
-117.08676,32.90517,4485
-117.08633,32.90478,4498
-117.08612,32.90461,4505
-117.08569,32.90424,4518
-117.0855,32.90403,4524
-117.08509,32.90368,4538
-117.08488,32.90351,4545
-117.08446,32.90312,4558
-117.08427,32.90294,4564
-117.08384,32.90257,4577
-117.08363,32.90237,4584
-117.08323,32.90201,4596
-117.08301,32.90183,4602
-117.0826,32.90147,4615
-117.08239,32.90126,4621
-117.08201,32.9009,4633
-117.08178,32.90074,4640
-117.08138,32.90037,4653
-117.08106,32.90007,4663
-117.08086,32.89992,4669
-117.08046,32.89954,4682
-117.08014,32.89925,4691
-117.07954,32.8987,4710
-117.0791,32.89832,4722
-117.0789,32.89817,4728
-117.07849,32.89779,4740
-117.0783,32.89758,4747
-117.07785,32.89721,4760
-117.07766,32.89704,4766
-117.07723,32.89667,4778
-117.07702,32.89646,4785
-117.07658,32.89607,4798
-117.07638,32.89591,4804
-117.07594,32.89553,4815
-117.07572,32.89532,4822
-117.07524,32.89494,4833
-117.07504,32.89478,4839
-117.07458,32.89439,4852
-117.07438,32.8942,4858
-117.07392,32.89379,4870
-117.07368,32.89362,4876
-117.07322,32.89323,4889
-117.073,32.89299,4895
-117.07253,32.8926,4907
-117.0723,32.8924,4913
-117.07182,32.89201,4925
-117.07162,32.8918,4932
-117.07114,32.89138,4944
-117.0709,32.8912,4950
-117.0704,32.89081,4962
-117.07018,32.89061,4967
-117.06967,32.89021,4980
-117.0694,32.88996,4986
-117.06889,32.88955,4997
-117.06866,32.88935,5002
-117.06816,32.88892,5015
-117.06786,32.88871,5022
-117.06737,32.88829,5034
-117.06714,32.88808,5041
-117.06675,32.88775,5050
-117.06625,32.88733,5062
-117.06599,32.88709,5069
-117.06544,32.88667,5083
-117.0652,32.88641,5092
-117.06464,32.88594,5105
-117.06433,32.88573,5112
-117.0638,32.88527,5128
-117.0635,32.88499,5135
-117.06295,32.88452,5150
-117.06264,32.88424,5158
-117.062,32.88376,5173
-117.06172,32.88348,5179
-117.06106,32.88298,5192
-117.06071,32.88268,5199
-117.06004,32.88215,5213
-117.05972,32.88191,5219
-117.05898,32.88137,5230
-117.05864,32.8811,5236
-117.05829,32.88084,5242
-117.05738,32.88017,5257
-117.057,32.87989,5264
-117.05628,32.87936,5277
-117.05594,32.87911,5282
-117.05522,32.87856,5295
-117.05489,32.87831,5301
-117.05415,32.8778,5315
-117.05383,32.87752,5321
-117.05316,32.877,5334
-117.0528,32.87671,5341
-117.05212,32.87619,5353
-117.0518,32.87593,5359
-117.05115,32.87542,5373
-117.0508,32.87512,5379
-117.05018,32.8746,5391
-117.04984,32.87431,5398
-117.04922,32.87379,5411
-117.04891,32.87351,5417
-117.04829,32.87298,5429
-117.04799,32.8727,5435
-117.04736,32.87214,5448
-117.04704,32.87187,5454
-117.04637,32.87129,5467
-117.04604,32.871,5473
-117.04539,32.87043,5484
-117.04504,32.87013,5491
-117.04436,32.86955,5503
-117.04402,32.86927,5509
-117.0433,32.86867,5522
-117.04292,32.86839,5528
-117.04221,32.86779,5541
-117.04187,32.86748,5548
-117.04114,32.86689,5560
-117.04077,32.86655,5566
-117.04006,32.86595,5579
-117.03968,32.86564,5586
-117.03896,32.86502,5598
-117.03863,32.8647,5604
-117.03791,32.86408,5617
-117.03754,32.86376,5623
-117.03683,32.86312,5637
-117.03648,32.86282,5644
-117.03577,32.86216,5657
-117.03424,32.86083,5680
-117.03383,32.86047,5685
-117.03303,32.85983,5699
-117.03265,32.8595,5705
-117.03186,32.85883,5716
-117.03146,32.85846,5723
-117.03065,32.85778,5734
-117.03028,32.85748,5739
-117.0295,32.85678,5751
-117.02911,32.85644,5757
-117.02834,32.85576,5768
-117.02795,32.85545,5775
-117.02754,32.85509,5780
-117.02659,32.85426,5795
-117.02619,32.85393,5801
-117.02542,32.85326,5812
-117.02497,32.85293,5818
-117.02421,32.85224,5830
-117.02385,32.85193,5836
-117.02306,32.85127,5848
-117.02263,32.85093,5854
-117.02187,32.85027,5866
-117.02145,32.84993,5873
-117.02065,32.84927,5885
-117.02028,32.84894,5891
-117.01947,32.84827,5903
-117.0191,32.84798,5909
-117.01829,32.84733,5922
-117.01789,32.84701,5928
-117.01706,32.84637,5941
-117.01668,32.84604,5948
-117.01587,32.84539,5960
-117.01545,32.84504,5965
-117.01463,32.84442,5978
-117.01424,32.84412,5984
-117.01341,32.84347,5996
-117.01303,32.84314,6002
-117.0122,32.84253,6013
-117.01178,32.84222,6019
-117.01093,32.84158,6031
-117.01051,32.8413,6037
-117.00967,32.84068,6049
-117.00922,32.84034,6055
-117.00836,32.83969,6068
-117.00795,32.83941,6074
-117.00706,32.83876,6086
-117.00665,32.83841,6091
-117.00574,32.83775,6104
-117.00531,32.83744,6110
-117.00444,32.83681,6121
-117.00403,32.83648,6127
-117.00316,32.83584,6139
-117.00266,32.83549,6145
-117.00178,32.83483,6157
-117.00136,32.83449,6163
-117.00047,32.83383,6176
-117,32.83351,6183
-116.99913,32.83283,6195
-116.99866,32.83248,6201
-116.99777,32.83185,6213
-116.99735,32.83148,6219
-116.99644,32.83078,6231
-116.99599,32.83045,6237
-116.99512,32.82975,6251
-116.9947,32.82941,6257
-116.99379,32.82872,6269
-116.99337,32.82837,6275
-116.9925,32.82769,6287
-116.99205,32.82732,6294
-116.99117,32.82663,6306
-116.99071,32.82627,6312
-116.98985,32.82558,6324
-116.98942,32.82522,6331
-116.98854,32.82452,6343
-116.98811,32.82416,6350
-116.98723,32.82344,6362
-116.9868,32.82312,6368
-116.98595,32.82239,6381
-116.98551,32.82202,6388
-116.98465,32.82132,6401
-116.98423,32.82097,6407
-116.98338,32.82026,6420
-116.98296,32.81991,6426
-116.98215,32.81918,6439
-116.9817,32.81881,6445
-116.98089,32.81811,6460
-116.98044,32.81772,6467
-116.97958,32.81702,6480
-116.97919,32.81666,6486
-116.97834,32.81596,6498
-116.97788,32.81559,6505
-116.97705,32.81483,6518
-116.97665,32.81448,6525
-116.97579,32.81374,6539
-116.97535,32.81337,6546
-116.9745,32.81264,6559
-116.97408,32.81231,6565
-116.97325,32.81154,6578
-116.97277,32.8112,6584
-116.97194,32.81045,6597
-116.9702,32.80901,6624
-116.96978,32.80865,6631
-116.96892,32.8079,6645
-116.96844,32.80753,6653
-116.96758,32.80679,6666
-116.96714,32.80643,6673
-116.9665,32.80588,6683
-116.96562,32.80512,6697
-116.96517,32.80476,6704
-116.96429,32.80401,6717
-116.96385,32.80363,6724
-116.963,32.80288,6738
-116.96259,32.80251,6746
-116.96174,32.80175,6761
-116.9613,32.80134,6768
-116.96045,32.80058,6784
-116.96004,32.80022,6791
-116.95917,32.79946,6806
-116.95876,32.79906,6813
-116.95792,32.79829,6828
-116.95747,32.79793,6835
-116.95663,32.79715,6850
-116.95618,32.79678,6857
-116.95534,32.796,6872
-116.95492,32.7956,6880
-116.95406,32.79483,6894
-116.95363,32.79445,6901
-116.95276,32.79368,6916
-116.95231,32.79329,6924
-116.95145,32.79249,6939
-116.95103,32.79211,6947
-116.95012,32.79132,6962
-116.94966,32.79092,6970
-116.94876,32.7901,6987
-116.94833,32.78971,6995
-116.94742,32.78889,7012
-116.94693,32.78845,7020
-116.94598,32.78762,7034
-116.94553,32.78722,7042
-116.94457,32.78639,7058
-116.94408,32.78595,7066
-116.94309,32.78511,7081
-116.94259,32.7847,7089
-116.94153,32.78386,7106
-116.94106,32.78347,7115
-116.93999,32.78266,7130
-116.93947,32.78225,7138
-116.93894,32.78184,7146
-116.9376,32.78084,7167
-116.93707,32.78045,7175
-116.93597,32.77964,7191
-116.93542,32.77926,7200
-116.93488,32.77883,7207
-116.93354,32.77786,7227
-116.93297,32.77748,7235
-116.93185,32.77668,7252
-116.9313,32.77628,7260
-116.93021,32.77551,7275
-116.92968,32.77509,7283
-116.92859,32.77431,7299
-116.92801,32.77396,7307
-116.92693,32.77317,7322
-116.9264,32.77276,7331
-116.92531,32.77199,7346
-116.92477,32.77163,7354
-116.92366,32.77086,7371
-116.92313,32.77048,7379
-116.92204,32.76974,7395
-116.92151,32.76935,7403
-116.92039,32.76859,7419
-116.91986,32.76822,7427
-116.91876,32.76749,7443
-116.91822,32.7671,7451
-116.91713,32.76637,7467
-116.9166,32.766,7475
-116.91578,32.76547,7488
-116.91467,32.76473,7504
-116.91411,32.76438,7512
-116.91305,32.76367,7528
-116.91248,32.76331,7535
-116.91164,32.76276,7547
-116.91054,32.76204,7563
-116.90999,32.76169,7571
-116.90887,32.76098,7587
-116.90834,32.76064,7595
-116.90725,32.75992,7611
-116.90666,32.75957,7619
-116.90555,32.75886,7634
-116.90504,32.75854,7643
-116.90392,32.75784,7660
-116.90336,32.75749,7668
-116.90228,32.7568,7683
-116.90171,32.75643,7690
-116.9006,32.75575,7705
-116.90009,32.75538,7712
-116.89898,32.75468,7727
-116.89839,32.75438,7734
-116.89731,32.75367,7749
-116.89673,32.75332,7756
-116.89561,32.75265,7772
-116.89336,32.75126,7802
-116.89285,32.7509,7810
-116.89174,32.75026,7824
-116.89115,32.74992,7832
-116.89002,32.74925,7847
-116.88949,32.74891,7855
-116.88834,32.74823,7870
-116.88776,32.7479,7877
-116.88662,32.74725,7892
-116.88612,32.74691,7900
-116.88499,32.74626,7915
-116.88445,32.74593,7922
-116.88334,32.74527,7937
-116.88279,32.74495,7944
-116.88168,32.74429,7958
-116.88116,32.74395,7965
-116.88058,32.74361,7972
-116.87946,32.74296,7987
-116.87833,32.74232,8002
-116.87782,32.742,8009
-116.87672,32.74139,8024
-116.87614,32.74108,8032
-116.87506,32.74046,8048
-116.87453,32.74014,8055
-116.87344,32.73952,8070
-116.87289,32.73923,8077
-116.87186,32.73859,8092
-116.87127,32.7383,8099
-116.87019,32.73767,8114
-116.86967,32.73735,8122
-116.86862,32.73673,8138
-116.86804,32.73642,8145
-116.86698,32.7358,8160
-116.86649,32.7355,8169
-116.86539,32.73486,8186
-116.86485,32.73457,8195
-116.86383,32.73389,8212
-116.86335,32.73358,8219
-116.86236,32.73293,8233
-116.86188,32.7326,8240
-116.86088,32.73199,8256
-116.86037,32.73161,8264
-116.85943,32.73097,8277
-116.85895,32.73067,8284
-116.85799,32.73001,8298
-116.8575,32.72964,8305
-116.85652,32.72898,8320
-116.85606,32.72864,8327
-116.85508,32.72795,8342
-116.85461,32.72762,8348
-116.85365,32.7269,8364
-116.85315,32.72656,8371
-116.85242,32.72601,8383
-116.85149,32.72528,8399
-116.85097,32.72493,8406
-116.85001,32.72419,8420
-116.84959,32.72386,8428
-116.8486,32.72309,8443
-116.84811,32.72272,8450
-116.84717,32.72197,8464
-116.84666,32.72157,8471
-116.84568,32.72079,8487
-116.84525,32.72039,8495
-116.84428,32.71959,8512
-116.84373,32.71916,8523
-116.84278,32.71829,8542
-116.84232,32.71793,8549
-116.84135,32.71705,8564
-116.84087,32.71666,8572
-116.83994,32.71579,8589
-116.83945,32.71536,8597
-116.83846,32.71453,8614
-116.83804,32.71409,8621
-116.8371,32.71323,8638
-116.83659,32.71276,8647
-116.83595,32.71208,8660
-116.83499,32.71119,8677
-116.8345,32.71073,8686
-116.83355,32.70982,8701
-116.83309,32.70935,8709
-116.83214,32.70847,8725
-116.83163,32.70797,8733
-116.83067,32.70708,8750
-116.83023,32.7066,8757
-116.82925,32.7057,8773
-116.82875,32.70519,8781
-116.82779,32.70428,8797
-116.82732,32.70378,8805
-116.82632,32.70288,8822
-116.82594,32.7024,8830
-116.82499,32.70147,8847
-116.82449,32.70097,8856
-116.82352,32.69997,8875
-116.82278,32.69921,8889
-116.82235,32.69872,8898
-116.82137,32.69776,8914
-116.82093,32.69725,8922
-116.82001,32.69627,8939
-116.81948,32.69578,8950
-116.81851,32.69474,8971
-116.81704,32.69323,8995
-116.81608,32.69218,9009
-116.81561,32.69166,9016
-116.81461,32.69063,9032
-116.81417,32.69012,9040
-116.81319,32.68904,9055
-116.81268,32.68851,9062
-116.81171,32.68747,9077
-116.81126,32.68694,9085
-116.81029,32.68593,9100
-116.80979,32.68537,9108
-116.80907,32.68459,9119
-116.80811,32.68354,9133
-116.80759,32.68299,9141
-116.80662,32.68195,9156
-116.80616,32.68144,9164
-116.80518,32.68038,9178
-116.80469,32.67984,9185
-116.8037,32.67877,9199
-116.80322,32.67829,9206
-116.80224,32.67722,9219
-116.80177,32.67668,9226
-116.80077,32.67562,9239
-116.80029,32.67508,9246
-116.79929,32.67399,9261
-116.79886,32.6735,9268
-116.79789,32.67241,9280
-116.79734,32.67189,9288
-116.7964,32.6708,9303
-116.79593,32.67027,9309
-116.79494,32.6692,9322
-116.79449,32.66868,9329
-116.79353,32.6676,9343
-116.793,32.66708,9350
-116.79205,32.66599,9364
-116.79159,32.66547,9371
-116.79062,32.66438,9384
-116.79015,32.66385,9391
-116.78921,32.66277,9404
-116.78873,32.66227,9410
-116.78777,32.66119,9423
-116.78733,32.66067,9430
-116.78638,32.65961,9444
-116.78588,32.65905,9451
-116.78492,32.658,9464
-116.7845,32.65749,9469
-116.78355,32.65641,9483
-116.78307,32.65586,9491
-116.78214,32.65478,9505
-116.78167,32.65427,9511
-116.78069,32.65319,9524
-116.78027,32.65269,9531
-116.77931,32.65161,9544
-116.77883,32.65107,9551
-116.77789,32.65,9564
-116.77744,32.64947,9571
-116.77653,32.64841,9584
-116.77604,32.64788,9590
-116.77513,32.64681,9603
-116.7744,32.64602,9614
-116.77394,32.64551,9621
-116.773,32.64444,9634
-116.77256,32.64391,9640
-116.77161,32.64285,9653
-116.77117,32.64229,9660
-116.77024,32.64123,9674
-116.76975,32.64072,9682
-116.76882,32.63964,9696
-116.76839,32.6391,9702
-116.76746,32.63803,9717
-116.76698,32.63752,9723
-116.76609,32.63644,9737
-116.76561,32.63592,9743
-116.76469,32.63487,9759
-116.76425,32.63432,9765
-116.76334,32.63327,9779
-116.76282,32.63276,9786
-116.76191,32.63169,9800
-116.76142,32.63118,9807
-116.76048,32.63014,9822
-116.76005,32.62959,9829
-116.75909,32.62854,9844
-116.75862,32.62805,9851
-116.7577,32.62702,9863
-116.75723,32.62653,9871
-116.75626,32.62551,9886
-116.75581,32.62498,9893
-116.75487,32.62395,9906
-116.75434,32.62347,9914
-116.75341,32.62245,9928
-116.75298,32.62194,9935
-116.75205,32.62094,9947
-116.75156,32.62042,9954
-116.75064,32.61942,9968
-116.75018,32.61891,9975
-116.74926,32.61789,9988
-116.74879,32.61739,9995
-116.74788,32.61638,10009
-116.74737,32.61589,10015
-116.74646,32.61489,10031
-116.74464,32.61283,10058
-116.74418,32.61234,10064
-116.74323,32.61131,10078
-116.74259,32.61058,10087
-116.7421,32.61007,10094
-116.74121,32.60909,10109
-116.74078,32.60859,10116
-116.73987,32.6076,10130
-116.73936,32.60715,10137
-116.73843,32.60621,10151
-116.73797,32.60569,10158
-116.73704,32.60477,10170
-116.73659,32.60429,10177
-116.73566,32.60336,10193
-116.73522,32.60296,10199
-116.73428,32.60205,10212
-116.73379,32.60159,10220
-116.73286,32.60068,10234
-116.73241,32.60026,10242
-116.73145,32.59934,10258
-116.73096,32.59887,10265
-116.73001,32.59797,10280
-116.72954,32.59755,10288
-116.72863,32.59664,10302
-116.7281,32.59617,10309
-116.7272,32.59528,10323
-116.72671,32.59479,10330
-116.72577,32.59392,10345
-116.72533,32.59349,10352
-116.72442,32.59258,10367
-116.72387,32.59212,10376
-116.72293,32.59124,10393
-116.72243,32.59079,10400
-116.72144,32.58995,10417
-116.721,32.58952,10424
-116.72004,32.58868,10439
-116.71954,32.5882,10447
-116.71855,32.58737,10461
-116.71812,32.58694,10468
-116.71712,32.58609,10483
-116.71662,32.58564,10490
-116.71564,32.58481,10505
-116.71511,32.58435,10514
-116.71413,32.58346,10529
-116.7137,32.58308,10536
-116.71288,32.58243,10549
-116.7119,32.58153,10561
-116.7114,32.58117,10569
-116.71039,32.58029,10585
-116.7099,32.57983,10595
-116.70889,32.57903,10612
-116.7084,32.57861,10620
-116.70738,32.57775,10637
-116.70692,32.57741,10647
-116.7058,32.57656,10662
-116.70533,32.57618,10670
-116.70432,32.57543,10686
-116.70377,32.57504,10695
-116.70281,32.57429,10711
-116.7021,32.57377,10722
-116.70159,32.57339,10732
-116.70066,32.57268,10751
-116.70016,32.57239,10761
-116.69928,32.57169,10776
-116.69876,32.57131,10787
-116.69788,32.57076,10808
-116.6974,32.57039,10817
-116.6965,32.56977,10832
-116.69598,32.56942,10840
-116.69507,32.56878,10855
-116.69463,32.56849,10863
-116.69371,32.56786,10884
-116.6932,32.56756,10893
-116.69231,32.56699,10909
-116.69184,32.56673,10918
-116.69096,32.56614,10933
-116.69048,32.56587,10942
-116.68956,32.56533,10960
-116.68911,32.56501,10968
-116.68823,32.56449,10987
-116.68772,32.56423,10996
-116.68685,32.56375,11011
-116.68636,32.5635,11020
-116.68542,32.563,11038
-116.68502,32.56271,11046
-116.68407,32.56222,11061
-116.68356,32.56196,11070
-116.68264,32.56145,11088
-116.68211,32.56123,11096
-116.68117,32.56074,11112
-116.6807,32.56049,11120
-116.67974,32.56001,11137
-116.67922,32.5598,11145
-116.67823,32.55934,11159
-116.67777,32.55909,11166
-116.67676,32.55865,11183
-116.6763,32.55841,11193
-116.6753,32.55797,11209
-116.67477,32.55777,11217
-116.67379,32.55732,11234
-116.67186,32.55641,11268
-116.67136,32.55622,11275
-116.67043,32.55575,11290
-116.66998,32.55552,11298
-116.66903,32.55509,11313
-116.66859,32.55481,11321
-116.66767,32.55436,11335
-116.6672,32.55418,11342
-116.66628,32.5537,11356
-116.66582,32.5535,11365
-116.66487,32.55304,11380
-116.66442,32.55275,11387
-116.66346,32.55232,11402
-116.66298,32.5521,11409
-116.66202,32.55162,11426
-116.66149,32.55145,11435
-116.66053,32.55105,11450
-116.66003,32.55079,11457
-116.65952,32.55064,11464
-116.65824,32.55017,11486
-116.65777,32.55,11494
-116.65666,32.54966,11508
-116.65618,32.54946,11517
-116.65511,32.54913,11531
-116.65424,32.5489,11540
-116.65375,32.54868,11548
-116.65265,32.54834,11564
-116.6521,32.54817,11572
-116.65101,32.5478,11583
-116.65043,32.54763,11589
-116.64933,32.54727,11604
-116.64883,32.54705,11611
-116.64773,32.54672,11623
-116.64717,32.54659,11629
-116.64608,32.54626,11643
-116.64548,32.54614,11651
-116.64439,32.54588,11665
-116.64388,32.54571,11673
-116.64274,32.54551,11688
-116.64217,32.54537,11694
-116.6411,32.54514,11709
-116.64049,32.54507,11717
-116.63947,32.54488,11730
-116.63871,32.54474,11739
-116.63794,32.54465,11749
-116.63741,32.54459,11757
-116.63635,32.54448,11772
-116.63579,32.54446,11779
-116.63474,32.54436,11793
-116.63425,32.54428,11800
-116.63318,32.54417,11815
-116.63263,32.5441,11822
-116.63158,32.54396,11837
-116.63099,32.54394,11842
-116.62994,32.54382,11856
-116.62938,32.54372,11865
-116.62831,32.54365,11880
-116.62776,32.54352,11887
-116.62665,32.54342,11902
-116.62608,32.5434,11910
-116.62495,32.54326,11925
-116.62438,32.54323,11933
-116.62326,32.54315,11949
-116.6227,32.54305,11957
-116.6216,32.54298,11973
-116.62104,32.54294,11981
-116.61996,32.54283,11997
-116.61941,32.54287,12004
-116.61828,32.5428,12019
-116.61777,32.54279,12026
-116.61668,32.54279,12042
-116.61614,32.54272,12049
-116.61505,32.54269,12065
-116.61452,32.54269,12073
-116.61345,32.54264,12088
-116.61293,32.54269,12096
-116.61184,32.54265,12110
-116.61123,32.54265,12118
-116.61012,32.54264,12133
-116.60955,32.54266,12141
-116.60836,32.54271,12162
-116.60789,32.54278,12175
-116.60667,32.54289,12197
-116.60608,32.54295,12208
-116.60491,32.54307,12228
-116.60423,32.54313,12237
-116.60302,32.54336,12258
-116.60241,32.54347,12269
-116.60115,32.54362,12291
-116.60051,32.5437,12303
-116.59926,32.54392,12329
-116.59858,32.54393,12338
-116.59729,32.54412,12354
-116.59663,32.54419,12363
-116.59526,32.54435,12380
-116.59459,32.54445,12389
-116.5932,32.54459,12409
-116.59245,32.54461,12417
-116.59104,32.54475,12434
-116.59034,32.54479,12442
-116.58748,32.54501,12478
-116.58606,32.5451,12496
-116.5854,32.54512,12505
-116.58398,32.54519,12522
-116.58331,32.54522,12531
-116.58192,32.54525,12548
-116.58115,32.54525,12556
-116.57977,32.54528,12572
-116.57899,32.54532,12581
-116.57759,32.54537,12598
-116.57686,32.54533,12606
-116.57541,32.54538,12623
-116.57472,32.54539,12631
-116.57322,32.54539,12647
-116.57252,32.54546,12656
-116.57106,32.54543,12671
-116.57033,32.54542,12679
-116.56883,32.54541,12694
-116.56809,32.54538,12701
-116.56664,32.54534,12717
-116.56593,32.54537,12725
-116.56451,32.54531,12741
-116.56377,32.54526,12749
-116.56239,32.54522,12765
-116.56168,32.54512,12773
-116.56028,32.54505,12787
-116.55958,32.54502,12794
-116.55814,32.5449,12809
-116.55743,32.54489,12817
-116.55603,32.54475,12832
-116.55531,32.54468,12839
-116.55408,32.54464,12856
-116.55342,32.54458,12863
-116.55215,32.5445,12879
-116.55144,32.54446,12888
-116.55026,32.54437,12903
-116.54961,32.5444,12912
-116.5484,32.54435,12926
-116.54787,32.5443,12933
-116.5466,32.54425,12947
-116.54607,32.54419,12955
-116.54487,32.54414,12968
-116.54391,32.54409,12981
-116.54343,32.54406,12988
-116.54227,32.54402,13003
-116.54173,32.54399,13009
-116.5407,32.54394,13026
-116.54008,32.54396,13033
-116.53906,32.54396,13047
-116.53857,32.54393,13055
-116.53756,32.54399,13075
-116.53706,32.54396,13082
-116.5361,32.544,13099
-116.53553,32.54404,13107
-116.53457,32.54404,13124
-116.53406,32.54412,13134
-116.5331,32.5442,13153
-116.53261,32.54421,13162
-116.53166,32.54435,13176
-116.53117,32.54436,13186
-116.53023,32.5445,13201
-116.52975,32.54463,13209
-116.52878,32.54475,13227
-116.52836,32.54484,13234
-116.52734,32.54504,13251
-116.52695,32.54507,13259
-116.52598,32.5453,13275
-116.52547,32.54543,13282
-116.52456,32.54563,13297
-116.52403,32.54581,13305
-116.52312,32.54607,13321
-116.52262,32.54618,13328
-116.52169,32.54649,13343
-116.52124,32.54664,13350
-116.52033,32.54692,13369
-116.51982,32.54715,13376
-116.51891,32.54743,13392
-116.5184,32.54762,13399
-116.51744,32.54801,13417
-116.51697,32.54812,13426
-116.51597,32.54848,13442
-116.51519,32.54878,13456
-116.51476,32.54892,13466
-116.51374,32.54933,13484
-116.513,32.54958,13496
-116.51249,32.54979,13503
-116.51147,32.55018,13522
-116.51096,32.55032,13531
-116.50993,32.55071,13546
-116.5094,32.55093,13555
-116.50836,32.55127,13572
-116.50781,32.55155,13581
-116.50677,32.5519,13597
-116.5062,32.55206,13604
-116.50513,32.55247,13622
-116.50462,32.55259,13631
-116.5035,32.55295,13647
-116.50299,32.55317,13655
-116.5019,32.55348,13671
-116.5013,32.55374,13680
-116.49915,32.55438,13710
-116.49803,32.55467,13727
-116.49744,32.55489,13732
-116.49631,32.5552,13747
-116.49573,32.55534,13755
-116.49457,32.55569,13773
-116.49406,32.55579,13783
-116.49287,32.55609,13799
-116.4923,32.55624,13808
-116.49115,32.55647,13824
-116.49051,32.55663,13832
-116.48936,32.55685,13846
-116.48879,32.55695,13854
-116.48762,32.55716,13870
-116.48705,32.55726,13878
-116.48592,32.55745,13894
-116.48528,32.55758,13902
-116.48409,32.55772,13918
-116.48348,32.55782,13926
-116.48229,32.55796,13943
-116.48175,32.55801,13951
-116.48054,32.55817,13966
-116.47992,32.55822,13973
-116.47873,32.55835,13988
-116.47808,32.55844,13997
-116.47753,32.55849,14004
-116.47631,32.55863,14019
-116.47504,32.55879,14034
-116.47449,32.55885,14043
-116.47329,32.55899,14059
-116.47266,32.55909,14067
-116.47153,32.55921,14081
-116.47091,32.55929,14089
-116.46975,32.5594,14105
-116.46921,32.55941,14113
-116.46806,32.55948,14128
-116.46745,32.55953,14136
-116.46637,32.5596,14150
-116.46574,32.55966,14158
-116.46465,32.55973,14174
-116.46412,32.55975,14181
-116.46299,32.55985,14197
-116.4625,32.55986,14205
-116.46143,32.55997,14220
-116.46089,32.56006,14227
-116.45985,32.56012,14242
-116.45925,32.5602,14251
-116.45821,32.56028,14263
-116.4577,32.56025,14271
-116.45665,32.56036,14286
-116.45621,32.56038,14295
-116.45564,32.56047,14302
-116.45467,32.56056,14317
-116.45376,32.56063,14334
-116.45317,32.56065,14342
-116.4528,32.56068,14349
-116.45181,32.56074,14363
-116.45081,32.56081,14379
-116.45043,32.5609,14388
-116.44947,32.56096,14403
-116.44904,32.56102,14411
-116.44811,32.56111,14426
-116.44767,32.56107,14433
-116.4468,32.5612,14449
-116.44628,32.56115,14457
-116.4459,32.56126,14464
-116.44499,32.5613,14479
-116.4446,32.56136,14486
-116.44375,32.56142,14501
-116.44291,32.56147,14516
-116.44248,32.5615,14523
-116.44205,32.56152,14531
-116.4412,32.56155,14548
-116.44086,32.56161,14557
-116.44003,32.5616,14573
-116.43964,32.56164,14581
-116.43884,32.56167,14599
-116.43839,32.56162,14607
-116.43763,32.56165,14622
-116.43721,32.56164,14630
-116.43645,32.56161,14647
-116.43612,32.56166,14655
-116.43536,32.56164,14671
-116.43504,32.56165,14680
-116.4343,32.56169,14696
-116.43391,32.56165,14703
-116.4332,32.56166,14720
-116.43279,32.5617,14728
-116.43211,32.56168,14744
-116.43182,32.56176,14753
-116.43109,32.56178,14768
-116.43077,32.56177,14775
-116.43009,32.56182,14792
-116.42966,32.56183,14800
-116.42901,32.56189,14815
-116.42861,32.56196,14824
-116.42793,32.56202,14839
-116.4276,32.56202,14846
-116.42688,32.56211,14862
-116.42657,32.56209,14870
-116.42509,32.56229,14901
-116.42439,32.56241,14917
-116.424,32.5624,14924
-116.42327,32.56252,14941
-116.42286,32.56256,14949
-116.42212,32.56266,14965
-116.42172,32.56279,14972
-116.42094,32.56289,14990
-116.42063,32.56298,14998
-116.41984,32.56318,15014
-116.41947,32.56318,15022
-116.4187,32.56339,15038
-116.41833,32.56348,15046
-116.41756,32.56366,15062
-116.41724,32.56385,15070
-116.41646,32.56408,15084
-116.41611,32.56419,15092
-116.41534,32.56448,15108
-116.41494,32.56453,15117
-116.41419,32.56485,15132
-116.41377,32.56501,15140
-116.41299,32.5653,15157
-116.41266,32.56552,15165
-116.41184,32.56584,15180
-116.41148,32.56596,15187
-116.4107,32.56629,15205
-116.41022,32.56644,15212
-116.40943,32.5667,15227
-116.40897,32.56684,15235
-116.40811,32.56711,15252
-116.40771,32.56718,15259
-116.40681,32.56743,15276
-116.4064,32.56752,15284
-116.4055,32.5677,15301
-116.40499,32.56783,15309
-116.40412,32.56799,15324
-116.40363,32.56809,15332
-116.40267,32.56826,15349
-116.40225,32.56833,15356
-116.40128,32.5685,15370
-116.40083,32.5686,15378
-116.39989,32.56874,15395
-116.39936,32.56889,15402
-116.39842,32.56903,15417
-116.39789,32.56913,15426
-116.39698,32.5693,15443
-116.39653,32.56931,15450
-116.39556,32.56946,15467
-116.39519,32.5695,15474
-116.39423,32.56963,15489
-116.39377,32.5697,15497
-116.39285,32.56981,15512
-116.3923,32.56988,15520
-116.39145,32.57,15535
-116.39096,32.57003,15543
-116.39008,32.57013,15558
-116.38972,32.57018,15566
-116.38882,32.57029,15582
-116.38852,32.57039,15590
-116.38766,32.57053,15606
-116.38699,32.57065,15619
-116.38663,32.57078,15627
-116.38575,32.57095,15643
-116.38537,32.57111,15653
-116.38454,32.57128,15670
-116.38416,32.57138,15678
-116.38333,32.57164,15694
-116.38293,32.57167,15703
-116.3821,32.57195,15717
-116.38171,32.57201,15727
-116.38084,32.57226,15742
-116.38049,32.57241,15750
-116.37961,32.57261,15766
-116.37892,32.57281,15780
-116.37853,32.5729,15788
-116.37765,32.57309,15805
-116.37727,32.57326,15813
-116.37641,32.57345,15831
-116.37595,32.57357,15838
-116.37515,32.5738,15856
-116.37475,32.57383,15865
-116.37392,32.57412,15883
-116.37362,32.57416,15891
-116.37283,32.57441,15906
-116.37253,32.57452,15915
-116.37186,32.57476,15934
-116.37145,32.57489,15942
-116.37084,32.57514,15958
-116.37042,32.57528,15968
-116.3698,32.57552,15984
-116.36947,32.57565,15993
-116.36877,32.5759,16013
-116.36852,32.57605,16021
-116.36781,32.5763,16039
-116.36754,32.57649,16048
-116.36686,32.57675,16065
-116.36648,32.5769,16072
-116.36584,32.5772,16090
-116.36542,32.57729,16099
-116.36474,32.5776,16114
-116.36335,32.57819,16150
-116.36298,32.57832,16158
-116.36229,32.57867,16178
-116.36189,32.57873,16186
-116.36119,32.57909,16200
-116.36078,32.57916,16210
-116.36006,32.57944,16227
-116.35972,32.5796,16235
-116.359,32.57981,16252
-116.3587,32.58002,16262
-116.35795,32.58021,16277
-116.35764,32.58035,16286
-116.35696,32.58057,16303
-116.35661,32.5806,16311
-116.35598,32.58079,16324
-116.35558,32.58083,16333
-116.35498,32.58102,16347
-116.35466,32.58111,16355
-116.35424,32.58128,16369
-116.35374,32.58149,16384
-116.35337,32.58159,16392
-116.35284,32.5818,16407
-116.35251,32.58192,16416
-116.3519,32.58215,16431
-116.35164,32.58228,16439
-116.35096,32.58252,16457
-116.35076,32.58268,16465
-116.35014,32.58294,16479
-116.34985,32.58307,16486
-116.3493,32.58334,16504
-116.34893,32.58347,16511
-116.34839,32.58369,16525
-116.34805,32.5838,16535
-116.34748,32.58399,16550
-116.34725,32.58411,16557
-116.34666,32.58422,16571
-116.34647,32.58432,16579
-116.34591,32.58448,16595
-116.34564,32.58454,16601
-116.34515,32.58474,16618
-116.34478,32.58483,16626
-116.34428,32.58501,16642
-116.34395,32.58516,16650
-116.34338,32.58538,16665
-116.34312,32.58546,16672
-116.34249,32.58574,16688
-116.34216,32.58577,16696
-116.34153,32.58606,16710
-116.34117,32.58616,16718
-116.34051,32.5864,16733
-116.34024,32.58654,16740
-116.33952,32.58671,16755
-116.33932,32.58684,16762
-116.33865,32.58699,16776
-116.33838,32.58709,16783
-116.33783,32.58725,16800
-116.33746,32.58731,16807
-116.33694,32.58746,16821
-116.33658,32.58751,16831
-116.33603,32.58764,16846
-116.33577,32.58774,16854
-116.33513,32.58787,16870
-116.33495,32.58796,16877
-116.33427,32.58813,16890
-116.33403,32.58818,16899
-116.33341,32.58834,16915
-116.33303,32.58838,16922
-116.33247,32.58847,16937
-116.33212,32.58861,16946
-116.33152,32.58867,16959
-116.33128,32.58873,16966
-116.33067,32.58886,16982
-116.33031,32.58884,16990
-116.32978,32.58895,17005
-116.32938,32.58902,17014
-116.32884,32.58908,17030
-116.32864,32.58915,17037
-116.32809,32.58928,17053
-116.32784,32.58924,17060
-116.32737,32.58943,17074
-116.32701,32.58946,17083
-116.32658,32.58963,17098
-116.32634,32.58975,17105
-116.32584,32.58993,17123
-116.32572,32.59,17131
-116.3252,32.59024,17147
-116.32503,32.59029,17157
-116.32457,32.59054,17169
-116.32433,32.59067,17177
-116.32388,32.59088,17195
-116.32361,32.5911,17204
-116.32315,32.5913,17219
-116.32285,32.59146,17228
-116.32234,32.59172,17248
-116.32209,32.59181,17256
-116.32153,32.59211,17273
-116.3213,32.59217,17281
-116.3207,32.59245,17299
-116.32042,32.59254,17306
-116.31987,32.59274,17325
-116.31868,32.59331,17363
-116.31845,32.59338,17372
-116.31798,32.59365,17385
-116.31739,32.59393,17403
-116.31713,32.59403,17409
-116.31653,32.59439,17427
-116.31622,32.59443,17436
-116.3156,32.5948,17452
-116.31528,32.59492,17461
-116.31464,32.59521,17478
-116.31438,32.59542,17487
-116.31373,32.59564,17505
-116.31348,32.59585,17515
-116.31287,32.59607,17531
-116.31258,32.59621,17541
-116.31199,32.59647,17561
-116.31165,32.59652,17570
-116.31109,32.59677,17587
-116.3108,32.59678,17597
-116.31022,32.59698,17614
-116.30997,32.59705,17623
-116.30942,32.59718,17643
-116.30916,32.59732,17652
-116.30866,32.5974,17669
-116.30835,32.59751,17679
-116.30787,32.59762,17695
-116.30761,32.59764,17702
-116.30704,32.59776,17719
-116.30688,32.5978,17728
-116.3063,32.59789,17744
-116.30615,32.59797,17754
-116.30564,32.598,17770
-116.30524,32.598,17785
-116.30502,32.59803,17793
-116.30455,32.59801,17812
-116.30429,32.59811,17821
-116.30386,32.59806,17837
-116.30359,32.59809,17847
-116.30313,32.59809,17865
-116.30291,32.59805,17872
-116.30244,32.59807,17889
-116.3023,32.598,17899
-116.30183,32.59802,17915
-116.30164,32.59803,17924
-116.30125,32.59803,17942
-116.30096,32.59806,17950
-116.30061,32.59808,17965
-116.30032,32.59813,17975
-116.29996,32.59818,17993
-116.29977,32.5982,18001
-116.29935,32.59829,18020
-116.29926,32.59828,18028
-116.29881,32.59839,18045
-116.29873,32.59841,18054
-116.29834,32.59849,18070
-116.29816,32.59854,18079
-116.29784,32.59867,18098
-116.29762,32.59868,18106
-116.29737,32.59883,18121
-116.29718,32.59883,18131
-116.29694,32.59901,18147
-116.29682,32.59909,18155
-116.29659,32.59923,18175
-116.29647,32.59939,18182
-116.2962,32.59948,18198
-116.29604,32.59964,18207
-116.29575,32.59978,18223
-116.29559,32.59982,18231
-116.2952,32.59999,18249
-116.2951,32.6,18257
-116.29463,32.60015,18273
-116.29454,32.60018,18285
-116.29401,32.60033,18299
-116.29384,32.60038,18310
-116.29337,32.60049,18326
-116.29311,32.60052,18335
-116.29285,32.60065,18351
-116.29238,32.60079,18367
-116.29226,32.60083,18375
-116.29184,32.60098,18392
-116.29158,32.60102,18400
-116.29123,32.6012,18419
-116.29091,32.60135,18427
-116.29052,32.60147,18442
-116.29031,32.60166,18453
-116.28987,32.60184,18469
-116.28965,32.60192,18476
-116.28923,32.60213,18495
-116.28895,32.60216,18502
-116.2886,32.60233,18517
-116.28831,32.60235,18526
-116.2879,32.60251,18542
-116.28768,32.60255,18551
-116.28719,32.60263,18570
-116.28704,32.60273,18580
-116.28653,32.60275,18596
-116.28621,32.60286,18608
-116.28596,32.60282,18618
-116.28548,32.60288,18635
-116.28527,32.60292,18643
-116.28428,32.60292,18679
-116.28379,32.60298,18697
-116.28364,32.60292,18706
-116.28316,32.60301,18723
-116.28298,32.60297,18734
-116.28256,32.60303,18751
-116.28228,32.60306,18759
-116.28183,32.60303,18777
-116.28153,32.60312,18786
-116.28109,32.60303,18802
-116.28087,32.60309,18810
-116.28038,32.60303,18828
-116.28015,32.603,18837
-116.27964,32.60299,18854
-116.27949,32.6029,18862
-116.27896,32.60289,18880
-116.27882,32.60279,18890
-116.27832,32.60278,18904
-116.27816,32.6027,18914
-116.27768,32.60258,18930
-116.2774,32.60255,18938
-116.27699,32.60239,18958
-116.27667,32.60237,18967
-116.2763,32.6022,18982
-116.27601,32.60214,18993
-116.2756,32.60196,19008
-116.27543,32.60184,19017
-116.27496,32.60168,19035
-116.27489,32.6016,19042
-116.2745,32.60144,19059
-116.27442,32.60134,19069
-116.2741,32.60121,19086
-116.27379,32.60112,19101
-116.27374,32.60106,19110
-116.27341,32.60096,19130
-116.27338,32.60087,19139
-116.27316,32.60081,19155
-116.27303,32.60075,19164
-116.27287,32.6007,19182
-116.27272,32.60073,19190
-116.27261,32.60067,19209
-116.27248,32.60077,19217
-116.27232,32.60073,19233
-116.27224,32.60085,19243
-116.2721,32.60085,19257
-116.27193,32.60099,19276
-116.27191,32.60113,19283
-116.27171,32.60132,19302
-116.27177,32.60143,19312
-116.27158,32.60162,19325
-116.27157,32.60184,19342
-116.27145,32.60201,19351
-116.27136,32.60228,19368
-116.27133,32.6024,19376
-116.27121,32.60275,19394
-116.27123,32.60282,19402
-116.27108,32.60319,19418
-116.27108,32.60329,19427
-116.27094,32.60356,19444
-116.27085,32.60369,19452
-116.27073,32.60391,19472
-116.27058,32.6041,19480
-116.27044,32.60424,19498
-116.27023,32.60444,19511
-116.27017,32.60446,19522
-116.2699,32.60467,19539
-116.26967,32.60484,19553
-116.26957,32.60489,19563
-116.26923,32.60512,19581
-116.2691,32.6051,19590
-116.2688,32.60529,19608
-116.26857,32.60535,19617
-116.26825,32.60545,19636
-116.26815,32.60557,19644
-116.26774,32.60569,19664
-116.26765,32.60567,19673
-116.26725,32.60584,19690
-116.26698,32.60583,19699
-116.26659,32.60593,19717
-116.26637,32.606,19726
-116.26593,32.60607,19745
-116.26585,32.60609,19754
-116.26541,32.6062,19774
-116.26528,32.60616,19783
-116.26506,32.60628,19792
-116.26466,32.60631,19815
-116.26451,32.60627,19823
-116.26421,32.60635,19843
-116.26396,32.6063,19852
-116.26372,32.6063,19871
-116.26344,32.60632,19881
-116.26315,32.60628,19899
-116.26302,32.60631,19907
-116.26273,32.60629,19926
-116.26264,32.60622,19934
-116.26243,32.60625,19955
-116.26226,32.60612,19963
-116.26213,32.60614,19981
-116.26196,32.60606,19991
-116.26183,32.60604,20008
-116.26158,32.606,20039
-116.26157,32.60597,20055
-116.26147,32.60595,20067
-116.26147,32.60592,20076
-116.26143,32.6059,20092
-116.26134,32.60591,20100
-116.26139,32.60593,20126
-116.26125,32.60596,20133
-116.26124,32.60596,20151
-116.26111,32.606,20161
-116.26102,32.60604,20180
-116.26096,32.60603,20188
-116.26073,32.60612,20210
-116.26075,32.60614,20217
-116.26053,32.60621,20236
-116.26057,32.60628,20247
-116.26041,32.6063,20263
-116.26033,32.60639,20272
-116.26019,32.60649,20291
-116.26003,32.6065,20299
-116.25984,32.60669,20319
-116.25977,32.60664,20327
-116.25951,32.60683,20343
-116.25947,32.60683,20353
-116.25918,32.60699,20369
-116.25907,32.60707,20378
-116.25892,32.60721,20398
-116.25871,32.60725,20406
-116.25858,32.60736,20423
-116.25838,32.60735,20433
-116.25828,32.60749,20449
-116.25819,32.60748,20461
-116.25807,32.60759,20478
-116.25803,32.60766,20487
-116.25792,32.60769,20506
-116.25782,32.60779,20513
-116.25773,32.60779,20529
-116.25761,32.60789,20540
-116.25754,32.60793,20557
-116.25745,32.60794,20566
-116.25729,32.608,20585
-116.25728,32.60795,20594
-116.25703,32.60801,20614
-116.25706,32.60798,20622
-116.25679,32.60799,20640
-116.25675,32.60799,20650
-116.25652,32.60795,20669
-116.25637,32.60794,20675
-116.25631,32.60788,20693
-116.25614,32.6078,20701
-116.25609,32.60779,20718
-116.25601,32.60769,20728
-116.25596,32.60766,20742
-116.25592,32.60763,20751
-116.25582,32.60759,20770
-116.25581,32.60767,20779
-116.25577,32.6076,20798
-116.25576,32.60774,20807
-116.25574,32.6077,20824
-116.25576,32.6078,20834
-116.25573,32.60782,20853
-116.25574,32.60788,20860
-116.25574,32.60786,20873
-116.25573,32.60792,20895
-116.25573,32.60804,20900
-116.25576,32.60806,20921
-116.25573,32.60821,20927
-116.25578,32.60822,20945
-116.25573,32.6084,20956
-116.2558,32.60844,20971
-116.25572,32.60856,20981
-116.25576,32.60863,20999
-116.25577,32.60865,21007
-116.2558,32.60877,21026
-116.25582,32.60872,21033
-116.25586,32.60886,21052
-116.25587,32.60879,21061
-116.25592,32.60895,21077
-116.25592,32.60889,21086
-116.25594,32.60904,21104
-116.25601,32.60906,21114
-116.25603,32.60916,21131
-116.25605,32.60929,21140
-116.25616,32.60938,21158
-116.25607,32.60952,21167
-116.25624,32.6097,21184
-116.25616,32.60976,21195
-116.25628,32.60997,21211
-116.25628,32.61,21220
-116.25636,32.61023,21238
-116.25639,32.61032,21246
-116.25639,32.61051,21267
-116.25643,32.6107,21275
-116.25641,32.61086,21294
-116.25642,32.6111,21303
-116.25645,32.6113,21322
-116.25641,32.61151,21334
-116.25641,32.61172,21352
-116.25636,32.6118,21360
-116.25631,32.61203,21379
-116.25637,32.61225,21416
-116.25627,32.61233,21424
-116.25639,32.61244,21445
-116.25628,32.61247,21455
-116.25639,32.61261,21474
-116.25636,32.61264,21485
-116.25641,32.61275,21503
-116.25643,32.61279,21512
-116.25643,32.61286,21532
-116.25648,32.61296,21541
-116.25648,32.61296,21560
-116.25654,32.61308,21570
-116.25648,32.61301,21587
-116.2565,32.61314,21598
-116.25652,32.61301,21616
-116.25648,32.61309,21625
-116.25655,32.61303,21642
-116.25656,32.61304,21650
-116.2566,32.61302,21669
-116.25677,32.613,21682
-116.25671,32.613,21692
-116.25694,32.61302,21709
-116.2569,32.61301,21720
-116.25714,32.61299,21737
-116.25728,32.61297,21749
-116.25742,32.61294,21758
-116.25765,32.61295,21774
-116.25771,32.6129,21781
-116.25803,32.61294,21801
-116.25811,32.61287,21808
-116.25841,32.61292,21827
-116.25856,32.61283,21836
-116.25883,32.61292,21853
-116.25903,32.6129,21864
-116.25926,32.61298,21881
-116.25941,32.61303,21889
-116.2597,32.61309,21909
-116.25974,32.61316,21918
-116.26006,32.61322,21939
-116.26002,32.61322,21949
-116.2603,32.61331,21965
-116.26034,32.61324,21976
-116.26053,32.61333,21993
-116.26066,32.6133,22002
-116.26077,32.61335,22021
-116.26084,32.61339,22030
-116.26089,32.61338,22044
-116.26092,32.61341,22065
-116.26103,32.61335,22074
-116.26099,32.61334,22091
-116.26109,32.61335,22101
-116.26108,32.61329,22117
-116.26109,32.61332,22127
-116.26115,32.61316,22142
-116.26116,32.61316,22148
-116.26126,32.61306,22166
-116.26128,32.61306,22175
-116.26145,32.61296,22193
-116.26147,32.61304,22202
-116.2616,32.61294,22219
-116.2617,32.61304,22229
-116.2618,32.61303,22246
-116.2619,32.61309,22255
-116.26207,32.61311,22273
-116.26213,32.61313,22281
-116.26236,32.61323,22303
-116.26236,32.61324,22311
-116.26254,32.61334,22324
-116.26259,32.61343,22344
-116.26279,32.61354,22353
-116.26281,32.61364,22369
-116.26296,32.61369,22379
-116.26304,32.61385,22399
-116.26311,32.61388,22408
-116.26322,32.61403,22431
-116.26318,32.61411,22440
-116.26332,32.61418,22460
-116.26327,32.6143,22470
-116.26341,32.61425,22487
-116.26337,32.61438,22497
-116.26351,32.61437,22514
-116.26353,32.61444,22525
-116.2636,32.6144,22543
-116.26364,32.61439,22551
-116.26369,32.61435,22574
-116.26374,32.61425,22582
-116.26381,32.61422,22602
-116.26385,32.61407,22610
-116.2639,32.61401,22629
-116.26391,32.61385,22641
-116.264,32.61375,22658
-116.26402,32.61361,22669
-116.26411,32.61348,22689
-116.26415,32.6134,22697
-116.2643,32.6132,22716
-116.26438,32.61318,22724
-116.26455,32.61295,22746
-116.26473,32.61295,22755
-116.26485,32.61269,22775
-116.26508,32.61269,22784
-116.26551,32.61221,22827
-116.26562,32.61226,22836
-116.26581,32.61205,22852
-116.26589,32.61208,22864
-116.26617,32.61187,22878
-116.2662,32.61185,22889
-116.26649,32.61168,22906
-116.26659,32.61158,22916
-116.26691,32.61139,22933
-116.26704,32.61127,22941
-116.26736,32.61115,22958
-116.26746,32.61111,22966
-116.26778,32.61096,22986
-116.26781,32.61091,22994
-116.26817,32.61082,23013
-116.2682,32.61072,23022
-116.26852,32.6107,23039
-116.26859,32.61057,23048
-116.26891,32.61057,23064
-116.26903,32.61045,23076
-116.26926,32.61053,23090
-116.26955,32.61046,23107
-116.26971,32.6105,23116
-116.27,32.61046,23134
-116.27016,32.61045,23142
-116.27049,32.61049,23163
-116.27065,32.61044,23171
-116.27099,32.61058,23192
-116.27113,32.61051,23201
-116.27148,32.61068,23220
-116.27159,32.61063,23230
-116.27197,32.61079,23246
-116.27209,32.61078,23258
-116.27241,32.61093,23275
-116.27254,32.61095,23284
-116.27277,32.61119,23299
-116.27303,32.61128,23313
-116.27318,32.61139,23323
-116.2735,32.61155,23341
-116.27363,32.61163,23350
-116.27399,32.61184,23369
-116.27416,32.61189,23379
-116.27441,32.61209,23396
-116.27463,32.61218,23405
-116.2748,32.61235,23420
-116.27497,32.6125,23429
-116.27518,32.61263,23448
-116.2753,32.61275,23457
-116.27552,32.61291,23474
-116.27566,32.61299,23482
-116.27583,32.61315,23501
-116.27603,32.61321,23509
-116.27612,32.6133,23529
-116.27634,32.61341,23536
-116.27654,32.61343,23555
-116.27667,32.61356,23563
-116.27694,32.6135,23580
-116.27699,32.61358,23588
-116.27734,32.61363,23606
-116.27737,32.61361,23616
-116.27773,32.61375,23633
-116.27784,32.61368,23642
-116.27812,32.61385,23657
-116.27832,32.61379,23667
-116.27858,32.61386,23682
-116.27879,32.61385,23690
-116.27904,32.6139,23709
-116.27923,32.61395,23719
-116.2795,32.61396,23734
-116.27966,32.61402,23746
-116.27985,32.61402,23762
-116.27996,32.61406,23770
-116.28018,32.61403,23783
-116.28045,32.61406,23803
-116.2805,32.6141,23811
-116.28082,32.61413,23832
-116.28082,32.61412,23839
-116.2811,32.61417,23857
-116.28113,32.61408,23867
-116.28138,32.61412,23885
-116.28149,32.61399,23894
-116.28162,32.61402,23911
-116.28181,32.6139,23920
-116.28189,32.61384,23935
-116.28207,32.6138,23945
-116.28217,32.61364,23960
-116.28221,32.61363,23969
-116.28243,32.61346,23986
-116.28249,32.61344,23995
-116.28262,32.61331,24013
-116.28277,32.61325,24023
-116.28288,32.61313,24041
-116.28304,32.61304,24051
-116.2832,32.61291,24069
-116.28336,32.61282,24079
-116.28355,32.61268,24099
-116.28361,32.61261,24108
-116.28387,32.61244,24129
-116.28387,32.61238,24137
-116.28415,32.6122,24158
-116.28444,32.61195,24196
-116.28465,32.61186,24205
-116.28479,32.61172,24225
-116.285,32.61161,24233
-116.28515,32.61148,24254
-116.28543,32.61138,24264
-116.28558,32.61125,24282
-116.28585,32.61118,24293
-116.28602,32.61106,24310
-116.28626,32.61103,24322
-116.28645,32.61088,24340
-116.28664,32.61087,24351
-116.28691,32.61073,24369
-116.28699,32.6107,24378
-116.28725,32.61061,24398
-116.28731,32.61049,24406
-116.28755,32.61044,24426
-116.28767,32.61029,24434
-116.28781,32.61026,24455
-116.28797,32.61009,24463
-116.28804,32.60999,24481
-116.28823,32.60991,24491
-116.28828,32.60979,24509
-116.28848,32.60973,24521
-116.28854,32.60958,24539
-116.28868,32.60951,24549
-116.28874,32.60933,24568
-116.28886,32.60925,24577
-116.28889,32.60904,24593
-116.28896,32.60894,24601
-116.2891,32.60875,24619
-116.2891,32.60862,24629
-116.28933,32.60848,24645
-116.28936,32.60828,24654
-116.2896,32.60815,24672
-116.28959,32.60804,24680
-116.28979,32.60788,24697
-116.28988,32.60777,24707
-116.29001,32.60758,24725
-116.29015,32.60748,24736
-116.29025,32.60725,24752
-116.29041,32.60718,24763
-116.29052,32.60692,24778
-116.2906,32.60688,24787
-116.2908,32.60662,24804
-116.29083,32.6065,24813
-116.29108,32.60638,24830
-116.29118,32.6062,24837
-116.29138,32.60606,24854
-116.29157,32.60589,24867
-116.29161,32.60576,24877
-116.29186,32.6057,24895
-116.2919,32.60554,24904
-116.29214,32.60551,24924
-116.29222,32.60535,24932
-116.29242,32.60532,24951
-116.2925,32.60521,24958
-116.29269,32.60514,24978
-116.29278,32.60509,24986
-116.29294,32.60502,25006
-116.29301,32.60495,25014
-116.29314,32.60488,25034
-116.29318,32.60481,25039
-116.29335,32.60475,25057
-116.29337,32.6047,25064
-116.29346,32.60458,25082
-116.29346,32.60453,25091
-116.29357,32.60449,25106
-116.29357,32.60441,25115
-116.29369,32.60431,25132
-116.29371,32.60427,25141
-116.29375,32.60405,25159
-116.29384,32.60405,25169
-116.2938,32.60379,25186
-116.29391,32.60374,25194
-116.2939,32.6035,25213
-116.29399,32.60344,25220
-116.29403,32.60326,25238
-116.29407,32.60316,25249
-116.29416,32.60308,25266
-116.29409,32.60298,25275
-116.2942,32.60295,25293
-116.29409,32.60287,25302
-116.29417,32.60292,25320
-116.29411,32.60286,25329
-116.29409,32.60278,25347
-116.29411,32.60276,25357
-116.29398,32.60263,25375
-116.29405,32.60261,25385
-116.29401,32.60246,25403
-116.29397,32.60242,25413
-116.29404,32.60238,25431
-116.29401,32.60226,25440
-116.29409,32.60221,25458
-116.29409,32.60214,25468
-116.29412,32.60198,25485
-116.29422,32.60192,25494
-116.2942,32.60176,25512
-116.29428,32.60166,25520
-116.29439,32.60147,25539
-116.29464,32.60119,25566
-116.29478,32.601,25584
-116.29486,32.60087,25594
-116.29496,32.60076,25612
-116.29508,32.60061,25621
-116.29514,32.60048,25640
-116.29524,32.60033,25648
-116.29543,32.60016,25665
-116.2955,32.6001,25674
-116.29563,32.59982,25691
-116.29575,32.5998,25699
-116.29588,32.59961,25718
-116.29595,32.59953,25727
-116.29619,32.59945,25745
-116.29618,32.59936,25753
-116.29639,32.5993,25733
-116.29651,32.59927,25672
-116.29671,32.59915,25474
-116.29681,32.59906,25356
-116.29684,32.59886,25115
-116.29691,32.59871,24989
-116.29715,32.5985,24752
-116.29733,32.59835,24640
-116.29755,32.59814,24412
-116.29762,32.59803,24293
-116.29773,32.59785,24061
-116.29778,32.59776,23943
-116.29794,32.59756,23694
-116.298,32.59748,23573
-116.29818,32.59744,23349
-116.29837,32.59748,23233
-116.29861,32.59746,22999
-116.29871,32.59738,22888
-116.29902,32.5972,22669
-116.29905,32.59713,22552
-116.29911,32.59702,22327
-116.29915,32.59696,22224
-116.29939,32.59685,22010
-116.29958,32.59684,21899
-116.29981,32.59683,21687
-116.29994,32.59681,21576
-116.30016,32.59681,21351
-116.30028,32.59687,21236
-116.30056,32.59696,21004
-116.30057,32.59702,20890
-116.30072,32.59696,20675
-116.30067,32.59698,20576
-116.30044,32.59704,20405
-116.3003,32.59698,20320
-116.29998,32.59696,20158
-116.29992,32.59692,20080
-116.29964,32.5968,19924
-116.29952,32.59678,19847
-116.29917,32.59666,19696
-116.29893,32.59666,19620
-116.29864,32.59667,19472
-116.29848,32.59669,19399
-116.29832,32.59688,19257
-116.29824,32.5969,19187
-116.29805,32.59696,19049
-116.29797,32.59689,18980
-116.29762,32.5968,18843
-116.29746,32.59673,18776
-116.29694,32.59672,18640
-116.29671,32.5967,18573
-116.29615,32.59685,18438
-116.29594,32.59694,18372
-116.29545,32.59722,18242
-116.29532,32.59734,18175
-116.29496,32.59756,18046
-116.29486,32.59764,17981
-116.2945,32.59772,17856
-116.29428,32.59779,17794
-116.29385,32.59784,17671
-116.29356,32.59785,17609
-116.29298,32.59797,17487
-116.29269,32.59802,17427
-116.29205,32.59819,17308
-116.29154,32.59838,17219
-116.29131,32.5985,17160
-116.29076,32.59872,17042
-116.29048,32.59884,16983
-116.28996,32.59896,16867
-116.28967,32.59898,16809
-116.28902,32.59912,16693
-116.28876,32.59922,16635
-116.28817,32.59942,16522
-116.28785,32.59957,16465
-116.28728,32.59982,16353
-116.28695,32.59989,16297
-116.28629,32.60014,16187
-116.28598,32.60027,16132
-116.28525,32.60053,16023
-116.28489,32.60072,15968
-116.28412,32.60096,15858
-116.28368,32.6011,15804
-116.28288,32.60136,15697
-116.28245,32.60145,15644
-116.28164,32.60169,15536
-116.28123,32.60175,15483
-116.27943,32.60226,15274
-116.27867,32.60258,15169
-116.27824,32.60275,15117
-116.27758,32.60308,15013
-116.27721,32.60319,14962
-116.27665,32.60339,14858
-116.2763,32.6034,14806
-116.27566,32.60349,14705
-116.27533,32.60345,14654
-116.27457,32.60347,14553
-116.27422,32.60343,14503
-116.27331,32.60342,14404
-116.27287,32.60343,14355
-116.27176,32.60339,14257
-116.27122,32.60344,14209
-116.27003,32.60348,14112
-116.26944,32.60359,14063
-116.26826,32.60369,13967
-116.26768,32.60382,13918
-116.26651,32.60398,13822
-116.26589,32.60415,13774
-116.26474,32.60442,13680
-116.2641,32.60461,13633
-116.26305,32.60495,13539
-116.26247,32.60512,13493
-116.26152,32.60544,13400
-116.26099,32.60556,13355
-116.26009,32.60585,13264
-116.25962,32.60593,13218
-116.25874,32.6062,13127
-116.25809,32.60627,13058
-116.25764,32.60635,13013
-116.25668,32.60626,12918
-116.2562,32.60622,12874
-116.255,32.60611,12784
-116.25436,32.60596,12737
-116.25297,32.60582,12645
-116.25225,32.60573,12602
-116.25067,32.6057,12513
-116.24991,32.60572,12467
-116.24828,32.60572,12376
-116.24746,32.6058,12329
-116.24599,32.60587,12240
-116.24521,32.6059,12198
-116.2438,32.60608,12115
-116.24305,32.60611,12074
-116.24169,32.60631,11991
-116.24101,32.60634,11951
-116.23972,32.60649,11869
-116.23885,32.6065,11808
-116.23822,32.60655,11768
-116.23708,32.60649,11685
-116.23643,32.60643,11642
-116.23534,32.60621,11560
-116.23474,32.60604,11519
-116.23378,32.60566,11435
-116.23333,32.6054,11390
-116.23241,32.60501,11303
-116.232,32.60482,11263
-116.23102,32.60434,11180
-116.23058,32.60415,11137
-116.22968,32.60358,11057
-116.22915,32.6033,11018
-116.22823,32.60257,10941
-116.22764,32.60224,10902
-116.22653,32.60151,10823
-116.22589,32.60111,10783
-116.22469,32.60038,10698
-116.22413,32.60006,10649
-116.22304,32.59919,10559
-116.22252,32.59875,10519
-116.22134,32.59793,10437
-116.22085,32.59756,10394
-116.2197,32.59682,10314
-116.21914,32.59652,10271
-116.2179,32.59567,10190
-116.21732,32.59528,10146
-116.21619,32.59439,10066
-116.21573,32.59391,10025
-116.21471,32.59297,9945
-116.21408,32.59257,9899
-116.2131,32.59174,9821
-116.21255,32.59122,9780
-116.21133,32.59025,9725
-116.21075,32.58979,9685
-116.20977,32.58886,9584
-116.20921,32.58854,9492
-116.20762,32.58727,9309
-116.20657,32.58627,9224
-116.20603,32.58575,9175
-116.20493,32.58481,9061
-116.20438,32.58435,8999
-116.20335,32.58345,8889
-116.2028,32.58291,8854
-116.20186,32.582,8767
-116.20129,32.58157,8713
-116.20031,32.5807,8599
-116.19982,32.58018,8573
-116.19868,32.57905,8517
-116.19666,32.57708,8365
-116.19604,32.57662,8323
-116.19476,32.57579,8255
-116.19423,32.57533,8213
-116.19328,32.57441,8136
-116.19285,32.57406,8103
-116.19193,32.57335,8027
-116.1913,32.57297,7982
-116.19002,32.57222,7894
-116.18943,32.5718,7851
-116.18839,32.57106,7762
-116.18789,32.57078,7720
-116.18684,32.57034,7643
-116.1863,32.57014,7604
-116.1852,32.56974,7526
-116.18464,32.56954,7486
-116.18362,32.56905,7407
-116.18311,32.56882,7369
-116.1819,32.56823,7291
-116.18125,32.56786,7248
-116.17989,32.56723,7168
-116.17924,32.56687,7131
-116.17812,32.56598,7053
-116.1777,32.56552,7013
-116.17699,32.56472,6933
-116.17664,32.5644,6892
-116.17593,32.56387,6816
-116.17559,32.56359,6780
-116.17496,32.56301,6705
-116.17449,32.56273,6666
-116.17357,32.56202,6584
-116.17308,32.5617,6544
-116.17213,32.56089,6467
-116.17175,32.56058,6428
-116.17078,32.56006,6346
-116.17025,32.55975,6306
-116.16937,32.55901,6229
-116.16898,32.55863,6190
-116.16838,32.55793,6116
-116.16811,32.55766,6080
-116.16754,32.55702,6005
-116.16723,32.55663,5969
-116.16637,32.55588,5896
-116.16588,32.55559,5860
-116.16507,32.555,5778
-116.16462,32.5547,5735
-116.16389,32.55423,5658
-116.16354,32.55403,5614
-116.16275,32.55368,5544
-116.16238,32.55342,5514
-116.16164,32.55284,5456
-116.16132,32.55261,5420
-116.16084,32.55214,5348
-116.16064,32.55188,5309
-116.16029,32.55126,5239
-116.1601,32.55093,5205
-116.15948,32.55029,5135
-116.15916,32.55005,5100
-116.15849,32.54972,5024
-116.15825,32.54961,4988
-116.15782,32.54933,4914
-116.1575,32.54899,4855
-116.15714,32.54872,4820
-116.15646,32.54829,4744
-116.15627,32.54811,4712
-116.1557,32.54763,4639
-116.15533,32.5475,4602
-116.15479,32.54728,4540
-116.15448,32.54704,4487
-116.15429,32.54686,4452
-116.15397,32.54637,4383
-116.15369,32.54617,4344
-116.15319,32.54576,4265
-116.15295,32.54544,4227
-116.1524,32.54491,4154
-116.15202,32.54472,4120
-116.15131,32.5444,4055
-116.15104,32.54428,4021
-116.15063,32.54416,3950
-116.15053,32.54408,3919
-116.15032,32.54387,3850
-116.15026,32.5438,3823
-116.15008,32.54359,3760
-116.14998,32.54342,3727
-116.14979,32.54298,3663
-116.1497,32.54285,3633
-116.14951,32.54271,3571
-116.14945,32.54263,3543
-116.14928,32.54224,3483
-116.14911,32.54202,3455
-116.14861,32.54163,3396
-116.14845,32.54151,3358
-116.14815,32.54115,3287
-116.14799,32.54106,3254
-116.14784,32.54072,3186
-116.14749,32.5404,3092
-116.14745,32.54021,3059
-116.147,32.5396,2962
-116.14687,32.53844,2779
-116.1469,32.53811,2658
-116.14702,32.53798,2598
-116.14709,32.53788,2571
-116.14717,32.53767,2507
-116.14713,32.53762,2472
-116.147,32.53749,2375
-116.14715,32.53742,2312
-116.14726,32.53727,2279
-116.14732,32.53699,2222
-116.14745,32.53688,2188
-116.14774,32.53661,2125
-116.14789,32.53648,2095
-116.14811,32.53617,2035
-116.14822,32.53609,2010
-116.14856,32.53584,1958
-116.14881,32.53559,1874
-116.14899,32.53548,1841
-116.14921,32.53513,1776
-116.14926,32.53505,1746
-116.14935,32.53503,1683
-116.14951,32.53496,1651
-116.14976,32.5347,1585
-116.14983,32.53456,1558
-116.14994,32.53459,1504
-116.15015,32.53453,1469
-116.15019,32.53445,1442
-116.1506,32.53439,1349
-116.15075,32.53432,1289
-116.1513,32.53464,1113
            </coordinates>
          </LineString>
        </Placemark>
          </Folder>
          <Folder>
        <name>WB0URW-15</name>

            <Placemark>
        <description><![CDATA[<b>Vehicle:</b> WB0URW-15<br /><b>Time:</b> 2022-02-27 05:02:31<br /><b>Position:</b> 42.2708333333,158.875<br /><b>Altitude:</b> 11899.6968 m<br /><b>Speed:</b> 166.68 km/h<br /></br><b>Data</b></br><hr/><b>comment: </b>12 Sats 3.30V 11900m 25C QN92KG QZ8AKG WB0URW PENS Pico Balloon 2399<br/>]]></description>
         <name>WB0URW-15</name>
        <LookAt>
          <longitude>158.875</longitude>
          <latitude>42.2708333333</latitude>
          <altitude>11899.6968</altitude>
          <altitudeMode>absolute</altitudeMode>
          <range>20000</range>
          <tilt>25</tilt>
          <heading>80</heading>
        </LookAt>
        <visibility>1</visibility>
        <styleUrl>#balloon4</styleUrl>
        <Point>
          <extrude>0</extrude>
          <altitudeMode>absolute</altitudeMode>
          <coordinates>158.875,42.2708333333,11899.6968</coordinates>
        </Point>
        </Placemark>
            <Placemark>
          <name>Track Segment #1</name>
          <visibility>1</visibility>
          <Style>
            <LineStyle>
              <color>ffe600c7</color>
              <width>4</width>
            </LineStyle>
            <PolyStyle>
              <color>7fffffff</color>
            </PolyStyle>
          </Style>
          <LineString>
           <extrude>1</extrude>
            <tessellate>1</tessellate>
            <altitudeMode>absolute</altitudeMode>
            <coordinates>
106.291666667,43.3958333333,12119.7624
106.875,43.1458333333,12119.7624
107.041666667,43.0625,12179.808
107.208166667,42.979,12119.7624
107.375,42.8958333333,12179.808
107.625,42.8125,12119.7624
107.791666667,42.729,12119.7624
108.375,42.4375,12119.7624
108.541666667,42.354,12059.7168
108.791666667,42.2708333333,12119.7624
108.958166667,42.1875,12119.7624
109.125,42.104,12119.7624
110.458166667,41.6875,12059.7168
110.708166667,41.604,12119.7624
110.958166667,41.5625,12119.7624
111.208166667,41.5208333333,12059.7168
111.458166667,41.4375,12059.7168
111.625,41.3958333333,12059.7168
111.875,41.3125,12119.7624
112.125,41.2708333333,12119.7624
112.375,41.1875,12059.7168
112.708166667,41.1458333333,12119.7624
112.958166667,41.0625,11999.976
113.208166667,41.0208333333,12059.7168
113.541666667,40.9375,12059.7168
113.791666667,40.854,11999.976
114.041666667,40.7708333333,11999.976
145.541666667,40.1458333333,11779.9104
145.958166667,40.229,11839.956
146.375,40.354,11779.9104
146.708166667,40.4375,11779.9104
147.125,40.5208333333,11779.9104
147.958166667,40.6875,11779.9104
148.375,40.7708333333,11779.9104
148.791666667,40.854,11779.9104
149.208166667,40.979,11719.8648
149.625,41.0625,11659.8192
150.041666667,41.1458333333,11719.8648
150.458166667,41.229,11719.8648
150.875,41.3125,11719.8648
151.208166667,41.354,11719.8648
152.041666667,41.4375,11719.8648
152.458166667,41.479,11719.8648
152.791666667,41.5208333333,11779.9104
153.208166667,41.604,11719.8648
153.541666667,41.6458333333,11779.9104
153.958166667,41.6875,11719.8648
154.291666667,41.729,11779.9104
154.625,41.7708333333,11779.9104
155.375,41.854,11779.9104
155.791666667,41.8958333333,11839.956
158.875,42.2708333333,11899.6968
            </coordinates>
          </LineString>
        </Placemark>
          </Folder>
    
</Document>
</kml>

